Country,Year,Status,Life_expectancy,Alcohol,Hepatitis_B,BMI,Polio,Diphtheria,HIV_AIDS,GDP,thinness _1_19_years,thinness_5_9_years,Iso_code,Region,Region_encoded,Schooling,Measles
Afghanistan,2000,0,54.8,0.01,62.0,12.2,24.0,24.0,0.1,114.56,2.3,2.5,AFG,Asia,1,1.264052241,27.0
Afghanistan,2001,0,55.3,0.01,63.0,12.6,35.0,33.0,0.1,117.49698,2.1,2.4,AFG,Asia,1,1.315550666,37.0
Afghanistan,2002,0,56.2,0.01,64.0,13.0,36.0,36.0,0.1,187.84595,19.9,2.2,AFG,Asia,1,1.367049091,35.0
Afghanistan,2003,0,56.7,0.01,65.0,13.4,41.0,41.0,0.1,198.7285436,19.7,19.9,AFG,Asia,1,1.418547515,39.0
Afghanistan,2004,0,57.0,0.02,95.0,13.8,95.0,95.0,0.1,219.1413528,19.5,19.7,AFG,Asia,1,1.47004594,48.0
Afghanistan,2005,0,57.3,0.02,66.0,14.2,58.0,58.0,0.1,25.2941299,19.3,19.5,AFG,Asia,1,1.521544365,50.0
Afghanistan,2006,0,57.3,0.03,64.0,14.7,58.0,58.0,0.1,272.56377,19.2,19.3,AFG,Asia,1,1.595280745,53.0
Afghanistan,2007,0,57.5,0.02,63.0,15.2,63.0,63.0,0.1,369.835796,19.0,19.1,AFG,Asia,1,1.669017126,55.0
Afghanistan,2008,0,58.1,0.03,64.0,15.7,64.0,64.0,0.1,373.3611163,18.8,18.9,AFG,Asia,1,1.742753507,59.0
Afghanistan,2009,0,58.6,0.01,63.0,16.2,63.0,63.0,0.1,445.8932979,18.6,18.7,AFG,Asia,1,1.816489888,60.0
Afghanistan,2010,0,58.8,0.01,66.0,16.7,66.0,66.0,0.1,553.32894,18.4,18.4,AFG,Asia,1,1.890226268,62.0
Afghanistan,2011,0,59.2,0.01,68.0,17.2,68.0,68.0,0.1,63.537231,18.2,18.2,AFG,Asia,1,1.937043018,64.0
Afghanistan,2012,0,59.5,0.01,67.0,17.6,67.0,67.0,0.1,669.959,17.9,18.0,AFG,Asia,1,1.983859768,59.0
Afghanistan,2013,0,59.9,0.01,64.0,18.1,62.0,64.0,0.1,631.744976,17.7,17.7,AFG,Asia,1,2.030676517,57.0
Afghanistan,2014,0,59.9,0.01,62.0,18.6,58.0,62.0,0.1,612.696514,17.5,17.5,AFG,Asia,1,2.077493267,60.0
Afghanistan,2015,0,65.0,0.01,95.0,19.1,95.0,65.0,0.1,584.25921,17.2,17.3,AFG,Asia,1,2.124310017,62.0
Angola,2000,0,45.3,1.85,87.0,15.4,82.0,28.0,2.0,555.2969419,1.9,1.9,AGO,Africa,0,3.425745773,41.0
Angola,2001,0,45.7,2.58,87.0,15.8,41.0,38.0,2.1,526.168743,1.7,1.7,AGO,Africa,0,3.464791,72.0
Angola,2002,0,46.5,2.82,87.0,16.3,37.0,41.0,2.3,711.181716,1.5,1.5,AGO,Africa,0,3.505191693,74.0
Angola,2003,0,46.8,3.49,87.0,16.8,82.0,83.0,2.4,779.468356,1.4,1.3,AGO,Africa,0,3.545592386,62.0
Angola,2004,0,47.1,3.53,87.0,17.2,82.0,83.0,2.5,141.86844,1.2,1.1,AGO,Africa,0,3.585993079,64.0
Angola,2005,0,47.4,5.04,87.0,17.7,39.0,38.0,2.6,1443.991929,1.0,9.9,AGO,Africa,0,3.626393772,45.0
Angola,2006,0,47.7,5.84,87.0,18.2,36.0,34.0,2.5,262.415149,9.8,9.7,AGO,Africa,0,3.666794465,48.0
Angola,2007,0,48.2,6.35,73.0,18.8,75.0,73.0,2.6,2878.837144,9.6,9.6,AGO,Africa,0,3.707195158,58.0
Angola,2008,0,48.7,7.07,69.0,19.3,65.0,69.0,2.6,3868.578883,9.5,9.4,AGO,Africa,0,3.747595851,58.0
Angola,2009,0,49.1,7.01,61.0,19.8,63.0,83.0,2.5,3347.84485,9.3,9.2,AGO,Africa,0,3.787996544,58.0
Angola,2010,0,49.6,7.8,77.0,2.4,81.0,77.0,2.5,3529.53482,9.1,9.0,AGO,Africa,0,3.828397237,59.0
Angola,2011,0,51.0,8.06,72.0,21.0,73.0,71.0,2.5,4299.12889,8.9,8.8,AGO,Africa,0,3.86879793,59.0
Angola,2012,0,56.0,8.24,75.0,21.5,75.0,75.0,2.6,4598.249988,8.8,8.6,AGO,Africa,0,3.909198623,59.0
Angola,2013,0,51.1,8.1,77.0,22.1,67.0,77.0,2.3,484.616884,8.6,8.5,AGO,Africa,0,3.949599316,59.0
Angola,2014,0,51.7,8.33,64.0,22.7,68.0,64.0,2.0,479.31224,8.5,8.3,AGO,Africa,0,3.99000001,56.0
Angola,2015,0,52.4,6.31,87.0,23.3,82.0,64.0,1.9,3695.793748,8.3,8.2,AGO,Africa,0,5.315629959,52.0
Albania,2000,0,72.6,3.66,96.0,45.0,97.0,97.0,0.1,1175.788981,2.1,2.2,ALB,Europe,2,8.750521307,95.0
Albania,2001,0,73.6,4.25,96.0,46.0,97.0,97.0,0.1,1326.97339,2.1,2.1,ALB,Europe,2,8.819999695,95.0
Albania,2002,0,73.3,3.73,96.0,46.9,98.0,98.0,0.1,1453.642777,2.0,2.1,ALB,Europe,2,8.885713986,96.0
Albania,2003,0,72.8,4.29,97.0,47.9,97.0,97.0,0.1,189.681557,1.9,2.0,ALB,Europe,2,8.951428277,93.0
Albania,2004,0,73.0,4.54,99.0,48.9,98.0,97.0,0.1,2416.588235,1.8,1.9,ALB,Europe,2,9.017142568,96.0
Albania,2005,0,73.5,5.16,98.0,49.9,97.0,98.0,0.1,279.142931,1.8,1.8,ALB,Europe,2,9.082856859,97.0
Albania,2006,0,74.2,5.31,98.0,5.8,97.0,97.0,0.1,35.1293,1.7,1.8,ALB,Europe,2,9.148571151,95.0
Albania,2007,0,75.9,5.58,98.0,51.7,99.0,98.0,0.1,363.13685,1.6,1.7,ALB,Europe,2,9.214285442,97.0
Albania,2008,0,75.3,5.61,99.0,52.6,99.0,99.0,0.1,437.539647,1.6,1.6,ALB,Europe,2,9.279999733,98.0
Albania,2009,0,76.1,5.79,98.0,53.5,98.0,98.0,0.1,4114.136545,1.5,1.6,ALB,Europe,2,9.453333219,97.0
Albania,2010,0,76.2,5.28,99.0,54.3,99.0,99.0,0.1,494.358832,1.4,1.5,ALB,Europe,2,9.626666705,99.0
Albania,2011,0,76.6,5.37,99.0,55.1,99.0,99.0,0.1,4437.17868,1.4,1.5,ALB,Europe,2,9.800000191,99.0
Albania,2012,0,76.9,5.14,99.0,55.8,99.0,99.0,0.1,4247.61438,1.3,1.4,ALB,Europe,2,10.02999973,98.0
Albania,2013,0,77.2,4.76,99.0,56.5,99.0,99.0,0.1,4414.72314,1.3,1.4,ALB,Europe,2,10.01933975,99.0
Albania,2014,0,77.5,4.51,98.0,57.2,98.0,98.0,0.1,4575.763787,1.2,1.3,ALB,Europe,2,10.00867977,98.0
Albania,2015,0,77.8,4.6,99.0,58.0,99.0,99.0,0.1,3954.22783,1.2,1.3,ALB,Europe,2,9.998019791,97.0
United Arab Emirates,2000,0,74.2,1.64,92.0,54.1,94.0,94.0,0.1,3371.26869,5.4,5.1,ARE,Asia,1,8.47862322,94.0
United Arab Emirates,2001,0,74.5,1.67,92.0,55.0,94.0,94.0,0.1,3161.52935,5.3,5.1,ARE,Asia,1,8.58089853,94.0
United Arab Emirates,2002,0,74.7,1.72,92.0,56.0,94.0,94.0,0.1,31311.35936,5.3,5.0,ARE,Asia,1,8.68317384,94.0
United Arab Emirates,2003,0,74.9,1.74,92.0,56.8,94.0,94.0,0.1,3323.52318,5.2,5.0,ARE,Asia,1,8.785449151,94.0
United Arab Emirates,2004,0,75.1,1.77,92.0,57.0,94.0,94.0,0.1,36161.1761,5.2,4.9,ARE,Asia,1,8.887724461,94.0
United Arab Emirates,2005,0,75.3,1.79,92.0,56.6,94.0,94.0,0.1,39439.8197,5.1,4.9,ARE,Asia,1,8.989999771,92.0
United Arab Emirates,2006,0,75.4,1.74,92.0,55.8,94.0,92.0,0.1,42372.22166,5.1,4.9,ARE,Asia,1,9.158181624,92.0
United Arab Emirates,2007,0,75.6,1.69,92.0,55.1,94.0,92.0,0.1,42672.61323,5.1,4.9,ARE,Asia,1,9.326363477,92.0
United Arab Emirates,2008,0,75.8,1.86,92.0,54.8,94.0,92.0,0.1,45758.9554,5.1,4.9,ARE,Asia,1,9.49454533,92.0
United Arab Emirates,2009,0,76.0,1.73,93.0,55.1,94.0,93.0,0.1,3372.57517,5.1,4.9,ARE,Asia,1,9.662727183,93.0
United Arab Emirates,2010,0,76.2,1.69,94.0,55.8,94.0,94.0,0.1,3549.14832,5.1,4.9,ARE,Asia,1,9.830909035,94.0
United Arab Emirates,2011,0,76.3,1.73,95.0,57.1,95.0,95.0,0.1,4462.3129,5.1,4.9,ARE,Asia,1,9.999090888,95.0
United Arab Emirates,2012,0,76.5,1.75,96.0,58.6,96.0,96.0,0.1,42112.23565,5.1,5.0,ARE,Asia,1,10.16727274,96.0
United Arab Emirates,2013,0,76.7,1.82,98.0,6.5,98.0,98.0,0.1,4335.64268,5.2,5.0,ARE,Asia,1,10.33545459,98.0
United Arab Emirates,2014,0,76.9,1.91,99.0,62.4,99.0,99.0,0.1,44449.7435,5.2,5.0,ARE,Asia,1,10.50363645,99.0
United Arab Emirates,2015,0,77.1,1.27,99.0,64.2,99.0,99.0,0.1,3911.74689,5.3,5.1,ARE,Asia,1,10.6718183,99.0
Argentina,2000,0,74.1,7.68,93.0,54.0,88.0,83.0,0.1,7669.273916,1.2,1.1,ARG,South America,6,8.801999855,91.0
Argentina,2001,0,74.0,7.76,93.0,54.6,85.0,83.0,0.1,717.694674,1.2,1.1,ARG,South America,6,8.869999886,89.0
Argentina,2002,0,74.1,7.81,66.0,55.1,94.0,93.0,0.1,2579.193168,1.2,1.0,ARG,South America,6,9.394999981,95.0
Argentina,2003,0,74.1,7.62,73.0,55.7,95.0,96.0,0.1,333.4376,1.2,1.0,ARG,South America,6,9.920000076,97.0
Argentina,2004,0,74.7,7.63,81.0,56.3,91.0,98.0,0.1,4251.574348,1.1,1.0,ARG,South America,6,10.00999991,99.0
Argentina,2005,0,74.9,7.53,88.0,56.9,95.0,98.0,0.1,576.883829,1.1,1.0,ARG,South America,6,10.09999975,98.0
Argentina,2006,0,75.2,7.75,84.0,57.5,92.0,91.0,0.1,5878.76127,1.1,0.9,ARG,South America,6,10.18999958,97.0
Argentina,2007,0,74.8,8.16,85.0,58.0,92.0,91.0,0.1,7193.61764,1.1,0.9,ARG,South America,6,10.29999971,94.0
Argentina,2008,0,75.4,8.41,93.0,58.6,94.0,93.0,0.1,8953.359275,1.0,0.9,ARG,South America,6,10.40999985,96.0
Argentina,2009,0,75.6,8.33,94.0,59.2,97.0,94.0,0.1,8161.36966,1.0,0.9,ARG,South America,6,10.53999996,96.0
Argentina,2010,0,75.5,8.15,94.0,59.8,95.0,94.0,0.1,1276.265,1.0,0.9,ARG,South America,6,10.60000038,95.0
Argentina,2011,0,75.7,8.11,91.0,6.4,93.0,91.0,0.1,12726.9836,1.0,0.9,ARG,South America,6,10.69999981,95.0
Argentina,2012,0,75.9,8.35,91.0,61.0,99.0,91.0,0.1,12969.7712,1.0,0.9,ARG,South America,6,10.78999996,94.0
Argentina,2013,0,76.0,8.28,94.0,61.6,99.0,94.0,0.1,12976.63642,1.0,0.9,ARG,South America,6,10.89000034,94.0
Argentina,2014,0,76.2,7.93,94.0,62.2,92.0,94.0,0.1,12245.25645,1.0,0.9,ARG,South America,6,10.90999985,95.0
Argentina,2015,0,76.3,8.37,94.0,62.8,93.0,94.0,0.1,13467.1236,1.0,0.9,ARG,South America,6,10.92000008,89.0
Armenia,2000,0,72.0,2.9,95.0,47.1,96.0,93.0,0.1,622.7427477,2.1,2.2,ARM,Asia,1,10.49194093,92.0
Armenia,2001,0,72.6,2.86,69.0,47.4,97.0,94.0,0.1,694.435119,2.1,2.1,ARM,Asia,1,10.48999977,93.0
Armenia,2002,0,72.6,2.86,91.0,47.8,96.0,94.0,0.1,783.261699,2.1,2.1,ARM,Asia,1,10.55999975,91.0
Armenia,2003,0,72.7,3.03,93.0,48.1,96.0,94.0,0.1,93.1661567,2.0,2.1,ARM,Asia,1,10.62999973,94.0
Armenia,2004,0,73.0,3.81,91.0,48.4,93.0,91.0,0.1,1191.96192,2.0,2.1,ARM,Asia,1,10.69999971,92.0
Armenia,2005,0,73.0,4.25,91.0,48.8,92.0,95.0,0.1,1643.758397,2.0,2.1,ARM,Asia,1,10.76999969,94.0
Armenia,2006,0,72.9,4.01,78.0,49.2,87.0,87.0,0.1,2158.299,2.0,2.1,ARM,Asia,1,10.83999968,92.0
Armenia,2007,0,73.5,3.99,95.0,49.7,95.0,88.0,0.1,3138.8873,2.0,2.1,ARM,Asia,1,10.90999966,92.0
Armenia,2008,0,73.2,3.96,89.0,5.1,91.0,89.0,0.1,41.26997,2.0,2.1,ARM,Asia,1,10.97999964,94.0
Armenia,2009,0,73.3,3.96,93.0,5.7,94.0,93.0,0.1,2993.832531,2.0,2.1,ARM,Asia,1,11.04999962,96.0
Armenia,2010,0,73.5,4.23,94.0,51.2,96.0,94.0,0.1,3218.381655,2.0,2.1,ARM,Asia,1,11.1199996,97.0
Armenia,2011,0,73.9,4.09,95.0,51.9,96.0,95.0,0.1,3526.978143,2.0,2.1,ARM,Asia,1,11.18999958,97.0
Armenia,2012,0,74.4,3.89,95.0,52.6,96.0,95.0,0.1,3684.8481,2.0,2.1,ARM,Asia,1,11.28499961,97.0
Armenia,2013,0,74.4,3.79,95.0,53.3,96.0,95.0,0.1,3843.591213,2.1,2.1,ARM,Asia,1,11.37999964,97.0
Armenia,2014,0,74.6,3.91,93.0,54.1,95.0,93.0,0.1,3994.712355,2.1,2.1,ARM,Asia,1,11.47499967,97.0
Armenia,2015,0,74.8,4.06,94.0,54.9,96.0,94.0,0.1,369.654776,2.1,2.2,ARM,Asia,1,11.56999969,97.0
Antigua and Barbuda,2000,0,73.6,7.27,95.0,38.2,96.0,95.0,0.1,9875.161736,3.7,3.6,ATG,North America,3,9.202073771,95.0
Antigua and Barbuda,2001,0,73.8,7.51,96.0,38.9,99.0,97.0,0.1,9358.154162,3.6,3.5,ATG,North America,3,9.328779548,97.0
Antigua and Barbuda,2002,0,74.0,7.21,99.0,39.5,93.0,98.0,0.1,9386.716452,3.6,3.5,ATG,North America,3,9.457229971,99.0
Antigua and Barbuda,2003,0,74.2,7.16,99.0,4.1,99.0,99.0,0.1,9739.82556,3.5,3.5,ATG,North America,3,9.587449062,99.0
Antigua and Barbuda,2004,0,74.4,7.28,97.0,4.8,97.0,97.0,0.1,1352.8374,3.5,3.4,ATG,North America,3,9.719461174,97.0
Antigua and Barbuda,2005,0,74.6,8.15,99.0,41.4,98.0,99.0,0.1,11371.93895,3.5,3.4,ATG,North America,3,9.853290995,99.0
Antigua and Barbuda,2006,0,74.8,8.93,99.0,42.0,99.0,99.0,0.1,12724.39377,3.4,3.4,ATG,North America,3,9.988963554,99.0
Antigua and Barbuda,2007,0,75.0,8.64,97.0,42.6,98.0,99.0,0.1,14252.29452,3.4,3.3,ATG,North America,3,10.12650422,99.0
Antigua and Barbuda,2008,0,75.2,8.27,98.0,43.2,99.0,99.0,0.1,1473.31923,3.4,3.3,ATG,North America,3,10.26593873,99.0
Antigua and Barbuda,2009,0,75.4,7.82,98.0,43.8,98.0,99.0,0.1,1312.46692,3.4,3.3,ATG,North America,3,10.40729314,99.0
Antigua and Barbuda,2010,0,75.6,7.84,98.0,44.4,99.0,98.0,0.1,12126.87614,3.3,3.3,ATG,North America,3,10.5505939,98.0
Antigua and Barbuda,2011,0,75.7,7.84,99.0,45.1,99.0,99.0,0.1,11929.34991,3.3,3.3,ATG,North America,3,10.69586781,99.0
Antigua and Barbuda,2012,0,75.9,8.18,98.0,45.7,97.0,98.0,0.2,12565.44197,3.3,3.3,ATG,North America,3,10.84314203,98.0
Antigua and Barbuda,2013,0,76.1,8.58,99.0,46.4,98.0,99.0,0.2,12224.86416,3.3,3.3,ATG,North America,3,10.99244411,96.0
Antigua and Barbuda,2014,0,76.2,8.56,99.0,47.0,96.0,99.0,0.2,12888.29667,3.3,3.3,ATG,North America,3,11.14380197,93.0
Antigua and Barbuda,2015,0,76.4,8.89,99.0,47.7,86.0,99.0,0.2,13566.9541,3.3,3.3,ATG,North America,3,11.29515983,91.0
Australia,2000,1,79.5,10.17,88.0,58.2,88.0,86.0,0.1,2169.921,0.7,0.7,AUS,Oceania,4,11.28549308,91.0
Australia,2001,1,79.9,9.53,94.0,59.0,91.0,92.0,0.1,19517.84168,0.7,0.7,AUS,Oceania,4,11.34161987,92.0
Australia,2002,1,79.9,9.84,95.0,59.6,92.0,92.0,0.1,281.81763,0.7,0.7,AUS,Oceania,4,11.39774666,94.0
Australia,2003,1,83.0,9.97,95.0,6.3,92.0,93.0,0.1,23465.38559,0.7,0.7,AUS,Oceania,4,11.45387344,94.0
Australia,2004,1,86.0,9.84,95.0,6.9,92.0,92.0,0.1,3472.37977,0.7,0.6,AUS,Oceania,4,11.51000023,94.0
Australia,2005,1,81.0,10.3,95.0,61.5,92.0,92.0,0.1,3416.71483,0.7,0.6,AUS,Oceania,4,11.55000019,94.0
Australia,2006,1,81.2,10.31,95.0,62.0,92.0,92.0,0.1,36118.28381,0.7,0.6,AUS,Oceania,4,11.64000034,94.0
Australia,2007,1,81.3,10.56,94.0,62.5,92.0,92.0,0.1,4991.98289,0.7,0.6,AUS,Oceania,4,11.71000004,94.0
Australia,2008,1,81.3,10.76,94.0,62.9,92.0,92.0,0.1,49664.6854,0.7,0.6,AUS,Oceania,4,11.93999958,94.0
Australia,2009,1,81.7,10.62,94.0,63.4,92.0,92.0,0.1,42742.99898,0.7,0.6,AUS,Oceania,4,11.98999977,94.0
Australia,2010,1,81.9,10.52,92.0,63.9,92.0,92.0,0.1,51874.848,0.7,0.6,AUS,Oceania,4,12.02999973,94.0
Australia,2011,1,82.0,10.3,92.0,64.4,92.0,92.0,0.1,62245.129,0.6,0.6,AUS,Oceania,4,12.11999989,94.0
Australia,2012,1,82.3,10.03,91.0,65.0,92.0,92.0,0.1,67677.63477,0.6,0.6,AUS,Oceania,4,12.30000019,94.0
Australia,2013,1,82.5,9.87,91.0,65.5,91.0,91.0,0.1,67792.3386,0.6,0.6,AUS,Oceania,4,12.02000046,94.0
Australia,2014,1,82.7,9.71,91.0,66.1,92.0,92.0,0.1,62214.6912,0.6,0.6,AUS,Oceania,4,12.17000008,94.0
Australia,2015,1,82.8,10.18,93.0,66.6,93.0,93.0,0.1,56554.3876,0.6,0.6,AUS,Oceania,4,12.25,95.0
Austria,2000,1,78.1,13.2,33.0,5.1,71.0,81.0,0.1,24517.26745,1.7,1.9,AUT,Europe,2,11.10642883,75.0
Austria,2001,1,78.6,12.4,44.0,5.6,83.0,84.0,0.1,24489.73553,1.7,1.9,AUT,Europe,2,11.19714315,79.0
Austria,2002,1,78.7,12.5,81.0,51.2,82.0,83.0,0.1,26351.37568,1.7,1.9,AUT,Europe,2,11.28785746,78.0
Austria,2003,1,78.8,12.2,83.0,51.7,84.0,84.0,0.1,3212.9355,1.7,1.9,AUT,Europe,2,11.37857178,79.0
Austria,2004,1,79.3,12.1,83.0,52.2,83.0,83.0,0.1,36693.4262,1.7,1.9,AUT,Europe,2,11.4692861,74.0
Austria,2005,1,79.4,12.4,86.0,52.7,86.0,86.0,0.1,38242.4252,1.7,1.9,AUT,Europe,2,11.56000042,75.0
Austria,2006,1,79.8,12.4,83.0,53.2,83.0,83.0,0.1,443.99361,1.7,1.9,AUT,Europe,2,11.54500008,80.0
Austria,2007,1,81.0,12.5,85.0,53.7,85.0,85.0,0.1,46586.6525,1.7,1.9,AUT,Europe,2,11.52999973,79.0
Austria,2008,1,84.0,12.0,83.0,54.2,83.0,83.0,0.1,51386.37665,1.7,1.9,AUT,Europe,2,11.47000027,83.0
Austria,2009,1,82.0,11.3,83.0,54.7,83.0,83.0,0.1,47654.18721,1.7,1.9,AUT,Europe,2,11.67000008,76.0
Austria,2010,1,84.0,12.1,86.0,55.2,86.0,86.0,0.1,46657.629,1.7,1.9,AUT,Europe,2,11.71000004,80.0
Austria,2011,1,88.0,12.04,89.0,55.7,89.0,89.0,0.1,51126.74139,1.7,2.0,AUT,Europe,2,11.71000004,84.0
Austria,2012,1,88.0,12.26,92.0,56.1,92.0,92.0,0.1,48333.57273,1.8,2.0,AUT,Europe,2,11.75,88.0
Austria,2013,1,81.1,11.82,95.0,56.6,95.0,95.0,0.1,554.71532,1.8,2.0,AUT,Europe,2,11.78999996,92.0
Austria,2014,1,81.4,12.32,98.0,57.1,98.0,98.0,0.1,51322.63997,1.8,2.0,AUT,Europe,2,12.01000023,96.0
Austria,2015,1,81.5,11.09,93.0,57.6,93.0,93.0,0.1,43665.947,1.9,2.1,AUT,Europe,2,12.07999992,96.0
Azerbaijan,2000,0,66.6,0.65,95.0,42.1,75.0,76.0,0.1,655.974326,3.2,3.1,AZE,Asia,1,10.30000019,67.0
Azerbaijan,2001,0,67.5,0.51,95.0,42.6,77.0,77.0,0.1,73.6838434,3.1,3.1,AZE,Asia,1,10.34000015,68.0
Azerbaijan,2002,0,67.8,0.55,95.0,43.1,95.0,76.0,0.1,763.73858,3.1,3.1,AZE,Asia,1,10.38000011,66.0
Azerbaijan,2003,0,67.8,0.55,51.0,43.6,79.0,77.0,0.1,883.6439965,3.0,3.0,AZE,Asia,1,10.42000008,67.0
Azerbaijan,2004,0,68.4,0.62,95.0,44.2,78.0,77.0,0.1,145.2163,3.0,3.0,AZE,Asia,1,10.46000004,67.0
Azerbaijan,2005,0,68.4,0.73,49.0,44.7,79.0,75.0,0.1,1578.4239,2.9,3.0,AZE,Asia,1,10.5,67.0
Azerbaijan,2006,0,69.2,0.85,95.0,45.3,95.0,78.0,0.1,2473.85776,2.9,2.9,AZE,Asia,1,10.53999996,69.0
Azerbaijan,2007,0,73.0,1.02,62.0,45.9,81.0,79.0,0.1,3851.437869,2.8,2.9,AZE,Asia,1,10.57999992,75.0
Azerbaijan,2008,0,73.0,1.18,68.0,46.6,85.0,81.0,0.1,5574.6382,2.8,2.9,AZE,Asia,1,10.59000015,79.0
Azerbaijan,2009,0,78.0,2.1,74.0,47.3,84.0,81.0,0.1,495.294791,2.8,2.9,AZE,Asia,1,10.59000015,85.0
Azerbaijan,2010,0,71.1,1.98,95.0,48.0,85.0,81.0,0.1,5842.85784,2.8,2.9,AZE,Asia,1,10.60999966,89.0
Azerbaijan,2011,0,71.6,1.98,84.0,48.8,91.0,87.0,0.1,7189.691229,2.8,2.9,AZE,Asia,1,10.60999966,88.0
Azerbaijan,2012,0,71.9,0.01,88.0,49.7,92.0,89.0,0.1,7496.335728,2.8,2.8,AZE,Asia,1,10.60999966,86.0
Azerbaijan,2013,0,72.2,2.14,93.0,5.6,96.0,93.0,0.1,7875.756953,2.8,2.8,AZE,Asia,1,10.56999969,86.0
Azerbaijan,2014,0,72.5,0.01,94.0,51.5,97.0,94.0,0.1,7891.299776,2.8,2.9,AZE,Asia,1,10.56999969,85.0
Azerbaijan,2015,0,72.7,0.51,96.0,52.5,98.0,96.0,0.1,55.31382,2.8,2.9,AZE,Asia,1,10.56999969,84.0
Burundi,2000,0,58.0,6.61,87.0,12.8,71.0,83.0,5.2,135.9984455,9.0,8.9,BDI,Africa,0,1.998888943,72.0
Burundi,2001,0,51.3,6.09,87.0,13.0,72.0,81.0,5.3,133.7427689,8.8,8.8,BDI,Africa,0,2.052777833,73.0
Burundi,2002,0,51.5,5.98,87.0,13.3,74.0,81.0,5.2,122.4335893,8.7,8.7,BDI,Africa,0,2.106666724,75.0
Burundi,2003,0,51.9,5.84,87.0,13.5,75.0,82.0,5.1,112.849373,8.5,8.5,BDI,Africa,0,2.160555614,76.0
Burundi,2004,0,52.6,5.72,83.0,13.8,76.0,83.0,4.8,127.4296648,8.4,8.4,BDI,Africa,0,2.214444505,78.0
Burundi,2005,0,53.4,5.54,87.0,14.1,82.0,87.0,4.3,15.57434,8.2,8.3,BDI,Africa,0,2.268333395,87.0
Burundi,2006,0,54.1,4.5,92.0,14.5,88.0,92.0,3.8,165.8794176,8.1,8.2,BDI,Africa,0,2.322222286,92.0
Burundi,2007,0,54.8,4.54,99.0,14.8,93.0,99.0,3.4,17.79995,8.0,8.0,BDI,Africa,0,2.376111176,88.0
Burundi,2008,0,55.3,4.33,92.0,15.2,89.0,92.0,2.9,196.2472628,7.9,7.9,BDI,Africa,0,2.430000067,84.0
Burundi,2009,0,56.2,4.05,94.0,15.7,96.0,94.0,2.4,24.944652,7.8,7.8,BDI,Africa,0,2.363333384,91.0
Burundi,2010,0,56.8,4.16,96.0,16.1,94.0,96.0,1.9,231.1943256,7.7,7.7,BDI,Africa,0,2.296666702,92.0
Burundi,2011,0,57.4,4.16,96.0,16.6,95.0,96.0,1.5,26.479973,7.6,7.6,BDI,Africa,0,2.230000019,93.0
Burundi,2012,0,58.0,0.01,96.0,17.1,96.0,96.0,1.2,265.285651,7.5,7.5,BDI,Africa,0,2.163333337,93.0
Burundi,2013,0,58.6,0.01,96.0,17.6,96.0,96.0,1.0,282.7555252,7.4,7.4,BDI,Africa,0,2.096666654,98.0
Burundi,2014,0,59.1,0.01,95.0,18.2,95.0,95.0,0.7,312.7489794,7.4,7.3,BDI,Africa,0,2.029999971,94.0
Burundi,2015,0,59.6,3.1,94.0,18.7,94.0,94.0,0.7,33.681223,7.3,7.2,BDI,Africa,0,2.286666632,93.0
Belgium,2000,1,77.6,11.21,95.0,58.1,96.0,95.0,0.1,2327.4591,0.8,0.8,BEL,Europe,2,10.54152656,82.0
Belgium,2001,1,78.0,11.01,95.0,58.5,96.0,95.0,0.1,23121.56635,0.8,0.8,BEL,Europe,2,10.63867396,82.0
Belgium,2002,1,78.0,11.29,95.0,59.0,96.0,95.0,0.1,2552.3328,0.8,0.8,BEL,Europe,2,10.73582136,82.0
Belgium,2003,1,78.3,11.28,64.0,59.4,96.0,95.0,0.1,3743.95693,0.8,0.8,BEL,Europe,2,10.83296876,82.0
Belgium,2004,1,78.8,12.05,64.0,59.8,96.0,95.0,0.1,35589.71295,0.8,0.8,BEL,Europe,2,10.93011616,82.0
Belgium,2005,1,78.9,12.27,77.0,6.2,97.0,97.0,0.1,36967.28292,0.8,0.8,BEL,Europe,2,11.02726356,88.0
Belgium,2006,1,79.4,10.98,94.0,6.6,99.0,98.0,0.1,38852.3613,0.8,0.8,BEL,Europe,2,11.05000019,92.0
Belgium,2007,1,79.5,10.25,94.0,6.9,99.0,98.0,0.1,4443.83131,0.8,0.8,BEL,Europe,2,11.11500025,92.0
Belgium,2008,1,79.5,10.47,98.0,61.3,99.0,99.0,0.1,48424.58927,0.8,0.8,BEL,Europe,2,11.18000031,93.0
Belgium,2009,1,79.8,10.05,97.0,61.6,98.0,98.0,0.1,4488.5615,0.9,0.9,BEL,Europe,2,11.31999969,95.0
Belgium,2010,1,80.0,10.22,97.0,61.9,98.0,98.0,0.1,4438.23741,0.9,0.9,BEL,Europe,2,11.42000008,95.0
Belgium,2011,1,83.0,10.11,97.0,62.3,98.0,98.0,0.1,4772.77415,0.9,0.9,BEL,Europe,2,11.47000027,95.0
Belgium,2012,1,83.0,10.08,98.0,62.6,99.0,99.0,0.1,4474.5717,0.9,0.9,BEL,Europe,2,11.5,96.0
Belgium,2013,1,87.0,11.77,98.0,63.0,99.0,99.0,0.1,4651.38647,1.0,0.9,BEL,Europe,2,11.53999996,96.0
Belgium,2014,1,89.0,12.6,98.0,63.4,99.0,99.0,0.1,47439.39684,1.0,1.0,BEL,Europe,2,11.64000034,96.0
Belgium,2015,1,81.1,10.36,98.0,63.7,99.0,99.0,0.1,4356.875,1.0,1.0,BEL,Europe,2,11.89000034,96.0
Benin,2000,0,55.4,1.34,87.0,18.4,78.0,78.0,2.0,374.1923942,9.7,9.6,BEN,Africa,0,2.290000033,70.0
Benin,2001,0,55.5,1.29,87.0,18.8,77.0,76.0,2.1,378.73654,9.5,9.4,BEN,Africa,0,2.375000036,68.0
Benin,2002,0,55.6,1.23,87.0,19.2,76.0,75.0,2.1,418.6985763,9.3,9.2,BEN,Africa,0,2.460000038,66.0
Benin,2003,0,55.8,1.35,73.0,19.7,75.0,73.0,2.1,519.2922847,9.1,9.0,BEN,Africa,0,2.472683366,65.0
Benin,2004,0,56.1,1.15,75.0,2.1,74.0,72.0,2.1,583.493514,8.9,8.8,BEN,Africa,0,2.485366694,63.0
Benin,2005,0,56.5,1.13,87.0,2.5,73.0,83.0,2.1,61.799977,8.7,8.6,BEN,Africa,0,2.498050022,61.0
Benin,2006,0,56.8,1.19,74.0,21.0,76.0,74.0,2.0,625.8392,8.5,8.4,BEN,Africa,0,2.51073335,66.0
Benin,2007,0,57.1,1.12,82.0,21.5,82.0,82.0,2.0,76.535419,8.3,8.2,BEN,Africa,0,2.523416678,70.0
Benin,2008,0,57.6,1.28,75.0,22.0,77.0,75.0,1.8,82.1513498,8.1,8.0,BEN,Africa,0,2.536100006,66.0
Benin,2009,0,58.4,1.16,87.0,22.5,82.0,79.0,1.6,793.45243,7.9,7.8,BEN,Africa,0,2.548783334,71.0
Benin,2010,0,58.7,1.33,76.0,23.0,77.0,76.0,1.4,757.695974,7.8,7.6,BEN,Africa,0,2.561466662,68.0
Benin,2011,0,59.1,1.4,75.0,23.5,77.0,75.0,1.4,825.9427854,7.6,7.5,BEN,Africa,0,2.57414999,70.0
Benin,2012,0,59.3,0.01,87.0,24.1,82.0,83.0,1.3,837.9551,7.4,7.3,BEN,Africa,0,2.586833318,74.0
Benin,2013,0,59.5,0.01,77.0,24.6,73.0,77.0,1.2,915.2674586,7.2,7.1,BEN,Africa,0,2.599516646,68.0
Benin,2014,0,59.7,0.01,78.0,25.2,74.0,78.0,1.1,943.686575,7.1,6.9,BEN,Africa,0,2.612199974,65.0
Benin,2015,0,60.0,8.07,82.0,25.7,78.0,82.0,1.0,783.94791,6.9,6.8,BEN,Africa,0,2.624883302,67.0
Burkina Faso,2005,0,53.3,4.88,87.0,14.2,94.0,82.0,2.3,46.998871,1.3,9.8,BFA,Africa,0,1.343624228,84.0
Burkina Faso,2006,0,54.3,4.73,76.0,14.6,94.0,86.0,2.0,422.6332374,1.0,9.6,BFA,Africa,0,1.320000052,88.0
Burkina Faso,2007,0,55.3,4.58,89.0,15.1,93.0,89.0,1.7,475.11122,9.8,9.3,BFA,Africa,0,0.980000019,94.0
Burkina Faso,2008,0,56.1,4.5,93.0,15.6,92.0,93.0,1.5,569.7612784,9.5,9.1,BFA,Africa,0,1.024285725,94.0
Burkina Faso,2009,0,56.9,4.55,92.0,16.1,91.0,92.0,1.1,552.7455521,9.3,8.8,BFA,Africa,0,1.068571431,94.0
Burkina Faso,2010,0,57.5,4.55,87.0,16.6,82.0,91.0,1.0,575.4464527,9.0,8.6,BFA,Africa,0,1.112857137,92.0
Burkina Faso,2011,0,58.1,4.51,87.0,17.1,82.0,91.0,0.9,666.842783,8.8,8.4,BFA,Africa,0,1.157142844,89.0
Burkina Faso,2012,0,58.6,4.75,87.0,17.7,82.0,83.0,0.8,673.8227,8.6,8.1,BFA,Africa,0,1.20142855,87.0
Burkina Faso,2013,0,59.0,4.64,88.0,18.2,89.0,88.0,0.7,699.452847,8.4,7.9,BFA,Africa,0,1.245714256,82.0
Burkina Faso,2014,0,59.3,0.01,91.0,18.8,91.0,91.0,0.6,75.1464113,8.2,7.7,BFA,Africa,0,1.289999962,88.0
Burkina Faso,2015,0,59.9,16.22,91.0,19.4,91.0,91.0,0.6,615.592225,8.0,7.5,BFA,Africa,0,1.447499961,88.0
Bangladesh,2000,0,65.3,0.01,95.0,1.4,83.0,82.0,0.1,45.63371,2.9,21.5,BGD,Asia,1,4.283905106,74.0
Bangladesh,2001,0,65.8,0.01,95.0,1.8,85.0,85.0,0.1,42.5981152,2.7,21.3,BGD,Asia,1,4.400000095,77.0
Bangladesh,2002,0,66.3,0.01,95.0,11.2,83.0,83.0,0.1,4.6135745,2.5,21.1,BGD,Asia,1,4.480000067,75.0
Bangladesh,2003,0,66.8,0.01,95.0,11.6,95.0,87.0,0.1,432.7388972,2.3,2.9,BGD,Asia,1,4.560000038,76.0
Bangladesh,2004,0,67.3,0.01,95.0,12.0,88.0,99.0,0.1,46.7579167,2.1,2.7,BGD,Asia,1,4.64000001,81.0
Bangladesh,2005,0,67.8,0.01,95.0,12.5,94.0,93.0,0.1,484.155471,19.9,2.5,BGD,Asia,1,4.719999981,88.0
Bangladesh,2006,0,68.2,0.01,86.0,13.0,95.0,94.0,0.1,494.51466,19.7,2.3,BGD,Asia,1,4.799999952,83.0
Bangladesh,2007,0,68.6,0.01,95.0,13.5,96.0,94.0,0.1,541.651484,19.5,2.1,BGD,Asia,1,4.879999924,89.0
Bangladesh,2008,0,69.1,0.01,96.0,14.0,96.0,96.0,0.1,615.7775411,19.3,19.9,BGD,Asia,1,4.959999895,92.0
Bangladesh,2009,0,69.5,0.01,97.0,14.6,97.0,97.0,0.1,681.125368,19.1,19.7,BGD,Asia,1,5.039999866,93.0
Bangladesh,2010,0,69.9,0.01,94.0,15.2,94.0,94.0,0.1,757.6717572,18.9,19.4,BGD,Asia,1,5.119999838,88.0
Bangladesh,2011,0,73.0,0.01,96.0,15.8,96.0,96.0,0.1,835.789341,18.7,19.2,BGD,Asia,1,5.199999809,93.0
Bangladesh,2012,0,77.0,0.01,94.0,16.4,94.0,94.0,0.1,856.342857,18.5,19.0,BGD,Asia,1,5.300000191,88.0
Bangladesh,2013,0,71.0,0.01,96.0,17.0,96.0,96.0,0.1,951.8894535,18.3,18.8,BGD,Asia,1,5.059999943,91.0
Bangladesh,2014,0,71.4,0.01,97.0,17.7,97.0,97.0,0.1,184.56543,18.1,18.6,BGD,Asia,1,5.190000057,94.0
Bangladesh,2015,0,71.8,0.004,97.0,18.3,97.0,97.0,0.1,121.15812,17.9,18.3,BGD,Asia,1,5.989999771,97.0
Bulgaria,2000,1,71.1,9.69,94.0,57.0,94.0,93.0,0.1,169.28586,2.5,2.5,BGR,Europe,2,9.743333287,89.0
Bulgaria,2001,1,71.6,10.72,93.0,57.5,94.0,94.0,0.1,1764.97387,2.4,2.5,BGR,Europe,2,10.03999996,90.0
Bulgaria,2002,1,71.8,10.2,88.0,58.1,94.0,93.0,0.1,287.534843,2.4,2.4,BGR,Europe,2,10.11599998,92.0
Bulgaria,2003,1,72.0,11.19,96.0,58.6,96.0,96.0,0.1,271.46824,2.3,2.4,BGR,Europe,2,10.19200001,96.0
Bulgaria,2004,1,72.2,10.96,94.0,59.1,94.0,95.0,0.1,3381.57837,2.3,2.3,BGR,Europe,2,10.26800003,95.0
Bulgaria,2005,1,72.1,10.48,96.0,59.7,97.0,96.0,0.1,3893.68998,2.2,2.3,BGR,Europe,2,10.34400005,96.0
Bulgaria,2006,1,72.2,10.39,96.0,6.3,96.0,95.0,0.1,4513.13628,2.2,2.2,BGR,Europe,2,10.42000008,96.0
Bulgaria,2007,1,72.6,10.89,95.0,6.9,95.0,95.0,0.1,5932.899677,2.1,2.2,BGR,Europe,2,10.53999996,96.0
Bulgaria,2008,1,72.9,10.98,96.0,61.5,96.0,95.0,0.1,7296.122479,2.1,2.1,BGR,Europe,2,10.59000015,96.0
Bulgaria,2009,1,73.2,10.93,96.0,62.1,94.0,94.0,0.1,6955.987733,2.0,2.1,BGR,Europe,2,10.64000034,96.0
Bulgaria,2010,1,73.4,10.8,95.0,62.7,94.0,94.0,0.1,6843.263289,2.0,2.0,BGR,Europe,2,10.72000027,97.0
Bulgaria,2011,1,73.7,10.67,96.0,63.3,95.0,95.0,0.1,7813.83499,2.0,2.0,BGR,Europe,2,10.77999973,95.0
Bulgaria,2012,1,73.9,10.99,95.0,63.9,95.0,95.0,0.1,7378.25539,1.9,1.9,BGR,Europe,2,10.89999962,94.0
Bulgaria,2013,1,74.1,12.06,95.0,64.5,95.0,95.0,0.1,7674.86559,1.9,1.9,BGR,Europe,2,11.01000023,95.0
Bulgaria,2014,1,74.3,12.03,95.0,65.1,88.0,88.0,0.1,7853.335191,1.9,1.9,BGR,Europe,2,11.05000019,93.0
Bulgaria,2015,1,74.5,10.16,92.0,65.7,91.0,91.0,0.1,6993.47736,1.9,1.8,BGR,Europe,2,11.18999958,92.0
Bahrain,2000,0,74.5,2.15,97.0,54.5,97.0,97.0,0.1,13636.34668,6.2,6.0,BHR,Asia,1,8.045000124,98.0
Bahrain,2001,0,74.7,1.95,99.0,54.8,99.0,99.0,0.1,12868.211,6.2,6.0,BHR,Asia,1,8.340000153,98.0
Bahrain,2002,0,74.9,1.99,98.0,55.0,98.0,98.0,0.1,1312.33457,6.2,5.9,BHR,Asia,1,8.305555662,99.0
Bahrain,2003,0,75.0,2.16,98.0,55.2,97.0,97.0,0.1,14221.99259,6.1,5.9,BHR,Asia,1,8.27111117,99.0
Bahrain,2004,0,75.2,2.16,98.0,55.6,98.0,98.0,0.1,15846.47641,6.1,5.9,BHR,Asia,1,8.236666679,99.0
Bahrain,2005,0,75.3,2.05,98.0,56.1,98.0,98.0,0.1,17959.17854,6.1,5.9,BHR,Asia,1,8.202222188,99.0
Bahrain,2006,0,75.5,2.1,98.0,56.8,98.0,98.0,0.1,1937.99549,6.1,5.9,BHR,Asia,1,8.167777697,99.0
Bahrain,2007,0,75.6,2.0,97.0,57.6,97.0,97.0,0.1,2977.1153,6.1,5.9,BHR,Asia,1,8.133333206,99.0
Bahrain,2008,0,75.8,2.0,97.0,58.5,97.0,97.0,0.1,2367.56535,6.0,5.9,BHR,Asia,1,8.098888715,99.0
Bahrain,2009,0,76.0,1.95,98.0,59.3,97.0,98.0,0.1,19356.67236,6.0,5.9,BHR,Asia,1,8.064444224,99.0
Bahrain,2010,0,76.1,1.93,99.0,6.1,99.0,99.0,0.1,2722.1389,6.0,5.9,BHR,Asia,1,8.029999733,99.0
Bahrain,2011,0,76.1,1.66,99.0,6.8,99.0,99.0,0.1,2281.1242,6.1,6.0,BHR,Asia,1,8.244999727,99.0
Bahrain,2012,0,76.5,1.7,99.0,61.5,99.0,99.0,0.1,23649.36661,6.1,6.0,BHR,Asia,1,8.45999972,99.0
Bahrain,2013,0,76.7,1.65,99.0,62.2,99.0,99.0,0.1,251.18329,6.1,6.0,BHR,Asia,1,8.674999714,99.0
Bahrain,2014,0,76.8,1.57,98.0,62.9,98.0,98.0,0.1,24983.3792,6.1,6.0,BHR,Asia,1,8.889999708,99.0
Bahrain,2015,0,76.9,1.77,98.0,63.6,98.0,98.0,0.1,22688.87824,6.2,6.1,BHR,Asia,1,9.104999701,99.0
Bahamas,2000,0,72.6,12.15,95.0,54.4,91.0,99.0,0.1,24940.0775086078,2.7,2.6,BHS,North America,3,11.03999996,93.0
Bahamas,2001,0,72.9,11.64,95.0,55.2,98.0,99.0,0.2,25371.9237667614,2.7,2.6,BHS,North America,3,11.12199993,94.0
Bahamas,2002,0,73.1,10.85,89.0,56.0,93.0,94.0,0.1,26781.6195938652,2.6,2.6,BHS,North America,3,11.2039999,94.0
Bahamas,2003,0,73.2,10.68,88.0,56.7,93.0,92.0,0.1,26429.1247787663,2.6,2.5,BHS,North America,3,11.28599987,90.0
Bahamas,2004,0,73.8,10.1,93.0,57.4,92.0,93.0,0.1,26650.2934234303,2.6,2.5,BHS,North America,3,11.36799984,89.0
Bahamas,2005,0,74.1,10.49,93.0,58.1,93.0,93.0,0.1,28602.4181869995,2.6,2.5,BHS,North America,3,11.44999981,85.0
Bahamas,2006,0,74.2,11.07,96.0,58.7,94.0,95.0,0.1,29184.7865087908,2.5,2.5,BHS,North America,3,11.53199978,88.0
Bahamas,2007,0,74.4,10.75,93.0,59.4,95.0,95.0,0.1,30051.8489587756,2.5,2.5,BHS,North America,3,11.61399975,96.0
Bahamas,2008,0,74.5,10.15,95.0,6.1,93.0,93.0,0.1,29392.3824416397,2.5,2.5,BHS,North America,3,11.69599972,90.0
Bahamas,2009,0,74.6,9.29,95.0,6.7,97.0,96.0,0.1,27512.9130950084,2.5,2.5,BHS,North America,3,11.77799969,98.0
Bahamas,2010,0,75.0,9.19,98.0,61.3,97.0,99.0,0.2,27473.100430502,2.5,2.5,BHS,North America,3,11.85999966,94.0
Bahamas,2011,0,75.0,9.34,95.0,62.0,97.0,98.0,0.1,27090.8376801379,2.5,2.5,BHS,North America,3,11.94374484,90.0
Bahamas,2012,0,74.9,9.5,96.0,62.6,99.0,98.0,0.2,28552.0242683151,2.5,2.5,BHS,North America,3,12.02808137,91.0
Bahamas,2013,0,74.8,9.42,97.0,63.2,97.0,97.0,0.1,27642.7419759179,2.5,2.5,BHS,North America,3,12.11301341,92.0
Bahamas,2014,0,75.4,9.45,96.0,63.8,96.0,96.0,0.1,29137.2175632622,2.5,2.5,BHS,North America,3,12.19854516,92.0
Bahamas,2015,0,76.1,7.83,95.0,64.5,95.0,95.0,0.1,30719.405417469,2.5,2.5,BHS,North America,3,12.28468087,94.0
Bosnia and Herzegovina,2000,0,74.6,3.64,95.0,47.6,87.0,85.0,0.1,1461.7552,3.3,3.2,BIH,Europe,2,6.612996281,80.0
Bosnia and Herzegovina,2001,0,74.9,3.85,95.0,48.2,92.0,91.0,0.1,1524.41222,3.2,3.2,BIH,Europe,2,6.626101903,92.0
Bosnia and Herzegovina,2002,0,75.4,3.84,95.0,48.8,86.0,96.0,0.1,1761.537647,3.1,3.1,BIH,Europe,2,6.639207526,89.0
Bosnia and Herzegovina,2003,0,75.2,4.14,95.0,49.4,87.0,87.0,0.1,2214.732246,3.0,3.0,BIH,Europe,2,6.652313149,84.0
Bosnia and Herzegovina,2004,0,75.5,4.25,95.0,49.9,87.0,84.0,0.1,265.642661,3.0,3.0,BIH,Europe,2,6.665418771,88.0
Bosnia and Herzegovina,2005,0,75.0,4.56,93.0,5.5,95.0,93.0,0.1,2968.41186,2.9,2.9,BIH,Europe,2,6.678524394,90.0
Bosnia and Herzegovina,2006,0,75.7,4.82,95.0,51.0,91.0,87.0,0.1,344.321698,2.9,2.8,BIH,Europe,2,6.691630016,85.0
Bosnia and Herzegovina,2007,0,75.4,5.16,94.0,51.5,95.0,95.0,0.1,418.292176,2.8,2.8,BIH,Europe,2,6.796222546,96.0
Bosnia and Herzegovina,2008,0,76.0,5.13,88.0,52.1,92.0,91.0,0.1,575.31664,2.8,2.7,BIH,Europe,2,6.900815075,84.0
Bosnia and Herzegovina,2009,0,76.1,4.75,95.0,52.6,96.0,96.0,0.1,4697.89732,2.7,2.7,BIH,Europe,2,7.005407604,93.0
Bosnia and Herzegovina,2010,0,76.4,4.54,95.0,53.1,96.0,89.0,0.1,4611.47298,2.6,2.6,BIH,Europe,2,7.110000134,91.0
Bosnia and Herzegovina,2011,0,76.9,4.64,88.0,53.7,89.0,88.0,0.1,55.156834,2.6,2.5,BIH,Europe,2,7.239999771,89.0
Bosnia and Herzegovina,2012,0,76.8,4.61,92.0,54.2,87.0,92.0,0.1,4716.673325,2.5,2.5,BIH,Europe,2,7.889999708,94.0
Bosnia and Herzegovina,2013,0,77.0,4.12,91.0,54.7,87.0,89.0,0.1,535.86555,2.4,2.4,BIH,Europe,2,8.539999644,92.0
Bosnia and Herzegovina,2014,0,77.2,4.03,89.0,55.3,86.0,86.0,0.1,5193.94932,2.4,2.4,BIH,Europe,2,9.18999958,89.0
Bosnia and Herzegovina,2015,0,77.4,4.78,82.0,55.8,74.0,82.0,0.1,4574.9787,2.3,2.3,BIH,Europe,2,9.289999962,83.0
Belarus,2000,0,68.0,12.98,95.0,54.4,99.0,99.0,0.1,1276.28834,2.7,2.8,BLR,Europe,2,10.38321013,98.0
Belarus,2001,0,67.7,10.74,93.0,54.9,99.0,99.0,0.1,1244.373185,2.6,2.7,BLR,Europe,2,10.4699011,99.0
Belarus,2002,0,67.2,12.23,99.0,55.3,99.0,99.0,0.1,1479.383142,2.5,2.7,BLR,Europe,2,10.55731587,99.0
Belarus,2003,0,67.7,11.17,56.0,55.8,53.0,96.0,0.1,1819.525644,2.5,2.6,BLR,Europe,2,10.64546048,95.0
Belarus,2004,0,68.2,12.05,99.0,56.2,99.0,99.0,0.1,2378.33927,2.4,2.5,BLR,Europe,2,10.73434102,99.0
Belarus,2005,0,68.1,11.01,99.0,56.7,98.0,99.0,0.1,3126.71767,2.3,2.5,BLR,Europe,2,10.82396364,99.0
Belarus,2006,0,68.9,12.6,98.0,57.2,97.0,99.0,0.1,3848.215966,2.2,2.4,BLR,Europe,2,10.91433453,97.0
Belarus,2007,0,69.8,14.22,95.0,57.7,96.0,95.0,0.1,4735.484827,2.2,2.3,BLR,Europe,2,11.00545995,99.0
Belarus,2008,0,70.0,14.67,98.0,58.2,98.0,97.0,0.1,6376.183153,2.1,2.3,BLR,Europe,2,11.09734618,99.0
Belarus,2009,0,70.0,14.09,98.0,58.7,98.0,96.0,0.1,5176.172649,2.1,2.2,BLR,Europe,2,11.18999958,99.0
Belarus,2010,0,73.0,14.44,96.0,59.3,99.0,98.0,0.1,63.38877,2.0,2.2,BLR,Europe,2,11.28499966,99.0
Belarus,2011,0,72.0,17.31,98.0,59.9,98.0,98.0,0.1,6519.71753,2.0,2.1,BLR,Europe,2,11.37999973,99.0
Belarus,2012,0,71.9,16.35,97.0,6.5,98.0,98.0,0.1,694.243915,2.0,2.1,BLR,Europe,2,11.47499981,98.0
Belarus,2013,0,71.7,14.66,98.0,61.1,98.0,98.0,0.1,7978.825443,2.0,2.0,BLR,Europe,2,11.56999989,99.0
Belarus,2014,0,72.0,13.94,97.0,61.7,97.0,97.0,0.1,8318.429294,1.9,2.0,BLR,Europe,2,11.66499996,99.0
Belarus,2015,0,72.3,9.53,99.0,62.3,99.0,99.0,0.1,5949.11677,1.9,2.0,BLR,Europe,2,11.76000004,99.0
Belize,2000,0,68.3,4.79,76.0,4.8,91.0,91.0,0.3,3364.423711,3.8,3.7,BLZ,North America,3,7.169285502,96.0
Belize,2001,0,68.2,4.9,96.0,41.4,96.0,96.0,0.4,3419.275719,3.7,3.7,BLZ,North America,3,7.341428348,94.0
Belize,2002,0,68.5,4.99,97.0,42.0,93.0,89.0,0.1,3556.561825,3.7,3.6,BLZ,North America,3,7.513571194,88.0
Belize,2003,0,68.4,5.67,96.0,42.6,95.0,96.0,1.5,3679.99523,3.6,3.6,BLZ,North America,3,7.68571404,96.0
Belize,2004,0,68.7,6.2,97.0,43.2,97.0,97.0,0.8,3831.53819,3.6,3.5,BLZ,North America,3,7.857856887,97.0
Belize,2005,0,69.0,6.25,96.0,43.8,96.0,96.0,0.8,3933.332215,3.6,3.5,BLZ,North America,3,8.029999733,95.0
Belize,2006,0,69.4,6.48,98.0,44.4,98.0,98.0,0.6,4187.3783,3.6,3.5,BLZ,North America,3,8.521999741,99.0
Belize,2007,0,69.6,7.24,96.0,45.0,97.0,96.0,0.6,4324.876427,3.5,3.5,BLZ,North America,3,9.013999748,96.0
Belize,2008,0,69.6,7.22,94.0,45.7,94.0,94.0,0.1,447.22796,3.5,3.4,BLZ,North America,3,9.505999756,96.0
Belize,2009,0,69.5,6.85,97.0,46.3,98.0,97.0,0.3,4258.788611,3.5,3.4,BLZ,North America,3,9.997999763,97.0
Belize,2010,0,69.5,6.76,96.0,47.0,96.0,96.0,0.2,4344.15177,3.5,3.4,BLZ,North America,3,10.48999977,98.0
Belize,2011,0,69.4,6.64,95.0,47.8,95.0,95.0,0.5,4516.24675,3.5,3.4,BLZ,North America,3,10.17668591,98.0
Belize,2012,0,69.4,6.66,98.0,48.5,98.0,98.0,0.1,4673.63848,3.5,3.4,BLZ,North America,3,9.86337204,96.0
Belize,2013,0,69.8,6.56,95.0,49.3,95.0,95.0,0.2,4688.538443,3.4,3.4,BLZ,North America,3,9.550058174,99.0
Belize,2014,0,70.0,6.58,95.0,5.1,95.0,95.0,0.2,4852.223666,3.4,3.4,BLZ,North America,3,9.236744308,95.0
Belize,2015,0,71.0,6.7,94.0,5.9,94.0,94.0,0.2,4849.997495,3.5,3.4,BLZ,North America,3,8.923430443,96.0
Bolivia (Plurinational State of),2000,0,62.6,2.32,77.0,42.6,74.0,75.0,0.1,975.777060358751,1.5,1.4,BOL,Others,5,7.098888927,84.0
Bolivia (Plurinational State of),2001,0,63.3,2.2,77.0,43.3,71.0,71.0,0.1,930.168227214313,1.5,1.4,BOL,Others,5,7.210000038,88.0
Bolivia (Plurinational State of),2002,0,63.9,2.26,77.0,44.0,76.0,77.0,0.1,888.221328974352,1.4,1.3,BOL,Others,5,7.14800005,91.0
Bolivia (Plurinational State of),2003,0,64.5,2.37,89.0,44.7,82.0,88.0,0.2,893.013760211149,1.4,1.3,BOL,Others,5,7.086000061,96.0
Bolivia (Plurinational State of),2004,0,65.1,2.66,84.0,45.4,84.0,84.0,0.2,953.191893246277,1.4,1.2,BOL,Others,5,7.024000072,90.0
Bolivia (Plurinational State of),2005,0,65.7,2.86,85.0,46.0,84.0,85.0,0.2,1020.12326200737,1.3,1.2,BOL,Others,5,6.962000084,89.0
Bolivia (Plurinational State of),2006,0,66.2,3.23,83.0,46.7,82.0,83.0,0.2,1202.71150446327,1.3,1.2,BOL,Others,5,6.900000095,88.0
Bolivia (Plurinational State of),2007,0,66.8,3.47,84.0,47.3,85.0,84.0,0.2,1354.54905949929,1.3,1.2,BOL,Others,5,7.049999952,86.0
Bolivia (Plurinational State of),2008,0,67.4,3.77,88.0,48.0,87.0,88.0,0.2,1692.67248455876,1.3,1.1,BOL,Others,5,7.199999809,92.0
Bolivia (Plurinational State of),2009,0,68.0,3.87,93.0,48.6,92.0,93.0,0.2,1731.18172112209,1.2,1.1,BOL,Others,5,7.480000019,93.0
Bolivia (Plurinational State of),2010,0,68.7,3.95,89.0,49.3,89.5,91.0,0.2,1929.78373077158,1.2,1.1,BOL,Others,5,7.710000038,88.0
Bolivia (Plurinational State of),2011,0,69.3,3.93,95.0,49.9,95.0,95.0,0.2,2315.52121930607,1.2,1.1,BOL,Others,5,7.940000057,96.0
Bolivia (Plurinational State of),2012,0,69.8,3.89,93.0,5.6,93.0,93.0,0.1,2575.59857098084,1.2,1.1,BOL,Others,5,8.170000076,92.0
Bolivia (Plurinational State of),2013,0,71.0,3.78,94.0,51.2,95.0,94.0,0.1,2870.02377000756,1.2,1.1,BOL,Others,5,8.423333486,87.0
Bolivia (Plurinational State of),2014,0,74.0,3.62,98.0,51.9,99.0,98.0,0.1,3041.43503162408,1.2,1.1,BOL,Others,5,8.676666896,89.0
Bolivia (Plurinational State of),2015,0,77.0,3.11,99.0,52.6,99.0,99.0,0.1,2996.01289811344,1.2,1.1,BOL,Others,5,8.930000305,95.0
Brazil,2000,0,75.0,7.26,94.0,43.7,99.0,98.0,0.1,3739.11936,3.4,3.4,BRA,South America,6,5.272178174,99.0
Brazil,2001,0,71.0,7.13,91.0,44.5,99.0,98.0,0.1,3146.95177,3.4,3.4,BRA,South America,6,5.449133635,99.0
Brazil,2002,0,71.4,7.0,92.0,45.3,99.0,99.0,0.1,2819.649531,3.3,3.3,BRA,South America,6,5.626089097,96.0
Brazil,2003,0,71.8,6.95,97.0,46.1,99.0,99.0,0.1,359.587582,3.3,3.3,BRA,South America,6,5.803044558,97.0
Brazil,2004,0,72.0,6.85,96.0,46.9,99.0,99.0,0.1,3623.47667,3.2,3.2,BRA,South America,6,5.980000019,97.0
Brazil,2005,0,72.7,6.97,98.0,47.8,99.0,99.0,0.1,477.182746,3.2,3.1,BRA,South America,6,6.150000095,98.0
Brazil,2006,0,73.0,7.1,99.0,48.6,99.0,99.0,0.1,586.145975,3.1,3.1,BRA,South America,6,6.320000172,99.0
Brazil,2007,0,73.3,7.19,99.0,49.4,99.0,99.0,0.1,7313.557962,3.1,3.0,BRA,South America,6,6.5,99.0
Brazil,2008,0,73.4,7.21,96.0,5.3,99.0,99.0,0.1,8787.61375,3.0,3.0,BRA,South America,6,6.670000076,99.0
Brazil,2009,0,73.6,7.33,99.0,51.1,99.0,99.0,0.1,8553.3847,3.0,2.9,BRA,South America,6,6.769999981,99.0
Brazil,2010,0,73.8,7.52,96.0,52.0,99.0,99.0,0.1,11224.1548,2.9,2.9,BRA,South America,6,6.880000114,99.0
Brazil,2011,0,74.1,7.58,98.0,52.8,98.0,99.0,0.1,13167.47289,2.9,2.8,BRA,South America,6,7.010000229,99.0
Brazil,2012,0,74.5,7.55,96.0,53.6,96.0,95.0,0.1,12291.46685,2.8,2.8,BRA,South America,6,7.21999979,99.0
Brazil,2013,0,74.7,7.24,96.0,54.5,96.0,97.0,0.1,12216.9446,2.8,2.7,BRA,South America,6,7.289999962,98.0
Brazil,2014,0,74.8,7.32,96.0,55.3,96.0,93.0,0.1,1226.61731,2.7,2.7,BRA,South America,6,7.380000114,97.0
Brazil,2015,0,75.0,7.92,96.0,56.1,98.0,96.0,0.1,8757.2622,2.7,2.6,BRA,South America,6,7.510000229,96.0
Barbados,2000,0,73.3,7.43,95.0,43.0,86.0,93.0,0.9,11568.1111,4.3,4.2,BRB,North America,3,8.989999771,94.0
Barbados,2001,0,73.4,7.38,95.0,43.8,93.0,84.0,0.7,11513.87189,4.2,4.2,BRB,North America,3,9.095642626,93.0
Barbados,2002,0,73.5,7.59,66.0,44.6,86.0,87.0,0.8,11675.39395,4.2,4.1,BRB,North America,3,9.20128548,91.0
Barbados,2003,0,73.7,7.65,95.0,45.4,94.0,89.0,0.4,1228.5447,4.1,4.1,BRB,North America,3,9.306928334,90.0
Barbados,2004,0,73.8,7.68,93.0,46.2,93.0,93.0,0.2,12868.8639,4.1,4.0,BRB,North America,3,9.412571189,98.0
Barbados,2005,0,73.9,8.01,92.0,46.9,91.0,92.0,0.1,14223.86576,4.0,4.0,BRB,North America,3,9.518214043,93.0
Barbados,2006,0,74.1,8.39,84.0,47.7,85.0,84.0,0.1,15646.5591,4.0,3.9,BRB,North America,3,9.545142614,92.0
Barbados,2007,0,74.2,8.47,93.0,48.4,93.0,93.0,0.1,16462.48556,3.9,3.9,BRB,North America,3,9.572071185,75.0
Barbados,2008,0,74.4,8.95,85.0,49.2,85.0,85.0,0.1,1657.3228,3.9,3.9,BRB,North America,3,9.598999756,94.0
Barbados,2009,0,74.6,8.46,93.0,49.9,93.0,93.0,0.1,16523.32388,3.8,3.8,BRB,North America,3,9.625928326,94.0
Barbados,2010,0,74.7,8.41,95.0,5.7,94.0,86.0,0.1,1595.91232,3.8,3.8,BRB,North America,3,9.652856897,85.0
Barbados,2011,0,74.9,8.51,91.0,51.4,91.0,91.0,0.1,15534.1574,3.8,3.8,BRB,North America,3,9.661142611,93.0
Barbados,2012,0,75.1,8.61,87.0,52.2,88.0,87.0,0.1,15384.8749,3.8,3.8,BRB,North America,3,9.669428325,90.0
Barbados,2013,0,75.2,8.74,91.0,53.0,91.0,91.0,0.1,15472.7814,3.8,3.8,BRB,North America,3,9.677714039,87.0
Barbados,2014,0,75.4,8.82,94.0,53.7,95.0,94.0,0.1,15359.66971,3.8,3.7,BRB,North America,3,9.685999753,95.0
Barbados,2015,0,75.5,9.64,97.0,54.5,97.0,97.0,0.1,15557.8381,3.8,3.7,BRB,North America,3,9.694285467,96.0
Brunei Darussalam,2000,0,74.4,0.37,99.0,26.1,99.0,99.0,0.1,188.44826,6.8,6.3,BRN,Asia,1,8.29,99.0
Brunei Darussalam,2001,0,74.7,0.47,99.0,27.0,99.0,97.0,0.1,16468.12886,6.8,6.2,BRN,Asia,1,8.328,99.0
Brunei Darussalam,2002,0,74.8,0.13,99.0,28.0,99.0,94.0,0.1,16846.2198,6.7,6.1,BRN,Asia,1,8.366,99.0
Brunei Darussalam,2003,0,76.0,0.12,99.0,29.1,99.0,92.0,0.1,18555.56649,6.6,6.1,BRN,Asia,1,8.404,98.0
Brunei Darussalam,2004,0,76.4,0.11,99.0,3.1,92.0,92.0,0.1,21896.6527,6.5,6.0,BRN,Asia,1,8.442,99.0
Brunei Darussalam,2005,0,76.2,0.16,99.0,31.2,93.0,94.0,0.1,2612.13345,6.4,5.9,BRN,Asia,1,8.48,98.0
Brunei Darussalam,2006,0,76.3,0.67,99.0,32.2,94.0,97.0,0.1,398.96692,6.3,5.8,BRN,Asia,1,8.538,97.0
Brunei Darussalam,2007,0,76.0,0.85,97.0,33.2,95.0,99.0,0.1,32672.36717,6.2,5.7,BRN,Asia,1,8.596,97.0
Brunei Darussalam,2008,0,77.2,0.67,96.0,34.2,97.0,98.0,0.1,37951.286,6.1,5.6,BRN,Asia,1,8.654,99.0
Brunei Darussalam,2009,0,76.8,0.25,96.0,35.2,99.0,99.0,0.1,27965.4754,6.0,5.5,BRN,Asia,1,8.712,99.0
Brunei Darussalam,2010,0,76.9,0.88,96.0,36.2,99.0,95.0,0.1,35268.1117,5.9,5.4,BRN,Asia,1,8.77,94.0
Brunei Darussalam,2011,0,77.4,0.97,93.0,37.2,99.0,97.0,0.1,4717.273,5.9,5.4,BRN,Asia,1,8.82,91.0
Brunei Darussalam,2012,0,78.3,0.01,99.0,38.2,99.0,99.0,0.1,47651.2599,5.8,5.3,BRN,Asia,1,8.87,95.0
Brunei Darussalam,2013,0,77.1,0.01,98.0,39.2,99.0,99.0,0.1,44597.27968,5.8,5.2,BRN,Asia,1,8.92,96.0
Brunei Darussalam,2014,0,77.6,0.01,99.0,4.2,99.0,99.0,0.1,4159.8652,5.7,5.2,BRN,Asia,1,8.97,97.0
Brunei Darussalam,2015,0,77.7,0.71,99.0,41.2,99.0,99.0,0.1,3967.8951,5.7,5.1,BRN,Asia,1,9.02,96.0
Bhutan,2010,0,67.9,0.28,91.0,2.3,92.0,91.0,0.5,2178.921383,16.6,17.3,BTN,Asia,1,2.359933,95.0
Bhutan,2011,0,68.3,0.23,95.0,21.1,95.0,95.0,0.5,2458.45976,16.3,17.0,BTN,Asia,1,2.288726499,95.0
Bhutan,2012,0,68.7,0.01,97.0,21.9,97.0,97.0,0.6,2422.816,16.1,16.7,BTN,Asia,1,2.220000029,95.0
Bhutan,2013,0,69.1,0.01,97.0,22.7,97.0,97.0,0.6,235.882889,15.9,16.5,BTN,Asia,1,2.588000011,94.0
Bhutan,2014,0,69.4,0.01,99.0,23.6,98.0,99.0,0.5,2522.7968,15.7,16.2,BTN,Asia,1,2.955999994,97.0
Bhutan,2015,0,69.8,4.48,99.0,24.5,98.0,99.0,0.5,2613.645177,15.4,16.0,BTN,Asia,1,3.323999977,97.0
Botswana,2000,0,47.8,5.37,86.0,29.9,97.0,97.0,38.8,3349.68823,12.3,12.2,BWA,Africa,0,7.61,91.0
Botswana,2001,0,46.7,5.48,87.0,3.5,97.0,97.0,37.2,3128.97793,11.8,11.8,BWA,Africa,0,7.744,91.0
Botswana,2002,0,46.0,6.41,88.0,31.1,97.0,97.0,34.6,355.618382,11.4,11.3,BWA,Africa,0,7.878,92.0
Botswana,2003,0,46.4,5.51,87.0,31.6,96.0,96.0,31.9,4163.6596,1.9,1.8,BWA,Africa,0,8.012,92.0
Botswana,2004,0,48.1,4.9,91.0,32.2,96.0,96.0,28.4,4896.583835,1.5,1.4,BWA,Africa,0,8.146,93.0
Botswana,2005,0,51.7,6.37,92.0,32.7,96.0,96.0,20.6,5351.253732,1.0,9.9,BWA,Africa,0,8.28,93.0
Botswana,2006,0,54.8,6.45,93.0,33.2,96.0,96.0,14.4,5374.554867,9.6,9.4,BWA,Africa,0,8.398,94.0
Botswana,2007,0,56.9,6.21,93.0,33.7,96.0,96.0,13.4,5714.47937,9.2,9.0,BWA,Africa,0,8.516,95.0
Botswana,2008,0,57.5,6.56,94.0,34.2,96.0,96.0,12.7,5623.379566,8.8,8.6,BWA,Africa,0,8.634,95.0
Botswana,2009,0,59.2,5.01,94.0,34.7,96.0,96.0,9.0,5185.729845,8.4,8.2,BWA,Africa,0,8.752,96.0
Botswana,2010,0,61.1,5.99,95.0,35.2,96.0,95.0,6.2,6346.15624,8.0,7.8,BWA,Africa,0,8.87,96.0
Botswana,2011,0,62.2,5.76,95.0,35.7,96.0,95.0,5.5,7645.21469,7.7,7.4,BWA,Africa,0,9.1,97.0
Botswana,2012,0,63.4,0.01,95.0,36.2,96.0,95.0,4.4,729.231453,7.3,7.0,BWA,Africa,0,9.33,97.0
Botswana,2013,0,64.2,0.01,95.0,36.8,96.0,95.0,2.8,77.625783,7.0,6.7,BWA,Africa,0,9.56,97.0
Botswana,2014,0,65.1,0.01,95.0,37.3,96.0,95.0,2.3,7497.762376,6.7,6.4,BWA,Africa,0,9.79,97.0
Botswana,2015,0,65.7,5.18,95.0,37.9,96.0,95.0,2.2,6532.651,6.4,6.1,BWA,Africa,0,10.02,97.0
Central African Republic,2000,0,46.0,1.51,87.0,16.5,38.0,37.0,14.3,243.5429317,1.5,1.5,CAF,Africa,0,2.593130448,36.0
Central African Republic,2001,0,45.6,1.52,87.0,16.8,82.0,83.0,13.9,243.1586486,1.4,1.4,CAF,Africa,0,2.665665566,35.0
Central African Republic,2002,0,45.6,1.47,87.0,17.2,42.0,44.0,13.4,253.768343,1.2,1.2,CAF,Africa,0,2.738200683,42.0
Central African Republic,2003,0,45.7,1.49,87.0,17.5,44.0,47.0,12.8,286.25819,1.0,1.1,CAF,Africa,0,2.8107358,49.0
Central African Republic,2004,0,45.7,1.5,87.0,17.9,45.0,51.0,12.0,313.21598,9.9,9.9,CAF,Africa,0,2.883270918,55.0
Central African Republic,2005,0,45.9,1.5,87.0,18.2,47.0,54.0,11.2,327.1149461,9.7,9.7,CAF,Africa,0,2.955806035,62.0
Central African Republic,2006,0,46.3,1.54,87.0,18.6,47.0,51.0,10.0,347.673678,9.6,9.6,CAF,Africa,0,3.012020751,61.0
Central African Republic,2007,0,46.8,1.5,87.0,19.0,46.0,48.0,9.0,397.148467,9.4,9.4,CAF,Africa,0,3.068235467,59.0
Central African Republic,2008,0,47.6,1.52,87.0,19.4,46.0,45.0,8.3,456.8614334,9.3,9.2,CAF,Africa,0,3.124450183,58.0
Central African Republic,2009,0,48.6,1.56,42.0,19.8,45.0,42.0,7.3,449.961839,9.1,9.1,CAF,Africa,0,3.180664899,56.0
Central African Republic,2010,0,49.2,1.67,45.0,2.2,46.0,45.0,6.6,446.4434494,9.0,8.9,CAF,Africa,0,3.236879615,53.0
Central African Republic,2011,0,49.8,1.66,47.0,2.7,47.0,47.0,5.8,494.336779,8.8,8.8,CAF,Africa,0,3.356562559,49.0
Central African Republic,2012,0,53.0,0.01,47.0,21.2,47.0,47.0,5.1,486.41114,8.7,8.6,CAF,Africa,0,3.476245503,48.0
Central African Republic,2013,0,49.9,0.01,23.0,21.6,23.0,23.0,5.1,337.4849614,8.5,8.5,CAF,Africa,0,3.595928447,25.0
Central African Republic,2014,0,58.0,0.01,47.0,22.1,47.0,47.0,4.5,377.132274,8.4,8.3,CAF,Africa,0,3.71561139,47.0
Central African Republic,2015,0,52.5,1.57,47.0,22.7,47.0,47.0,4.4,348.381417,8.2,8.2,CAF,Africa,0,3.835294334,46.0
Canada,2000,0,79.1,7.6,95.0,57.8,88.0,89.0,0.1,24124.16917,0.5,0.5,CAN,North America,3,12.48599987,96.0
Canada,2001,0,79.4,7.6,95.0,58.5,88.0,89.0,0.1,23691.59472,0.5,0.4,CAN,North America,3,12.65999985,95.0
Canada,2002,0,79.5,7.7,95.0,59.3,88.0,88.0,0.1,24167.8431,0.5,0.4,CAN,North America,3,12.79199982,95.0
Canada,2003,0,79.7,7.7,95.0,6.0,88.0,91.0,0.1,28172.14883,0.5,0.4,CAN,North America,3,12.92399979,95.0
Canada,2004,0,80.0,7.8,95.0,6.6,91.0,91.0,0.1,31979.87195,0.5,0.4,CAN,North America,3,13.05599976,94.0
Canada,2005,0,81.0,8.0,95.0,61.3,93.0,93.0,0.1,36189.58838,0.5,0.4,CAN,North America,3,13.18799973,94.0
Canada,2006,0,85.0,8.2,95.0,61.9,95.0,95.0,0.1,4386.69948,0.5,0.4,CAN,North America,3,13.31999969,93.0
Canada,2007,0,85.0,8.3,95.0,62.5,94.0,94.0,0.1,44544.5268,0.5,0.4,CAN,North America,3,13.36799984,94.0
Canada,2008,0,87.0,8.3,95.0,63.0,89.0,92.0,0.1,46596.33599,0.5,0.4,CAN,North America,3,13.41599998,93.0
Canada,2009,0,81.0,8.4,95.0,63.6,89.0,91.0,0.1,4773.45436,0.5,0.4,CAN,North America,3,13.46400013,91.0
Canada,2010,0,81.2,8.4,56.0,64.1,88.0,89.0,0.1,47447.4762,0.5,0.4,CAN,North America,3,13.51200027,90.0
Canada,2011,0,81.5,8.2,95.0,64.7,87.0,87.0,0.1,5282.2176,0.5,0.5,CAN,North America,3,13.56000042,88.0
Canada,2012,0,81.6,8.3,95.0,65.3,99.0,95.0,0.1,52496.69487,0.5,0.5,CAN,North America,3,13.59400024,89.0
Canada,2013,0,81.8,8.2,55.0,65.8,91.0,91.0,0.1,52413.72116,0.5,0.5,CAN,North America,3,13.62800007,90.0
Canada,2014,0,82.0,8.1,55.0,66.4,91.0,91.0,0.1,544.43376,0.5,0.5,CAN,North America,3,13.66199989,90.0
Canada,2015,0,82.2,8.18,55.0,67.0,91.0,91.0,0.1,43315.744,0.6,0.5,CAN,North America,3,13.69599972,89.0
Switzerland,2000,1,79.7,11.26,95.0,5.8,95.0,93.0,0.1,37813.23426,0.7,0.5,CHE,Europe,2,10.63767836,82.0
Switzerland,2001,1,82.0,11.12,95.0,51.3,95.0,93.0,0.1,38538.64447,0.7,0.5,CHE,Europe,2,10.75139504,82.0
Switzerland,2002,1,84.0,10.85,95.0,51.8,95.0,93.0,0.1,41336.72192,0.6,0.5,CHE,Europe,2,10.86511172,82.0
Switzerland,2003,1,85.0,10.82,95.0,52.3,95.0,93.0,0.1,4796.56497,0.6,0.5,CHE,Europe,2,10.9788284,82.0
Switzerland,2004,1,81.0,10.55,95.0,52.8,95.0,93.0,0.1,53255.97631,0.6,0.4,CHE,Europe,2,11.09254507,82.0
Switzerland,2005,1,81.1,10.15,95.0,53.2,94.0,94.0,0.1,54797.54663,0.6,0.4,CHE,Europe,2,11.20626175,87.0
Switzerland,2006,1,81.5,10.24,95.0,53.7,94.0,94.0,0.1,57348.92788,0.6,0.4,CHE,Europe,2,11.73969635,87.0
Switzerland,2007,1,81.7,10.44,95.0,54.1,94.0,94.0,0.1,63223.46778,0.5,0.4,CHE,Europe,2,12.27313095,87.0
Switzerland,2008,1,82.0,10.29,95.0,54.6,96.0,95.0,0.1,72119.5687,0.5,0.4,CHE,Europe,2,12.80656555,92.0
Switzerland,2009,1,82.1,10.15,95.0,55.0,96.0,95.0,0.1,69672.471,0.5,0.4,CHE,Europe,2,13.34000015,92.0
Switzerland,2010,1,82.3,10.01,95.0,55.4,96.0,95.0,0.1,74276.71842,0.5,0.4,CHE,Europe,2,13.31999969,92.0
Switzerland,2011,1,82.6,9.99,95.0,55.8,96.0,96.0,0.1,87998.44468,0.5,0.3,CHE,Europe,2,13.32999992,93.0
Switzerland,2012,1,82.7,9.86,95.0,56.2,96.0,96.0,0.1,83164.38795,0.5,0.3,CHE,Europe,2,13.40999985,93.0
Switzerland,2013,1,83.0,9.73,95.0,56.6,96.0,96.0,0.1,84658.88768,0.4,0.3,CHE,Europe,2,13.5250001,93.0
Switzerland,2014,1,83.2,9.61,95.0,57.0,96.0,96.0,0.1,85814.58857,0.4,0.3,CHE,Europe,2,13.64000034,94.0
Switzerland,2015,1,83.4,9.05,95.0,57.4,97.0,97.0,0.1,8989.8424,0.4,0.3,CHE,Europe,2,13.71000004,94.0
Chile,2000,0,77.3,6.24,93.0,54.0,91.0,91.0,0.1,511.368479,1.1,1.1,CHL,South America,6,9.1479843,97.0
Chile,2001,0,77.3,6.1,93.0,54.7,96.0,97.0,0.1,4595.666327,1.0,1.0,CHL,South America,6,9.285988177,96.0
Chile,2002,0,77.8,6.06,93.0,55.4,97.0,97.0,0.1,4463.545867,1.0,1.0,CHL,South America,6,9.423992054,95.0
Chile,2003,0,77.9,6.37,93.0,56.1,96.0,96.0,0.1,4787.699532,1.0,1.0,CHL,South America,6,9.561995932,96.0
Chile,2004,0,78.0,6.32,93.0,56.8,94.0,93.0,0.1,621.828325,0.9,1.0,CHL,South America,6,9.699999809,94.0
Chile,2005,0,78.4,7.57,93.0,57.4,92.0,91.0,0.1,7615.3468,0.9,1.0,CHL,South America,6,9.736666679,90.0
Chile,2006,0,78.9,7.33,95.0,58.1,94.0,94.0,0.1,9484.681227,0.9,0.9,CHL,South America,6,9.773333549,91.0
Chile,2007,0,78.9,7.39,92.0,58.7,95.0,96.0,0.1,1526.87746,0.9,0.9,CHL,South America,6,9.81000042,92.0
Chile,2008,0,79.6,7.31,95.0,59.3,95.0,95.0,0.1,1781.3668,0.9,0.9,CHL,South America,6,10.10999966,96.0
Chile,2009,0,79.3,7.67,94.0,59.9,94.0,94.0,0.1,1243.32824,0.8,0.9,CHL,South America,6,9.980000019,93.0
Chile,2010,0,79.1,7.93,92.0,6.6,92.0,92.0,0.1,1286.17764,0.8,0.9,CHL,South America,6,9.850000381,93.0
Chile,2011,0,79.8,7.26,94.0,61.2,93.0,94.0,0.1,1475.69242,0.8,0.8,CHL,South America,6,9.539999962,91.0
Chile,2012,0,79.9,6.76,93.0,61.8,93.0,93.0,0.1,15431.9293,0.8,0.8,CHL,South America,6,9.775000095,90.0
Chile,2013,0,81.0,7.2,93.0,62.5,93.0,91.0,0.1,15941.39722,0.8,0.8,CHL,South America,6,10.01000023,90.0
Chile,2014,0,83.0,7.16,95.0,63.1,95.0,95.0,0.1,14817.37778,0.8,0.8,CHL,South America,6,10.13500023,97.0
Chile,2015,0,85.0,7.89,97.0,63.8,96.0,96.0,0.1,13653.2264,0.8,0.8,CHL,South America,6,10.26000023,96.0
China,2000,0,71.7,3.06,95.0,2.5,86.0,85.0,0.1,959.372181,5.9,5.1,CHN,Asia,1,6.119999886,84.0
China,2001,0,72.2,2.84,65.0,21.2,86.0,86.0,0.1,153.1824,5.7,5.0,CHN,Asia,1,6.213999891,85.0
China,2002,0,72.7,2.91,95.0,21.9,86.0,86.0,0.1,1148.5857,5.5,4.9,CHN,Asia,1,6.307999897,85.0
China,2003,0,73.1,2.96,75.0,22.6,87.0,86.0,0.1,1288.642924,5.3,4.7,CHN,Asia,1,6.401999903,85.0
China,2004,0,73.5,3.04,79.0,23.4,87.0,87.0,0.1,158.668462,5.1,4.6,CHN,Asia,1,6.495999908,86.0
China,2005,0,73.9,2.92,84.0,24.1,87.0,87.0,0.1,1753.4178,5.0,4.4,CHN,Asia,1,6.589999914,86.0
China,2006,0,74.2,3.28,91.0,24.9,94.0,93.0,0.1,299.229676,4.8,4.3,CHN,Asia,1,6.68399992,93.0
China,2007,0,74.4,3.88,92.0,25.7,94.0,93.0,0.1,2695.366223,4.7,4.1,CHN,Asia,1,6.777999926,94.0
China,2008,0,74.5,4.27,95.0,26.5,99.0,97.0,0.1,3471.247547,4.5,4.0,CHN,Asia,1,6.871999931,97.0
China,2009,0,74.9,4.88,99.0,27.3,99.0,99.0,0.1,3838.434292,4.4,3.8,CHN,Asia,1,6.965999937,99.0
China,2010,0,75.0,5.75,99.0,28.1,99.0,99.0,0.1,456.512487,4.2,3.6,CHN,Asia,1,7.059999943,99.0
China,2011,0,75.2,5.63,99.0,29.0,99.0,99.0,0.1,5633.79616,4.1,3.5,CHN,Asia,1,7.154564977,99.0
China,2012,0,75.4,5.74,99.0,3.0,99.0,99.0,0.1,6337.882993,3.9,3.3,CHN,Asia,1,7.249130011,99.0
China,2013,0,75.6,5.79,99.0,3.9,99.0,99.0,0.1,777.77594,3.8,3.2,CHN,Asia,1,7.343695045,99.0
China,2014,0,75.8,5.78,99.0,31.9,99.0,99.0,0.1,7683.5238,3.7,3.0,CHN,Asia,1,7.438260078,99.0
China,2015,0,76.1,6.44,99.0,32.9,99.0,99.0,0.1,869.211938,3.6,2.9,CHN,Asia,1,7.532825112,99.0
Côte d'Ivoire,2000,0,47.9,3.45,55.56441717791411,19.4,66.0,65.0,7.1,936.636541348798,8.1,8.1,CIV,Africa,0,3.139966854,68.0
Côte d'Ivoire,2001,0,47.8,3.15,87.0,19.9,82.0,66.0,7.0,924.727294962066,7.9,7.9,CIV,Africa,0,3.234648932,71.0
Côte d'Ivoire,2002,0,47.7,3.13,87.0,2.4,82.0,64.0,6.9,967.815864415991,7.7,7.7,CIV,Africa,0,3.329331009,71.0
Côte d'Ivoire,2003,0,48.0,3.12,63.0,2.9,68.0,61.0,6.7,1111.17135087887,7.5,7.5,CIV,Africa,0,3.424013087,70.0
Côte d'Ivoire,2004,0,48.2,3.08,67.0,21.5,76.0,67.0,6.5,1199.82524528546,7.3,7.3,CIV,Africa,0,3.518695164,78.0
Côte d'Ivoire,2005,0,48.7,3.11,76.0,22.1,87.0,76.0,6.1,1197.74616979415,7.2,7.1,CIV,Africa,0,3.613377242,84.0
Côte d'Ivoire,2006,0,49.4,2.65,77.0,22.6,76.0,77.0,5.8,1230.43056838584,7.0,6.9,CIV,Africa,0,3.706127032,73.0
Côte d'Ivoire,2007,0,49.9,2.58,76.0,23.2,75.0,76.0,5.3,1367.53817722326,6.8,6.7,CIV,Africa,0,3.798876822,67.0
Côte d'Ivoire,2008,0,54.0,2.69,74.0,23.8,58.0,74.0,4.1,1583.97066701372,6.6,6.6,CIV,Africa,0,3.891626612,63.0
Côte d'Ivoire,2009,0,51.0,2.92,81.0,24.4,77.0,81.0,3.7,1540.45393569596,6.5,6.4,CIV,Africa,0,3.984376402,67.0
Côte d'Ivoire,2010,0,51.5,3.15,85.0,25.0,81.0,85.0,3.3,1553.54887048143,6.3,6.2,CIV,Africa,0,4.077126192,64.0
Côte d'Ivoire,2011,0,51.7,3.13,62.0,25.6,58.0,62.0,3.3,1596.62826565998,6.1,6.0,CIV,Africa,0,4.227844601,49.0
Côte d'Ivoire,2012,0,52.0,3.24,82.0,26.2,83.0,82.0,2.9,1546.9460184731,5.9,5.9,CIV,Africa,0,4.37856301,74.0
Côte d'Ivoire,2013,0,52.3,3.15,87.0,26.8,79.0,83.0,2.4,1786.15862031324,5.8,5.7,CIV,Africa,0,4.529281419,70.0
Côte d'Ivoire,2014,0,52.8,0.01,76.0,27.4,76.0,76.0,2.0,1991.36539423404,5.6,5.6,CIV,Africa,0,4.679999828,59.0
Côte d'Ivoire,2015,0,53.3,0.01,83.0,28.0,81.0,83.0,1.9,1814.71855088017,5.5,5.5,CIV,Africa,0,4.707142694,67.0
Cameroon,2000,0,51.4,3.91,87.0,2.9,57.0,62.0,7.7,68.414399,7.7,7.8,CMR,Africa,0,2.981221328,49.0
Cameroon,2001,0,51.5,4.43,87.0,21.3,61.0,63.0,7.9,614.6729339,7.5,7.7,CMR,Africa,0,3.058831636,51.0
Cameroon,2002,0,51.6,4.58,87.0,21.8,66.0,66.0,7.8,676.397661,7.4,7.5,CMR,Africa,0,3.136441943,53.0
Cameroon,2003,0,51.8,4.64,87.0,22.3,72.0,73.0,7.7,824.8689393,7.2,7.3,CMR,Africa,0,3.21405225,61.0
Cameroon,2004,0,52.1,4.71,87.0,22.8,72.0,73.0,7.5,93.211716,7.0,7.1,CMR,Africa,0,3.291662558,64.0
Cameroon,2005,0,52.8,5.03,79.0,23.3,79.0,83.0,7.4,952.1872484,6.9,7.0,CMR,Africa,0,3.369272865,68.0
Cameroon,2006,0,53.3,5.22,81.0,23.8,78.0,81.0,7.2,12.989164,6.7,6.8,CMR,Africa,0,3.429636437,73.0
Cameroon,2007,0,53.6,5.44,82.0,24.4,81.0,82.0,7.0,111.71186,6.6,6.6,CMR,Africa,0,3.49000001,74.0
Cameroon,2008,0,54.2,5.9,84.0,24.9,82.0,84.0,6.7,1233.524316,6.4,6.5,CMR,Africa,0,4.059999943,80.0
Cameroon,2009,0,54.8,5.89,87.0,25.4,79.0,83.0,6.3,123.19538,6.3,6.3,CMR,Africa,0,4.629999876,74.0
Cameroon,2010,0,55.3,6.15,84.0,26.0,83.0,84.0,5.5,1182.869227,6.1,6.2,CMR,Africa,0,5.199999809,79.0
Cameroon,2011,0,55.6,6.19,87.0,26.6,82.0,82.0,4.9,1295.649726,6.0,6.0,CMR,Africa,0,5.352463603,76.0
Cameroon,2012,0,55.9,0.01,85.0,27.2,85.0,85.0,4.6,1255.648189,5.9,5.9,CMR,Africa,0,5.504927397,74.0
Cameroon,2013,0,56.4,0.01,89.0,27.8,88.0,89.0,4.0,1365.34419,5.8,5.8,CMR,Africa,0,5.657391191,71.0
Cameroon,2014,0,56.7,0.01,87.0,28.4,86.0,87.0,3.7,1441.1417,5.7,5.7,CMR,Africa,0,5.809854984,71.0
Cameroon,2015,0,57.3,6.75,84.0,29.0,83.0,84.0,3.5,1244.429421,5.6,5.5,CMR,Africa,0,5.962318778,71.0
Democratic Republic of the Congo,2000,0,51.3,1.98,87.0,14.9,42.0,83.0,2.5,377.925421481395,12.4,12.3,COD,Africa,0,5.141164165,26.0
Democratic Republic of the Congo,2001,0,51.8,1.9,87.0,15.3,82.0,83.0,2.4,142.678142604412,12.2,12.1,COD,Africa,0,5.200545392,34.0
Democratic Republic of the Congo,2002,0,52.1,1.85,87.0,15.7,82.0,38.0,2.4,162.38052907429,12.1,11.9,COD,Africa,0,5.25992662,41.0
Democratic Republic of the Congo,2003,0,52.8,1.83,87.0,16.1,47.0,41.0,2.2,161.491553524396,11.9,11.7,COD,Africa,0,5.319307847,48.0
Democratic Republic of the Congo,2004,0,53.5,1.44,87.0,16.5,52.0,54.0,2.1,180.664764963633,11.7,11.5,COD,Africa,0,5.378689075,57.0
Democratic Republic of the Congo,2005,0,54.3,1.43,87.0,16.9,82.0,83.0,2.0,214.539740473519,11.5,11.3,COD,Africa,0,5.438070302,61.0
Democratic Republic of the Congo,2006,0,55.0,1.53,87.0,17.3,62.0,62.0,2.0,255.445229568751,11.3,11.1,COD,Africa,0,5.478699563,63.0
Democratic Republic of the Congo,2007,0,55.7,1.52,87.0,17.8,72.0,83.0,1.9,294.101615124419,11.1,1.9,COD,Africa,0,5.519328824,64.0
Democratic Republic of the Congo,2008,0,56.3,2.09,65.0,18.2,64.0,65.0,1.8,352.900363371995,1.8,1.7,COD,Africa,0,5.559958085,64.0
Democratic Republic of the Congo,2009,0,56.7,2.13,72.0,18.6,78.0,72.0,1.7,280.178991035792,1.6,1.4,COD,Africa,0,5.600587346,65.0
Democratic Republic of the Congo,2010,0,57.4,1.81,87.0,19.1,76.0,83.0,1.6,352.400398754692,1.4,1.2,COD,Africa,0,5.641216607,66.0
Democratic Republic of the Congo,2011,0,57.9,1.82,74.0,19.6,77.0,74.0,1.6,372.514273875789,1.2,1.0,COD,Africa,0,5.74747775,66.0
Democratic Republic of the Congo,2012,0,58.3,0.01,75.0,2.1,76.0,75.0,1.5,409.931424783784,1.0,9.8,COD,Africa,0,5.853738894,69.0
Democratic Republic of the Congo,2013,0,58.8,0.01,74.0,2.6,74.0,74.0,1.2,460.370334930107,9.9,9.6,COD,Africa,0,5.960000038,68.0
Democratic Republic of the Congo,2014,0,59.3,0.01,87.0,21.1,79.0,83.0,1.1,489.175952097319,9.7,9.5,COD,Africa,0,6.226666768,69.0
Democratic Republic of the Congo,2015,0,59.8,1.14,81.0,21.6,78.0,81.0,1.1,495.826633014883,9.5,9.3,COD,Africa,0,6.493333499,65.0
Congo,2000,0,52.9,2.26,87.0,19.3,31.0,33.0,7.8,1024.30159109181,9.5,9.2,COG,Africa,0,7.26262234,34.0
Congo,2001,0,52.7,2.3,87.0,19.8,32.0,31.0,7.6,854.598314408095,9.4,9.0,COG,Africa,0,7.310683811,35.0
Congo,2002,0,52.6,2.55,87.0,2.3,41.0,41.0,7.2,905.538135544704,9.3,8.9,COG,Africa,0,7.358745283,37.0
Congo,2003,0,53.2,2.45,87.0,2.7,82.0,83.0,6.8,1016.82363412143,9.1,8.8,COG,Africa,0,7.406806754,50.0
Congo,2004,0,54.1,2.58,87.0,21.2,67.0,67.0,6.3,1306.10136324599,9.0,8.6,COG,Africa,0,7.454868225,65.0
Congo,2005,0,55.3,2.03,87.0,21.7,62.0,62.0,5.9,1799.05158366154,8.8,8.5,COG,Africa,0,7.502929697,54.0
Congo,2006,0,56.9,2.25,87.0,22.3,73.0,73.0,5.5,2103.5821381211,8.7,8.3,COG,Africa,0,7.516280106,61.0
Congo,2007,0,58.2,2.75,64.0,22.8,71.0,72.0,5.0,2206.47101863414,8.5,8.2,COG,Africa,0,7.529630514,59.0
Congo,2008,0,59.4,2.58,73.0,23.3,77.0,79.0,4.3,2832.09177777643,8.4,8.0,COG,Africa,0,7.542980923,69.0
Congo,2009,0,68.0,3.47,75.0,23.9,76.0,78.0,4.0,2271.15219175966,8.3,7.9,COG,Africa,0,7.556331332,63.0
Congo,2010,0,62.0,3.53,74.0,24.5,72.0,74.0,3.8,2946.55798067708,8.1,7.7,COG,Africa,0,7.56968174,75.0
Congo,2011,0,62.9,3.82,87.0,25.0,69.0,82.0,3.5,3396.16505817952,8.0,7.6,COG,Africa,0,7.687165337,83.0
Congo,2012,0,63.7,0.01,62.0,25.6,61.0,85.0,3.3,3732.32737320389,7.9,7.5,COG,Africa,0,7.804648934,80.0
Congo,2013,0,63.9,0.01,85.0,26.2,85.0,85.0,3.0,3697.41705884249,7.7,7.4,COG,Africa,0,7.92213253,80.0
Congo,2014,0,64.2,0.01,87.0,26.8,82.0,83.0,3.0,3601.2365808718,7.6,7.3,COG,Africa,0,8.039616127,80.0
Congo,2015,0,64.7,4.11,87.0,27.4,82.0,83.0,2.8,2439.35189403696,7.5,7.1,COG,Africa,0,8.157099724,80.0
Colombia,2000,0,71.4,4.66,78.0,46.7,82.0,79.0,0.1,2472.197831,2.6,2.3,COL,South America,6,6.862727382,88.0
Colombia,2001,0,71.5,4.43,93.0,47.5,83.0,93.0,0.1,2395.856551,2.5,2.3,COL,South America,6,6.914545579,93.0
Colombia,2002,0,71.8,4.45,78.0,48.2,83.0,81.0,0.1,2355.725857,2.5,2.3,COL,South America,6,6.966363777,93.0
Colombia,2003,0,72.4,4.25,92.0,49.0,92.0,92.0,0.1,2246.257472,2.5,2.2,COL,South America,6,7.018181974,93.0
Colombia,2004,0,72.8,4.26,89.0,49.8,89.0,89.0,0.1,274.249442,2.4,2.2,COL,South America,6,7.070000172,92.0
Colombia,2005,0,73.1,4.38,93.0,5.5,93.0,93.0,0.1,3386.256,2.4,2.1,COL,South America,6,7.28000021,94.0
Colombia,2006,0,73.1,4.53,93.0,51.3,94.0,93.0,0.1,379.78776,2.3,2.1,COL,South America,6,6.800000191,95.0
Colombia,2007,0,73.5,4.66,93.0,52.0,93.0,93.0,0.1,4674.21961,2.3,2.1,COL,South America,6,7.190000057,95.0
Colombia,2008,0,73.5,4.45,92.0,52.8,92.0,92.0,0.1,5433.7245,2.3,2.0,COL,South America,6,7.320000172,92.0
Colombia,2009,0,73.6,4.34,92.0,53.5,92.0,92.0,0.1,5148.422113,2.2,2.0,COL,South America,6,7.25,95.0
Colombia,2010,0,73.6,4.28,88.0,54.2,88.0,88.0,0.1,625.65544,2.2,2.0,COL,South America,6,7.389999866,88.0
Colombia,2011,0,74.2,4.37,85.0,55.0,85.0,85.0,0.1,7227.73968,2.2,2.0,COL,South America,6,7.519999981,88.0
Colombia,2012,0,74.3,4.44,92.0,55.7,91.0,91.0,0.1,7884.984429,2.1,1.9,COL,South America,6,7.630000114,94.0
Colombia,2013,0,74.4,4.41,91.0,56.4,91.0,91.0,0.1,83.5863,2.1,1.9,COL,South America,6,7.829999924,92.0
Colombia,2014,0,74.6,4.38,93.0,57.2,93.0,93.0,0.1,7913.383432,2.1,1.9,COL,South America,6,7.989999771,91.0
Colombia,2015,0,74.8,3.44,91.0,57.9,91.0,91.0,0.1,644.525556,2.1,1.9,COL,South America,6,8.050000191,94.0
Comoros,2000,0,59.5,0.09,87.0,17.3,82.0,83.0,0.1,375.8528566,7.9,7.9,COM,Africa,0,2.71568799,70.0
Comoros,2001,0,59.5,0.08,87.0,17.6,82.0,83.0,0.1,395.9319363,7.8,7.8,COM,Africa,0,2.872843325,70.0
Comoros,2002,0,59.5,0.08,87.0,18.0,98.0,89.0,0.1,433.2691451,7.7,7.7,COM,Africa,0,3.02999866,71.0
Comoros,2003,0,59.6,0.26,28.0,18.4,82.0,83.0,0.1,544.566526,7.6,7.6,COM,Africa,0,3.187153995,67.0
Comoros,2004,0,59.8,0.27,77.0,18.8,73.0,76.0,0.1,616.4197236,7.5,7.5,COM,Africa,0,3.34430933,76.0
Comoros,2005,0,60.0,0.24,68.0,19.2,67.0,68.0,0.1,621.93372,7.5,7.4,COM,Africa,0,3.501464665,67.0
Comoros,2006,0,63.0,0.25,69.0,19.6,69.0,69.0,0.1,648.38717,7.4,7.3,COM,Africa,0,3.65862,66.0
Comoros,2007,0,66.0,0.16,75.0,2.1,75.0,75.0,0.1,72.759313,7.3,7.2,COM,Africa,0,3.815775335,65.0
Comoros,2008,0,61.0,0.12,81.0,2.6,81.0,81.0,0.1,795.97519,7.2,7.1,COM,Africa,0,3.97293067,76.0
Comoros,2009,0,61.3,0.17,83.0,21.1,84.0,83.0,0.1,778.5454199,7.2,7.0,COM,Africa,0,4.130086005,79.0
Comoros,2010,0,61.8,0.15,74.0,21.6,82.0,74.0,0.1,769.1742883,7.1,6.9,COM,Africa,0,4.28724134,72.0
Comoros,2011,0,62.2,0.12,83.0,22.1,85.0,83.0,0.2,829.7586885,7.0,6.8,COM,Africa,0,4.444396675,79.0
Comoros,2012,0,62.5,0.01,89.0,22.6,85.0,86.0,0.8,788.632653,6.9,6.7,COM,Africa,0,4.60155201,85.0
Comoros,2013,0,62.9,0.01,88.0,23.2,85.0,87.0,0.8,834.341949,6.8,6.6,COM,Africa,0,4.742080832,82.0
Comoros,2014,0,63.2,0.01,88.0,23.7,87.0,87.0,0.8,852.954379,6.8,6.6,COM,Africa,0,4.882609653,80.0
Comoros,2015,0,63.5,0.13,91.0,24.2,92.0,91.0,0.8,727.6463868,6.7,6.5,COM,Africa,0,5.023138475,81.0
Cabo Verde,2000,0,69.9,3.49,87.0,21.5,82.0,83.0,0.8,1239.377855,9.6,9.5,CPV,Africa,0,5.314436678,86.0
Cabo Verde,2001,0,73.0,3.81,87.0,22.1,91.0,83.0,0.8,1268.884564,9.4,9.3,CPV,Africa,0,5.349154601,88.0
Cabo Verde,2002,0,77.0,3.82,87.0,22.6,92.0,91.0,0.8,1373.515636,9.2,9.1,CPV,Africa,0,5.384099328,89.0
Cabo Verde,2003,0,71.1,4.16,66.0,23.2,93.0,92.0,0.9,1768.92132,8.9,8.9,CPV,Africa,0,5.419272341,90.0
Cabo Verde,2004,0,71.4,4.19,91.0,23.7,94.0,93.0,0.8,1976.45856,8.7,8.7,CPV,Africa,0,5.45467513,91.0
Cabo Verde,2005,0,71.8,4.26,93.0,24.3,95.0,95.0,0.8,248.13459,8.5,8.5,CPV,Africa,0,5.490309197,93.0
Cabo Verde,2006,0,72.1,4.25,95.0,24.9,97.0,96.0,0.6,234.28992,8.3,8.3,CPV,Africa,0,5.526176052,94.0
Cabo Verde,2007,0,72.3,5.28,96.0,25.5,98.0,98.0,0.6,3112.285712,8.1,8.0,CPV,Africa,0,5.562277217,96.0
Cabo Verde,2008,0,72.4,4.16,98.0,26.2,99.0,99.0,0.4,3638.95946,7.8,7.8,CPV,Africa,0,5.598614223,97.0
Cabo Verde,2009,0,72.4,4.45,98.0,26.8,99.0,99.0,0.4,3444.5566,7.6,7.6,CPV,Africa,0,5.635188609,97.0
Cabo Verde,2010,0,72.5,4.75,98.0,27.5,99.0,99.0,0.4,3312.825985,7.4,7.4,CPV,Africa,0,5.672001926,97.0
Cabo Verde,2011,0,72.6,5.07,87.0,28.2,82.0,83.0,0.3,367.429453,7.3,7.2,CPV,Africa,0,5.709055736,96.0
Cabo Verde,2012,0,72.7,0.01,94.0,29.0,94.0,94.0,0.3,348.482762,7.1,7.1,CPV,Africa,0,5.74635161,91.0
Cabo Verde,2013,0,72.8,0.01,94.0,29.7,93.0,93.0,0.2,3558.796314,6.9,6.9,CPV,Africa,0,5.783891128,91.0
Cabo Verde,2014,0,73.0,0.01,97.0,3.5,95.0,95.0,0.2,3529.61843,6.8,6.7,CPV,Africa,0,5.821430647,93.0
Cabo Verde,2015,0,73.3,3.76,96.0,31.3,93.0,93.0,0.2,2954.119467,6.6,6.6,CPV,Africa,0,5.860000134,92.0
Costa Rica,2000,0,77.6,4.34,95.0,45.4,94.0,88.0,0.1,388.363689,2.4,2.3,CRI,North America,3,7.558133279,82.0
Costa Rica,2001,0,77.5,4.29,95.0,46.4,92.0,91.0,0.1,3981.52847,2.3,2.2,CRI,North America,3,7.65742243,82.0
Costa Rica,2002,0,78.3,4.17,94.0,47.3,94.0,94.0,0.1,462.14965,2.2,2.2,CRI,North America,3,7.75671158,94.0
Costa Rica,2003,0,78.0,4.04,86.0,48.3,88.0,88.0,0.1,4167.71417,2.2,2.1,CRI,North America,3,7.85600073,89.0
Costa Rica,2004,0,77.7,4.09,95.0,49.3,94.0,94.0,0.1,4425.57467,2.1,2.0,CRI,North America,3,7.955289881,88.0
Costa Rica,2005,0,78.6,4.1,95.0,5.3,91.0,91.0,0.1,4697.11135,2.0,2.0,CRI,North America,3,8.054579031,89.0
Costa Rica,2006,0,78.0,4.15,88.0,51.4,89.0,89.0,0.1,5245.187372,2.0,1.9,CRI,North America,3,8.03228963,90.0
Costa Rica,2007,0,78.9,4.2,89.0,52.4,89.0,89.0,0.1,612.623418,1.9,1.9,CRI,North America,3,8.010000229,90.0
Costa Rica,2008,0,78.9,4.22,89.0,53.4,89.0,94.0,0.1,6911.136136,1.9,1.8,CRI,North America,3,8.289999962,89.0
Costa Rica,2009,0,79.2,4.07,95.0,54.4,94.0,86.0,0.1,689.396224,1.9,1.8,CRI,North America,3,8.359999657,81.0
Costa Rica,2010,0,78.1,3.58,89.0,55.5,93.0,88.0,0.1,8199.414621,1.8,1.8,CRI,North America,3,8.229999542,83.0
Costa Rica,2011,0,79.0,3.41,84.0,56.5,82.0,85.0,0.1,9186.59639,1.8,1.7,CRI,North America,3,8.350000381,83.0
Costa Rica,2012,0,79.2,3.34,95.0,57.5,94.0,91.0,0.1,9985.36959,1.8,1.7,CRI,North America,3,8.409999847,90.0
Costa Rica,2013,0,79.4,3.42,94.0,58.5,95.0,95.0,0.1,1569.66631,1.7,1.7,CRI,North America,3,8.579999924,91.0
Costa Rica,2014,0,79.5,3.45,91.0,59.5,91.0,91.0,0.1,1647.44179,1.7,1.7,CRI,North America,3,8.75,95.0
Costa Rica,2015,0,79.6,3.18,92.0,6.5,92.0,92.0,0.1,1146.36273,1.7,1.7,CRI,North America,3,8.579999924,93.0
Cuba,2000,0,76.9,3.92,98.0,49.4,98.0,95.0,0.1,2741.11542,3.6,3.4,CUB,North America,3,9.99731911,94.0
Cuba,2001,0,76.7,4.04,98.0,5.4,99.0,98.0,0.1,2832.188893,3.6,3.4,CUB,North America,3,10.08365959,96.0
Cuba,2002,0,77.7,4.1,98.0,51.3,98.0,99.0,0.1,2994.339988,3.5,3.3,CUB,North America,3,10.17000008,98.0
Cuba,2003,0,77.4,4.39,99.0,52.1,98.0,72.0,0.1,3192.669378,3.5,3.3,CUB,North America,3,10.30300007,99.0
Cuba,2004,0,77.3,4.38,99.0,53.0,98.0,88.0,0.1,339.716256,3.4,3.3,CUB,North America,3,10.43600006,99.0
Cuba,2005,0,77.2,4.48,95.0,53.8,99.0,89.0,0.1,3779.577,3.4,3.3,CUB,North America,3,10.56900005,98.0
Cuba,2006,0,78.0,4.17,89.0,54.6,99.0,89.0,0.1,4669.6916,3.4,3.2,CUB,North America,3,10.70200005,96.0
Cuba,2007,0,78.1,4.13,93.0,55.4,99.0,93.0,0.1,5184.494227,3.4,3.2,CUB,North America,3,10.83500004,97.0
Cuba,2008,0,77.9,4.26,95.0,56.2,99.0,95.0,0.1,5376.447622,3.4,3.2,CUB,North America,3,10.96800003,98.0
Cuba,2009,0,78.1,4.01,96.0,56.9,99.0,96.0,0.1,5484.7763,3.4,3.2,CUB,North America,3,11.10100002,99.0
Cuba,2010,0,78.0,4.13,96.0,57.7,99.0,96.0,0.1,5676.14143,3.4,3.2,CUB,North America,3,11.23400002,99.0
Cuba,2011,0,78.8,4.14,96.0,58.4,99.0,97.0,0.1,675.92436,3.4,3.2,CUB,North America,3,11.36700001,99.0
Cuba,2012,0,78.7,4.16,96.0,59.2,98.0,99.0,0.1,6425.941119,3.4,3.2,CUB,North America,3,11.5,99.0
Cuba,2013,0,78.7,4.18,96.0,59.9,99.0,99.0,0.1,676.15344,3.4,3.3,CUB,North America,3,11.38051714,99.0
Cuba,2014,0,79.0,4.37,97.0,6.7,99.0,99.0,0.1,75.5199,3.4,3.3,CUB,North America,3,11.26103428,99.0
Cuba,2015,0,79.1,4.65,99.0,61.4,99.0,99.0,0.1,762.261218,3.5,3.3,CUB,North America,3,11.14155143,99.0
Cyprus,2000,1,78.1,9.56,89.0,52.8,97.0,97.0,0.1,14672.8826,0.9,1.0,CYP,Asia,1,9.910000165,86.0
Cyprus,2001,1,78.2,10.16,89.0,53.3,97.0,97.0,0.1,1562.92433,0.9,1.0,CYP,Asia,1,10.07250023,86.0
Cyprus,2002,1,78.4,11.68,88.0,53.8,98.0,98.0,0.1,16372.29152,0.9,1.0,CYP,Asia,1,10.23500029,86.0
Cyprus,2003,1,78.5,10.62,88.0,54.3,98.0,98.0,0.1,2293.4789,0.9,1.0,CYP,Asia,1,10.39750036,86.0
Cyprus,2004,1,78.6,13.03,88.0,54.8,98.0,98.0,0.1,23932.49128,0.9,1.0,CYP,Asia,1,10.56000042,86.0
Cyprus,2005,1,78.7,11.41,88.0,55.3,98.0,98.0,0.1,25324.48666,0.9,1.0,CYP,Asia,1,10.72000027,86.0
Cyprus,2006,1,78.8,11.47,93.0,55.8,97.0,97.0,0.1,27169.99256,0.9,1.0,CYP,Asia,1,10.97000027,87.0
Cyprus,2007,1,78.9,11.56,93.0,56.3,97.0,97.0,0.1,31386.63265,0.9,1.0,CYP,Asia,1,11.18999958,87.0
Cyprus,2008,1,79.1,12.01,93.0,56.8,97.0,97.0,0.1,3539.7488,0.9,1.0,CYP,Asia,1,11.27999973,87.0
Cyprus,2009,1,79.3,10.8,96.0,57.3,99.0,99.0,0.1,3215.8159,0.9,1.0,CYP,Asia,1,11.26000023,87.0
Cyprus,2010,1,79.5,11.32,96.0,57.8,99.0,99.0,0.1,3818.46396,0.9,1.0,CYP,Asia,1,11.43999958,87.0
Cyprus,2011,1,79.7,10.69,96.0,58.3,99.0,99.0,0.1,32233.83942,0.9,1.0,CYP,Asia,1,11.57999992,87.0
Cyprus,2012,1,80.0,10.55,96.0,58.7,99.0,99.0,0.1,28951.15556,0.9,1.0,CYP,Asia,1,11.81000042,86.0
Cyprus,2013,1,81.0,9.04,96.0,59.2,99.0,99.0,0.1,2797.96736,0.9,1.0,CYP,Asia,1,11.88000011,86.0
Cyprus,2014,1,83.0,0.01,96.0,59.8,99.0,99.0,0.1,2734.88382,0.9,1.0,CYP,Asia,1,11.88000011,86.0
Cyprus,2015,1,85.0,5.4,97.0,6.3,97.0,97.0,0.1,2375.1127,1.0,1.0,CYP,Asia,1,11.86999989,90.0
Czechia,2000,1,74.7,13.22,95.0,59.0,98.0,98.0,0.1,6062.92152842793,2.3,2.3,CZE,Europe,2,10.98799992,97.0
Czechia,2001,1,75.1,13.36,95.0,59.4,97.0,98.0,0.1,6669.07494847497,2.2,2.3,CZE,Europe,2,11.17666658,97.0
Czechia,2002,1,75.3,13.47,86.0,59.9,97.0,98.0,0.1,8101.26018588111,2.2,2.3,CZE,Europe,2,11.36533324,98.0
Czechia,2003,1,75.2,13.01,92.0,6.4,97.0,97.0,0.1,9852.45677945801,2.2,2.2,CZE,Europe,2,11.5539999,97.0
Czechia,2004,1,75.8,13.24,98.0,6.8,96.0,98.0,0.1,11782.5546676117,2.1,2.2,CZE,Europe,2,11.74266656,97.0
Czechia,2005,1,75.9,13.19,99.0,61.3,96.0,97.0,0.1,13442.4916284309,2.1,2.1,CZE,Europe,2,11.93133322,97.0
Czechia,2006,1,76.5,13.03,98.0,61.8,98.0,98.0,0.1,15259.0788162004,2.0,2.1,CZE,Europe,2,12.11999989,97.0
Czechia,2007,1,76.8,13.43,99.0,62.2,99.0,99.0,0.1,18452.6532812196,2.0,2.1,CZE,Europe,2,12.14000034,98.0
Czechia,2008,1,77.0,13.25,99.0,62.6,99.0,99.0,0.1,22774.7045076205,1.9,2.0,CZE,Europe,2,12.18999958,97.0
Czechia,2009,1,77.1,13.23,99.0,63.1,99.0,99.0,0.1,19817.4215836554,1.9,2.0,CZE,Europe,2,12.28999996,98.0
Czechia,2010,1,77.5,12.69,99.0,63.6,99.0,99.0,0.1,20160.4355077059,1.9,2.0,CZE,Europe,2,12.39000034,98.0
Czechia,2011,1,77.8,12.43,99.0,64.0,99.0,99.0,0.1,22049.1080788682,1.9,1.9,CZE,Europe,2,12.47000027,98.0
Czechia,2012,1,78.0,12.71,99.0,64.5,99.0,99.0,0.1,20014.0354015165,1.8,1.9,CZE,Europe,2,12.52000046,98.0
Czechia,2013,1,78.2,12.45,99.0,65.1,99.0,98.0,0.1,20260.4954999375,1.8,1.9,CZE,Europe,2,12.60000038,99.0
Czechia,2014,1,78.6,12.68,99.0,65.6,99.0,97.0,0.1,20038.4163180257,1.8,1.9,CZE,Europe,2,12.64000034,99.0
Czechia,2015,1,78.8,12.86,97.0,66.1,97.0,97.0,0.1,17931.5987670768,1.8,1.8,CZE,Europe,2,12.67000008,99.0
Germany,2000,1,78.0,12.91,84.0,55.1,94.0,96.0,0.1,23718.7467,1.2,1.2,DEU,Europe,2,12.41976383,92.0
Germany,2001,1,78.3,12.46,86.0,55.6,96.0,93.0,0.1,23687.31689,1.2,1.1,DEU,Europe,2,12.76482292,94.0
Germany,2002,1,78.4,12.25,87.0,56.1,97.0,93.0,0.1,2525.16445,1.2,1.1,DEU,Europe,2,13.10988201,94.0
Germany,2003,1,78.5,11.92,95.0,56.6,96.0,97.0,0.1,3359.95215,1.1,1.1,DEU,Europe,2,13.4549411,95.0
Germany,2004,1,79.1,11.83,88.0,57.1,96.0,96.0,0.1,34165.9343,1.1,1.1,DEU,Europe,2,13.80000019,96.0
Germany,2005,1,79.2,11.67,95.0,57.6,95.0,96.0,0.1,34696.6292,1.1,1.1,DEU,Europe,2,13.69999981,96.0
Germany,2006,1,79.6,11.76,87.0,58.0,94.0,96.0,0.1,36447.87232,1.1,1.1,DEU,Europe,2,13.60000038,96.0
Germany,2007,1,79.8,11.5,86.0,58.5,95.0,96.0,0.1,41814.8191,1.1,1.1,DEU,Europe,2,13.68000031,97.0
Germany,2008,1,79.9,11.36,87.0,59.0,95.0,96.0,0.1,45699.19832,1.1,1.1,DEU,Europe,2,13.76000023,97.0
Germany,2009,1,80.0,11.22,88.0,59.5,95.0,96.0,0.1,41732.7725,1.1,1.1,DEU,Europe,2,13.82999992,97.0
Germany,2010,1,81.0,11.2,88.0,59.9,94.0,95.0,0.1,41785.55691,1.1,1.1,DEU,Europe,2,13.85000038,97.0
Germany,2011,1,85.0,11.2,88.0,6.4,94.0,95.0,0.1,4681.32796,1.1,1.1,DEU,Europe,2,13.93000031,97.0
Germany,2012,1,86.0,11.18,88.0,6.9,94.0,95.0,0.1,4465.24891,1.1,1.1,DEU,Europe,2,13.97999954,97.0
Germany,2013,1,86.0,10.94,88.0,61.4,94.0,95.0,0.1,4653.91143,1.1,1.1,DEU,Europe,2,14.01000023,97.0
Germany,2014,1,89.0,11.03,88.0,61.9,94.0,95.0,0.1,4792.65288,1.1,1.1,DEU,Europe,2,14.03999996,97.0
Germany,2015,1,81.0,11.16,88.0,62.3,94.0,95.0,0.1,41176.88158,1.1,1.1,DEU,Europe,2,14.07999992,97.0
Djibouti,2000,0,57.4,1.34,87.0,28.2,46.0,46.0,4.1,768.176767,6.4,6.1,DJI,Africa,0,1.506125028,50.0
Djibouti,2001,0,57.7,0.95,87.0,28.6,49.0,53.0,4.3,781.2322196,6.3,6.1,DJI,Africa,0,1.587407638,49.0
Djibouti,2002,0,57.9,1.03,87.0,29.0,62.0,62.0,4.3,792.15412,6.2,6.0,DJI,Africa,0,1.673076911,62.0
Djibouti,2003,0,58.0,1.02,87.0,29.4,68.0,68.0,4.2,819.974118,6.1,5.9,DJI,Africa,0,1.763369586,66.0
Djibouti,2004,0,58.1,1.18,87.0,29.8,64.0,64.0,4.0,864.184726,6.0,5.9,DJI,Africa,0,1.85853518,60.0
Djibouti,2005,0,58.6,1.23,87.0,3.2,71.0,71.0,3.9,94.7297489,5.9,5.8,DJI,Africa,0,1.958836673,65.0
Djibouti,2006,0,59.1,1.02,87.0,3.6,72.0,72.0,3.7,965.6693779,5.8,5.7,DJI,Africa,0,2.064551241,67.0
Djibouti,2007,0,59.8,0.45,87.0,3.9,88.0,88.0,3.5,147.586896,5.8,5.7,DJI,Africa,0,2.175971017,74.0
Djibouti,2008,0,62.0,0.49,88.0,31.3,89.0,89.0,3.3,1214.77118,5.7,5.6,DJI,Africa,0,2.2934039,73.0
Djibouti,2009,0,69.0,0.49,89.0,31.7,89.0,89.0,3.2,1253.657431,5.7,5.6,DJI,Africa,0,2.417174404,84.0
Djibouti,2010,0,61.3,0.44,88.0,32.2,88.0,88.0,3.1,1325.99724,5.6,5.6,DJI,Africa,0,2.54762456,85.0
Djibouti,2011,0,61.8,0.39,87.0,32.7,87.0,87.0,2.7,143.986898,5.6,5.5,DJI,Africa,0,2.685114854,84.0
Djibouti,2012,0,62.2,0.52,81.0,33.2,81.0,81.0,1.9,1536.15685,5.6,5.5,DJI,Africa,0,2.830025229,83.0
Djibouti,2013,0,62.7,0.53,82.0,33.8,82.0,82.0,2.1,1622.637974,5.6,5.4,DJI,Africa,0,2.982756133,80.0
Djibouti,2014,0,63.0,0.38,78.0,34.4,78.0,78.0,2.1,174.91511,5.6,5.4,DJI,Africa,0,3.143729623,71.0
Djibouti,2015,0,63.5,0.28,84.0,35.0,84.0,84.0,2.1,1862.167274,5.6,5.4,DJI,Africa,0,3.304703114,74.0
Dominica,2013,0,73.7685628742515,0.01,96.0,58.4,96.0,96.0,0.1,722.75665,2.7,2.6,DMA,North America,3,9.175053787,93.0
Denmark,2000,1,76.9,11.69,95.0,52.2,97.0,97.0,0.1,3743.55917,1.3,1.0,DNK,Europe,2,12.47500002,99.0
Denmark,2001,1,77.0,11.56,95.0,52.8,97.0,97.0,0.1,3751.64946,1.3,1.0,DNK,Europe,2,12.6400001,94.0
Denmark,2002,1,77.0,11.34,95.0,53.3,98.0,98.0,0.1,33228.69291,1.2,1.0,DNK,Europe,2,12.80500019,95.0
Denmark,2003,1,77.3,11.54,95.0,53.9,96.0,96.0,0.1,4458.7764,1.2,1.0,DNK,Europe,2,12.97000027,96.0
Denmark,2004,1,77.7,11.27,95.0,54.4,95.0,95.0,0.1,46511.6457,1.2,1.0,DNK,Europe,2,12.92000008,96.0
Denmark,2005,1,78.1,11.28,95.0,55.0,93.0,93.0,0.1,48799.8237,1.2,1.0,DNK,Europe,2,12.82999992,95.0
Denmark,2006,1,78.1,11.02,95.0,55.4,93.0,93.0,0.1,5226.99311,1.2,0.9,DNK,Europe,2,12.73999977,90.0
Denmark,2007,1,78.4,10.99,95.0,55.9,87.0,87.0,0.1,58487.451,1.2,0.9,DNK,Europe,2,12.64999962,89.0
Denmark,2008,1,78.8,10.7,95.0,56.3,88.0,88.0,0.1,64322.6664,1.1,0.9,DNK,Europe,2,12.88000011,87.0
Denmark,2009,1,78.9,10.08,95.0,56.6,89.0,89.0,0.1,58163.29359,1.1,0.9,DNK,Europe,2,12.47000027,84.0
Denmark,2010,1,79.2,10.28,95.0,57.0,96.0,96.0,0.1,5841.41122,1.1,0.9,DNK,Europe,2,12.43000031,85.0
Denmark,2011,1,79.7,10.47,95.0,57.4,91.0,91.0,0.1,61753.667,1.1,0.9,DNK,Europe,2,12.47000027,87.0
Denmark,2012,1,80.0,9.26,95.0,57.7,94.0,94.0,0.1,5857.521,1.1,0.9,DNK,Europe,2,12.69999981,90.0
Denmark,2013,1,81.0,9.5,95.0,58.1,94.0,94.0,0.1,61191.19263,1.1,0.9,DNK,Europe,2,12.75,89.0
Denmark,2014,1,84.0,9.64,95.0,58.4,94.0,94.0,0.1,62425.5392,1.1,0.9,DNK,Europe,2,12.39000034,90.0
Denmark,2015,1,86.0,9.38,95.0,58.8,93.0,93.0,0.1,5314.64416,1.1,0.9,DNK,Europe,2,12.64000034,91.0
Dominican Republic,2000,0,72.0,6.58,68.0,43.1,71.0,78.0,2.5,282.4242,3.8,3.7,DOM,North America,3,6.465090095,85.0
Dominican Republic,2001,0,71.2,6.13,66.0,44.1,71.0,72.0,2.5,2862.154836,3.8,3.6,DOM,North America,3,6.542958058,88.0
Dominican Republic,2002,0,71.4,6.43,63.0,45.1,74.0,82.0,2.4,38.46578,3.7,3.6,DOM,North America,3,6.620826021,86.0
Dominican Republic,2003,0,73.0,6.32,79.0,46.1,65.0,79.0,2.3,2372.628827,3.6,3.5,DOM,North America,3,6.698693984,83.0
Dominican Republic,2004,0,69.3,5.16,82.0,47.2,66.0,79.0,2.1,2421.9662,3.6,3.5,DOM,North America,3,6.776561947,81.0
Dominican Republic,2005,0,69.7,5.71,87.0,48.2,86.0,87.0,2.0,3681.5993,3.5,3.4,DOM,North America,3,6.85442991,79.0
Dominican Republic,2006,0,72.3,6.2,84.0,49.3,88.0,89.0,1.8,3836.468771,3.5,3.4,DOM,North America,3,7.012214993,80.0
Dominican Republic,2007,0,72.9,6.05,81.0,5.4,86.0,85.0,1.6,4647.31359,3.4,3.4,DOM,North America,3,7.170000076,80.0
Dominican Republic,2008,0,73.3,6.12,81.0,51.5,86.0,82.0,1.4,511.37937,3.4,3.3,DOM,North America,3,7.193333308,80.0
Dominican Republic,2009,0,73.6,6.05,95.0,52.6,85.0,82.0,1.2,4952.67753,3.4,3.3,DOM,North America,3,7.21666654,81.0
Dominican Republic,2010,0,72.7,6.02,83.0,53.6,85.0,88.0,0.9,5451.6696,3.3,3.3,DOM,North America,3,7.239999771,81.0
Dominican Republic,2011,0,73.1,5.91,95.0,54.7,84.0,84.0,0.7,5759.643,3.3,3.2,DOM,North America,3,7.329999924,82.0
Dominican Republic,2012,0,72.1,5.93,74.0,55.8,85.0,85.0,0.4,5968.876767,3.3,3.2,DOM,North America,3,7.429999828,82.0
Dominican Republic,2013,0,73.4,5.93,95.0,56.8,82.0,83.0,0.3,627.55544,3.3,3.2,DOM,North America,3,7.519999981,77.0
Dominican Republic,2014,0,73.6,5.92,95.0,57.9,94.0,91.0,0.3,6268.692122,3.3,3.2,DOM,North America,3,7.650000095,82.0
Dominican Republic,2015,0,73.9,3.98,81.0,58.9,87.0,85.0,0.3,6468.471648,3.3,3.2,DOM,North America,3,7.71999979,84.0
Algeria,2000,0,71.3,0.25,87.0,44.4,86.0,86.0,0.1,1757.17797,6.5,6.4,DZA,Africa,0,5.609090978,80.0
Algeria,2001,0,71.4,0.23,87.0,45.3,89.0,89.0,0.1,1732.857979,6.4,6.3,DZA,Africa,0,5.683260777,83.0
Algeria,2002,0,71.6,0.36,87.0,46.1,86.0,86.0,0.1,1774.33673,6.3,6.2,DZA,Africa,0,5.757430575,81.0
Algeria,2003,0,71.7,0.34,87.0,47.0,87.0,87.0,0.1,294.33556,6.3,6.1,DZA,Africa,0,5.831600373,84.0
Algeria,2004,0,72.3,0.45,81.0,47.9,86.0,86.0,0.1,2598.9823,6.2,6.1,DZA,Africa,0,5.905770171,81.0
Algeria,2005,0,72.9,0.5,83.0,48.9,88.0,88.0,0.1,31.122378,6.1,6.0,DZA,Africa,0,5.979939969,83.0
Algeria,2006,0,73.4,0.36,87.0,49.8,95.0,95.0,0.1,3464.6179,6.1,6.0,DZA,Africa,0,6.170000076,91.0
Algeria,2007,0,73.8,0.44,87.0,5.8,95.0,95.0,0.1,3935.183343,6.0,5.9,DZA,Africa,0,6.230000019,92.0
Algeria,2008,0,74.1,0.46,91.0,51.8,92.0,93.0,0.1,495.254866,6.0,5.9,DZA,Africa,0,6.289999962,88.0
Algeria,2009,0,74.4,0.5,94.0,52.8,94.0,95.0,0.1,3868.83123,6.0,5.9,DZA,Africa,0,6.053333282,92.0
Algeria,2010,0,74.7,0.45,95.0,53.9,95.0,95.0,0.1,4463.394675,5.9,5.8,DZA,Africa,0,5.816666603,95.0
Algeria,2011,0,74.9,0.56,95.0,55.0,95.0,95.0,0.1,5432.2523,5.9,5.8,DZA,Africa,0,5.579999924,95.0
Algeria,2012,0,75.1,0.66,95.0,56.1,95.0,95.0,0.1,5564.82566,5.9,5.8,DZA,Africa,0,5.760033667,95.0
Algeria,2013,0,75.3,0.53,95.0,57.2,95.0,95.0,0.1,5471.866766,5.9,5.8,DZA,Africa,0,5.94006741,95.0
Algeria,2014,0,75.4,0.01,95.0,58.4,95.0,95.0,0.1,547.8517,6.0,5.8,DZA,Africa,0,6.120101154,95.0
Algeria,2015,0,75.6,0.47,95.0,59.5,95.0,95.0,0.1,4132.76292,6.0,5.8,DZA,Africa,0,6.300134897,95.0
Ecuador,2000,0,72.8,3.99,93.0,43.6,83.0,87.0,0.3,1451.29776,1.6,1.5,ECU,South America,6,7.320588112,99.0
Ecuador,2001,0,73.4,4.13,93.0,44.3,93.0,89.0,0.3,193.741571,1.6,1.5,ECU,South America,6,7.377646923,99.0
Ecuador,2002,0,73.6,3.88,75.0,45.1,88.0,88.0,0.3,2183.966796,1.5,1.4,ECU,South America,6,7.434705734,99.0
Ecuador,2003,0,74.4,3.69,82.0,45.8,97.0,87.0,0.3,244.46898,1.5,1.4,ECU,South America,6,7.491764545,99.0
Ecuador,2004,0,74.4,3.65,93.0,46.5,93.0,88.0,0.3,278.557892,1.5,1.3,ECU,South America,6,7.548823357,99.0
Ecuador,2005,0,74.2,3.54,92.0,47.2,89.0,92.0,0.3,321.942547,1.4,1.3,ECU,South America,6,7.605882168,93.0
Ecuador,2006,0,74.4,3.52,96.0,47.9,92.0,96.0,0.3,335.786541,1.4,1.3,ECU,South America,6,7.662940979,97.0
Ecuador,2007,0,74.7,3.63,94.0,48.6,95.0,96.0,0.2,359.71886,1.4,1.3,ECU,South America,6,7.71999979,98.0
Ecuador,2008,0,74.6,3.76,93.0,49.3,94.0,96.0,0.1,4274.95265,1.3,1.2,ECU,South America,6,7.730000019,98.0
Ecuador,2009,0,75.1,3.87,91.0,5.0,91.0,94.0,0.1,4255.56571,1.3,1.2,ECU,South America,6,7.739999771,97.0
Ecuador,2010,0,75.0,3.95,93.0,5.7,88.0,91.0,0.1,4657.32361,1.3,1.2,ECU,South America,6,7.849999905,95.0
Ecuador,2011,0,75.3,3.99,88.0,51.4,85.0,88.0,0.1,5223.351763,1.3,1.2,ECU,South America,6,7.909999847,94.0
Ecuador,2012,0,75.5,3.92,88.0,52.1,85.0,87.0,0.1,572.14313,1.3,1.2,ECU,South America,6,8.100000381,96.0
Ecuador,2013,0,76.0,3.77,87.0,52.8,87.0,87.0,0.1,674.9829,1.3,1.1,ECU,South America,6,8.289999962,97.0
Ecuador,2014,0,76.0,3.82,83.0,53.5,84.0,83.0,0.1,6432.216537,1.2,1.1,ECU,South America,6,8.359999657,85.0
Ecuador,2015,0,76.2,3.69,78.0,54.2,84.0,78.0,0.1,625.62224,1.2,1.1,ECU,South America,6,8.699999809,84.0
Egypt,2000,0,68.8,0.14,98.0,5.7,98.0,98.0,0.1,1366.09274372613,3.6,3.5,EGY,Africa,0,6.365999985,98.0
Egypt,2001,0,68.6,0.14,99.0,51.2,99.0,99.0,0.1,1295.1374184163,3.5,3.4,EGY,Africa,0,6.375,97.0
Egypt,2002,0,68.7,0.15,97.0,51.8,97.0,97.0,0.1,1116.82884626213,3.4,3.4,EGY,Africa,0,6.384000015,97.0
Egypt,2003,0,68.6,0.15,98.0,52.3,98.0,98.0,0.1,1031.27556291284,3.3,3.3,EGY,Africa,0,6.393000031,98.0
Egypt,2004,0,69.0,0.16,97.0,52.9,97.0,97.0,0.1,991.255689145253,3.3,3.2,EGY,Africa,0,6.402000046,97.0
Egypt,2005,0,69.4,0.16,98.0,53.5,98.0,98.0,0.1,1105.53920713903,3.2,3.2,EGY,Africa,0,6.411000061,98.0
Egypt,2006,0,69.5,0.18,98.0,54.2,98.0,98.0,0.1,1298.97900203124,3.2,3.1,EGY,Africa,0,6.420000076,98.0
Egypt,2007,0,69.7,0.21,98.0,54.8,98.0,98.0,0.1,1547.74170735909,3.1,3.1,EGY,Africa,0,6.659090996,97.0
Egypt,2008,0,69.8,0.24,97.0,55.5,97.0,97.0,0.1,1896.21594269779,3.1,3.0,EGY,Africa,0,6.898181915,92.0
Egypt,2009,0,69.9,0.21,97.0,56.2,97.0,97.0,0.1,2161.63964573927,3.0,3.0,EGY,Africa,0,7.137272835,95.0
Egypt,2010,0,70.0,0.22,97.0,57.0,97.0,97.0,0.1,2455.08194645282,3.0,2.9,EGY,Africa,0,7.376363754,96.0
Egypt,2011,0,74.0,0.22,96.0,57.8,96.0,96.0,0.1,2590.64384891965,2.9,2.9,EGY,Africa,0,7.615454674,96.0
Egypt,2012,0,72.0,0.23,93.0,58.6,93.0,93.0,0.1,2996.0677072015,2.9,2.8,EGY,Africa,0,7.854545593,93.0
Egypt,2013,0,79.0,0.21,97.0,59.4,97.0,97.0,0.1,3025.52563552448,2.9,2.8,EGY,Africa,0,8.093636513,96.0
Egypt,2014,0,78.0,0.21,94.0,6.2,94.0,94.0,0.1,3133.39102265541,2.8,2.8,EGY,Africa,0,8.332727432,93.0
Egypt,2015,0,79.0,0.13,93.0,61.1,93.0,93.0,0.1,3306.98159414141,2.8,2.8,EGY,Africa,0,8.571818352,92.0
Spain,2000,1,79.1,11.12,77.0,57.6,95.0,95.0,0.1,14676.769,0.6,0.5,ESP,Europe,2,7.84923106,94.0
Spain,2001,1,79.4,9.86,83.0,58.2,95.0,96.0,0.1,15323.6114,0.6,0.5,ESP,Europe,2,8.046923381,96.0
Spain,2002,1,79.5,12.26,82.0,58.8,98.0,98.0,0.1,1719.53541,0.6,0.5,ESP,Europe,2,8.244615702,97.0
Spain,2003,1,79.4,12.09,81.0,59.3,99.0,98.0,0.1,21495.7741,0.6,0.5,ESP,Europe,2,8.442308022,98.0
Spain,2004,1,81.0,11.96,97.0,59.9,97.0,97.0,0.1,24918.64584,0.6,0.5,ESP,Europe,2,8.640000343,97.0
Spain,2005,1,81.0,11.92,96.0,6.5,96.0,96.0,0.1,2651.71745,0.6,0.5,ESP,Europe,2,8.920000076,97.0
Spain,2006,1,88.0,11.86,97.0,61.1,98.0,98.0,0.1,28482.6948,0.6,0.5,ESP,Europe,2,9.029999733,97.0
Spain,2007,1,89.0,11.05,96.0,61.7,96.0,96.0,0.1,3279.414,0.6,0.5,ESP,Europe,2,9.119999886,97.0
Spain,2008,1,81.3,10.24,97.0,62.3,97.0,97.0,0.1,35578.73619,0.6,0.5,ESP,Europe,2,9.18999958,98.0
Spain,2009,1,81.6,9.99,96.0,62.9,96.0,96.0,0.1,32333.4661,0.6,0.5,ESP,Europe,2,9.25,98.0
Spain,2010,1,81.9,9.78,97.0,63.5,97.0,97.0,0.1,3736.228,0.6,0.5,ESP,Europe,2,9.359999657,95.0
Spain,2011,1,82.1,9.62,97.0,64.1,97.0,97.0,0.1,31834.21816,0.6,0.5,ESP,Europe,2,9.479999542,97.0
Spain,2012,1,82.0,9.35,96.0,64.8,97.0,97.0,0.1,28562.29324,0.6,0.5,ESP,Europe,2,9.510000229,97.0
Spain,2013,1,82.4,9.25,95.0,65.4,96.0,96.0,0.1,2921.9342,0.6,0.5,ESP,Europe,2,9.615000248,95.0
Spain,2014,1,82.6,0.01,96.0,66.0,97.0,97.0,0.1,296.47225,0.6,0.5,ESP,Europe,2,9.720000267,96.0
Spain,2015,1,82.8,10.43,97.0,66.6,97.0,97.0,0.1,25683.84565,0.6,0.5,ESP,Europe,2,9.909999847,96.0
Estonia,2000,0,78.0,0.01,95.0,54.0,93.0,93.0,0.1,47.32827,2.5,2.5,EST,Europe,2,12.18000031,93.0
Estonia,2001,0,78.0,0.01,95.0,54.3,94.0,94.0,0.1,4498.95727,2.4,2.5,EST,Europe,2,12.35000022,95.0
Estonia,2002,0,71.2,11.48,95.0,54.6,94.0,94.0,0.1,538.347781,2.3,2.4,EST,Europe,2,12.52000014,95.0
Estonia,2003,0,71.9,11.64,95.0,54.9,95.0,94.0,0.1,7174.237415,2.2,2.3,EST,Europe,2,12.69000006,95.0
Estonia,2004,0,72.3,15.07,95.0,55.2,95.0,94.0,0.1,885.465115,2.2,2.3,EST,Europe,2,12.85999997,96.0
Estonia,2005,0,72.8,15.52,95.0,55.5,96.0,96.0,0.1,1338.31322,2.1,2.2,EST,Europe,2,13.02999989,96.0
Estonia,2006,0,73.0,16.58,95.0,55.9,95.0,95.0,0.1,12595.4165,2.1,2.2,EST,Europe,2,13.19999981,96.0
Estonia,2007,0,73.0,17.87,95.0,56.3,95.0,95.0,0.1,16586.452,2.0,2.1,EST,Europe,2,13.22000027,96.0
Estonia,2008,0,74.2,16.99,94.0,56.7,95.0,95.0,0.1,1894.5485,2.0,2.1,EST,Europe,2,13.25,95.0
Estonia,2009,0,74.9,15.04,95.0,57.1,95.0,95.0,0.1,14726.31828,2.0,2.0,EST,Europe,2,13.31999969,95.0
Estonia,2010,0,75.6,14.97,94.0,57.6,94.0,94.0,0.1,14638.6482,1.9,2.0,EST,Europe,2,13.32999992,95.0
Estonia,2011,0,76.1,0.01,94.0,58.0,93.0,93.0,0.1,17454.84342,1.9,2.0,EST,Europe,2,13.39999962,94.0
Estonia,2012,0,76.3,0.01,94.0,58.5,94.0,94.0,0.1,17421.8922,1.9,1.9,EST,Europe,2,13.44999981,94.0
Estonia,2013,0,76.9,0.01,93.0,59.0,94.0,94.0,0.1,1929.7746,1.9,1.9,EST,Europe,2,13.53999996,94.0
Estonia,2014,0,77.3,0.01,93.0,59.4,93.0,93.0,0.1,19941.45532,1.9,1.9,EST,Europe,2,13.43999958,93.0
Estonia,2015,0,77.6,16.72,91.0,59.9,93.0,93.0,0.1,1774.9291,1.9,1.9,EST,Europe,2,13.48999977,93.0
Ethiopia,2000,0,51.2,0.88,87.0,12.3,55.0,83.0,5.0,123.876257,11.9,11.8,ETH,Africa,0,1.482605772,28.0
Ethiopia,2001,0,52.5,0.85,87.0,12.6,55.0,32.0,4.9,12.1789279,11.8,11.7,ETH,Africa,0,1.556591678,29.0
Ethiopia,2002,0,53.2,0.8,87.0,12.9,55.0,35.0,4.6,111.3634356,11.7,11.6,ETH,Africa,0,1.630577584,32.0
Ethiopia,2003,0,54.0,0.79,87.0,13.2,55.0,37.0,4.4,118.8734466,11.6,11.5,ETH,Africa,0,1.70456349,33.0
Ethiopia,2004,0,55.0,0.86,87.0,13.5,54.0,83.0,4.1,135.7623858,11.5,11.3,ETH,Africa,0,1.783422613,35.0
Ethiopia,2005,0,56.0,0.99,87.0,13.8,56.0,44.0,3.7,161.6266248,11.5,11.2,ETH,Africa,0,1.862281736,40.0
Ethiopia,2006,0,57.2,1.22,87.0,14.2,59.0,46.0,3.3,193.794956,11.4,11.1,ETH,Africa,0,1.941140858,44.0
Ethiopia,2007,0,58.5,1.06,47.0,14.5,61.0,83.0,2.8,243.326822,11.3,11.0,ETH,Africa,0,2.019999981,49.0
Ethiopia,2008,0,59.8,1.13,52.0,14.9,63.0,54.0,2.4,325.3825543,11.2,1.9,ETH,Africa,0,2.057500005,54.0
Ethiopia,2009,0,68.0,1.17,56.0,15.3,65.0,58.0,2.0,379.7566385,11.1,1.8,ETH,Africa,0,2.095000029,59.0
Ethiopia,2010,0,61.8,1.34,62.0,15.6,69.0,61.0,1.7,341.39992,11.0,1.7,ETH,Africa,0,2.132500052,64.0
Ethiopia,2011,0,62.6,1.32,87.0,16.0,82.0,65.0,1.4,354.8463544,1.9,1.6,ETH,Africa,0,2.170000076,68.0
Ethiopia,2012,0,63.3,1.84,87.0,16.4,82.0,69.0,1.2,468.567249,1.7,1.5,ETH,Africa,0,2.221358061,62.0
Ethiopia,2013,0,63.7,1.86,87.0,16.8,82.0,72.0,0.9,52.1535887,1.6,1.4,ETH,Africa,0,2.272716045,55.0
Ethiopia,2014,0,64.2,0.01,77.0,17.2,75.0,77.0,0.6,571.1622759,1.5,1.3,ETH,Africa,0,2.32407403,54.0
Ethiopia,2015,0,64.8,1.33,77.0,17.6,75.0,77.0,0.6,645.4637627,1.4,1.2,ETH,Africa,0,2.375432014,56.0
Finland,2000,0,77.5,8.59,95.0,55.5,96.0,99.0,0.1,24253.2542,0.9,0.9,FIN,Europe,2,11.41846173,96.0
Finland,2001,0,78.0,8.94,95.0,56.1,95.0,98.0,0.1,24913.24452,0.9,0.8,FIN,Europe,2,11.64230787,96.0
Finland,2002,0,78.1,9.25,95.0,56.6,95.0,98.0,0.1,26834.2625,0.9,0.8,FIN,Europe,2,11.86615401,96.0
Finland,2003,0,78.4,9.31,95.0,57.1,96.0,98.0,0.1,32816.1688,0.9,0.8,FIN,Europe,2,12.09000015,97.0
Finland,2004,0,78.7,9.89,95.0,57.6,96.0,98.0,0.1,37636.11173,0.9,0.8,FIN,Europe,2,12.13500023,97.0
Finland,2005,0,78.9,9.95,95.0,58.1,97.0,97.0,0.1,38969.17163,0.9,0.8,FIN,Europe,2,12.18000031,97.0
Finland,2006,0,79.2,10.15,95.0,58.6,97.0,97.0,0.1,4112.67651,0.9,0.8,FIN,Europe,2,12.22999954,97.0
Finland,2007,0,79.3,10.45,95.0,59.0,97.0,99.0,0.1,48288.5491,0.9,0.8,FIN,Europe,2,12.27999973,98.0
Finland,2008,0,79.6,10.26,95.0,59.4,97.0,99.0,0.1,5341.31487,0.9,0.8,FIN,Europe,2,12.32999992,97.0
Finland,2009,0,79.7,9.96,95.0,59.8,99.0,99.0,0.1,4717.15571,0.9,0.8,FIN,Europe,2,12.36999989,98.0
Finland,2010,0,79.9,9.72,95.0,6.2,99.0,99.0,0.1,4622.41516,0.9,0.8,FIN,Europe,2,12.42000008,98.0
Finland,2011,0,83.0,9.81,95.0,6.6,99.0,99.0,0.1,579.72415,0.9,0.8,FIN,Europe,2,12.46000004,97.0
Finland,2012,0,84.0,9.24,95.0,61.0,99.0,99.0,0.1,47415.55987,0.9,0.8,FIN,Europe,2,12.48999977,97.0
Finland,2013,0,87.0,8.97,95.0,61.4,98.0,98.0,0.1,49638.7713,0.9,0.8,FIN,Europe,2,12.55000019,97.0
Finland,2014,0,89.0,8.8,95.0,61.7,98.0,98.0,0.1,49914.61864,0.9,0.8,FIN,Europe,2,12.60000038,96.0
Finland,2015,0,81.1,8.51,95.0,62.1,97.0,97.0,0.1,4245.39744,0.9,0.8,FIN,Europe,2,12.63000011,95.0
Fiji,2000,0,67.7,2.05,98.0,5.2,91.0,86.0,0.1,276.1338,4.3,4.0,FJI,Oceania,4,8.253636317,81.0
Fiji,2001,0,67.8,1.93,98.0,51.2,92.0,91.0,0.1,238.891729,4.3,4.0,FJI,Oceania,4,8.394545382,83.0
Fiji,2002,0,67.9,1.85,99.0,52.2,94.0,93.0,0.1,2259.55796,4.2,3.9,FJI,Oceania,4,8.535454447,85.0
Fiji,2003,0,68.0,1.76,99.0,53.2,95.0,94.0,0.1,2835.973972,4.2,3.9,FJI,Oceania,4,8.676363512,86.0
Fiji,2004,0,68.1,1.63,99.0,54.2,96.0,95.0,0.1,3332.918533,4.2,3.9,FJI,Oceania,4,8.817272576,88.0
Fiji,2005,0,68.3,2.02,99.0,55.1,97.0,96.0,0.1,3658.63832,4.1,3.8,FJI,Oceania,4,8.958181641,90.0
Fiji,2006,0,68.5,2.06,99.0,55.9,98.0,98.0,0.1,3749.939813,4.1,3.8,FJI,Oceania,4,9.099090706,92.0
Fiji,2007,0,68.6,2.09,99.0,56.6,99.0,99.0,0.1,478.82327,4.1,3.8,FJI,Oceania,4,9.239999771,94.0
Fiji,2008,0,68.7,1.95,99.0,57.3,99.0,99.0,0.1,4177.657789,4.0,3.7,FJI,Oceania,4,9.378999805,95.0
Fiji,2009,0,68.9,2.31,99.0,58.0,99.0,99.0,0.1,3369.48247,4.0,3.7,FJI,Oceania,4,9.51799984,95.0
Fiji,2010,0,69.1,2.25,99.0,58.7,99.0,99.0,0.1,3651.966784,4.0,3.7,FJI,Oceania,4,9.656999874,96.0
Fiji,2011,0,69.2,0.01,99.0,59.5,99.0,99.0,0.1,4353.121392,4.0,3.7,FJI,Oceania,4,9.795999908,96.0
Fiji,2012,0,69.4,0.01,99.0,6.2,99.0,99.0,0.1,4546.73854,4.0,3.7,FJI,Oceania,4,9.934999943,98.0
Fiji,2013,0,69.6,0.01,99.0,61.1,99.0,99.0,0.1,4763.68956,4.0,3.7,FJI,Oceania,4,10.07399998,94.0
Fiji,2014,0,69.7,0.01,99.0,61.9,99.0,99.0,0.1,546.3728,4.0,3.7,FJI,Oceania,4,10.21300001,99.0
Fiji,2015,0,69.9,2.91,99.0,62.7,99.0,99.0,0.1,4921.89629,4.0,3.7,FJI,Oceania,4,10.35200005,98.0
France,2000,0,78.8,13.63,95.0,54.6,98.0,97.0,0.1,22465.64184,0.7,0.6,FRA,Europe,2,9.471428462,84.0
France,2001,0,79.0,13.89,95.0,55.2,98.0,97.0,0.1,22527.31775,0.7,0.6,FRA,Europe,2,9.66357129,85.0
France,2002,0,79.2,13.78,95.0,55.8,97.0,97.0,0.1,24275.2426,0.7,0.6,FRA,Europe,2,9.855714117,86.0
France,2003,0,79.3,13.49,95.0,56.4,96.0,97.0,0.1,29691.18158,0.6,0.6,FRA,Europe,2,10.04785694,87.0
France,2004,0,82.0,13.18,95.0,57.0,99.0,98.0,0.1,33874.74255,0.6,0.6,FRA,Europe,2,10.23999977,88.0
France,2005,0,81.0,12.2,95.0,57.5,98.0,98.0,0.1,34879.72633,0.6,0.6,FRA,Europe,2,10.31999969,87.0
France,2006,0,86.0,12.4,95.0,58.0,99.0,99.0,0.1,36544.5853,0.6,0.6,FRA,Europe,2,10.44499969,89.0
France,2007,0,89.0,12.2,95.0,58.6,99.0,98.0,0.1,416.58397,0.6,0.6,FRA,Europe,2,10.56999969,90.0
France,2008,0,89.0,11.9,95.0,59.1,98.0,98.0,0.1,45413.6571,0.6,0.6,FRA,Europe,2,10.64999962,89.0
France,2009,0,81.1,11.8,95.0,59.6,98.0,98.0,0.1,41631.13141,0.6,0.6,FRA,Europe,2,10.63000011,89.0
France,2010,0,81.3,11.7,65.0,6.1,99.0,99.0,0.1,473.34279,0.6,0.6,FRA,Europe,2,10.77999973,89.0
France,2011,0,81.7,11.8,74.0,6.6,99.0,99.0,0.1,4381.288,0.6,0.6,FRA,Europe,2,10.85000038,89.0
France,2012,0,81.5,11.5,78.0,61.1,99.0,99.0,0.1,4838.2444,0.6,0.6,FRA,Europe,2,10.93999958,91.0
France,2013,0,82.0,11.1,74.0,61.6,99.0,99.0,0.1,42554.1225,0.6,0.6,FRA,Europe,2,11.07999992,90.0
France,2014,0,82.2,11.5,83.0,62.0,98.0,98.0,0.1,42955.24287,0.6,0.6,FRA,Europe,2,11.22999954,91.0
France,2015,0,82.4,11.87,86.0,62.5,98.0,98.0,0.1,36526.7711,0.7,0.6,FRA,Europe,2,11.32999992,91.0
Micronesia (Federated States of),2000,0,67.0,2.23,87.0,61.5,85.0,85.0,0.1,2049.3453246655,0.3,0.3,FSM,Others,5,7.80353371,85.0
Micronesia (Federated States of),2001,0,67.2,2.82,81.0,62.0,79.0,75.0,0.1,2103.74859460914,0.3,0.2,FSM,Others,5,7.774548081,84.0
Micronesia (Federated States of),2002,0,66.2,2.78,85.0,62.4,84.0,84.0,0.1,2113.45987332485,0.2,0.2,FSM,Others,5,7.745670118,88.0
Micronesia (Federated States of),2003,0,67.5,3.15,89.0,62.8,88.0,92.0,0.1,2145.87755337517,0.2,0.2,FSM,Others,5,7.716899419,91.0
Micronesia (Federated States of),2004,0,67.7,2.02,89.0,63.2,82.0,78.0,0.1,2104.42804750084,0.2,0.2,FSM,Others,5,7.688235587,85.0
Micronesia (Federated States of),2005,0,67.9,1.9,91.0,63.6,94.0,94.0,0.1,2207.16844533875,0.2,0.2,FSM,Others,5,7.659678224,96.0
Micronesia (Federated States of),2006,0,68.0,1.73,84.0,64.1,81.0,67.0,0.1,2244.97227274486,0.2,0.2,FSM,Others,5,7.631226936,83.0
Micronesia (Federated States of),2007,0,68.2,1.64,89.0,64.7,79.0,79.0,0.1,2293.51341684075,0.2,0.2,FSM,Others,5,7.602881327,92.0
Micronesia (Federated States of),2008,0,68.4,1.97,89.0,65.2,88.0,85.0,0.1,2369.50811741318,0.2,0.2,FSM,Others,5,7.574641007,86.0
Micronesia (Federated States of),2009,0,68.5,2.06,89.0,65.8,81.0,91.0,0.1,2544.11114550961,0.2,0.2,FSM,Others,5,7.546505583,86.0
Micronesia (Federated States of),2010,0,68.7,1.76,88.0,66.4,85.0,85.0,0.1,2702.61165204772,0.2,0.2,FSM,Others,5,7.518474665,80.0
Micronesia (Federated States of),2011,0,68.9,1.89,83.0,67.0,83.0,84.0,0.1,2848.70077003105,0.2,0.2,FSM,Others,5,7.490547867,92.0
Micronesia (Federated States of),2012,0,69.0,2.98,82.0,67.5,81.0,81.0,0.1,2992.28916099077,0.2,0.2,FSM,Others,5,7.4627248,91.0
Micronesia (Federated States of),2013,0,69.2,1.67,83.0,68.1,81.0,81.0,0.1,2893.13437410825,0.2,0.2,FSM,Others,5,7.43500508,91.0
Micronesia (Federated States of),2014,0,69.4,1.58,81.0,68.7,76.0,77.0,0.1,2896.73082002714,0.2,0.2,FSM,Others,5,7.40728536,83.0
Micronesia (Federated States of),2015,0,69.4,1.58,78.0,69.4,71.0,72.0,0.1,2853.07643587028,0.2,0.2,FSM,Others,5,7.37956564,74.0
Gabon,2000,0,61.0,8.87,87.0,28.1,44.0,45.0,9.5,4116.46693,8.0,7.8,GAB,Africa,0,6.15,55.0
Gabon,2001,0,59.8,9.29,87.0,28.7,44.0,45.0,10.1,3976.14887,7.8,7.7,GAB,Africa,0,6.304,55.0
Gabon,2002,0,59.7,8.34,87.0,29.2,44.0,45.0,10.7,412.55271,7.7,7.5,GAB,Africa,0,6.458,55.0
Gabon,2003,0,59.7,6.47,87.0,29.8,44.0,45.0,11.0,4892.11618,7.5,7.4,GAB,Africa,0,6.612,55.0
Gabon,2004,0,59.7,8.13,87.0,3.3,44.0,45.0,11.1,5685.577736,7.4,7.2,GAB,Africa,0,6.766,55.0
Gabon,2005,0,65.0,7.72,28.0,3.8,44.0,45.0,10.9,6741.293948,7.2,7.1,GAB,Africa,0,6.92,55.0
Gabon,2006,0,61.4,8.01,52.0,31.4,44.0,45.0,10.7,727.777345,7.1,6.9,GAB,Africa,0,7.05,55.0
Gabon,2007,0,61.6,9.02,75.0,31.9,78.0,81.0,10.0,8352.81711,6.9,6.8,GAB,Africa,0,7.18,62.0
Gabon,2008,0,61.6,8.75,82.0,32.4,81.0,82.0,8.9,194.2746,6.8,6.6,GAB,Africa,0,7.31,67.0
Gabon,2009,0,61.7,8.64,79.0,33.0,74.0,76.0,8.0,763.66223,6.7,6.5,GAB,Africa,0,7.44,63.0
Gabon,2010,0,62.3,8.85,67.0,33.5,68.0,67.0,7.0,8754.113376,6.5,6.4,GAB,Africa,0,7.57,62.0
Gabon,2011,0,62.8,8.9,75.0,34.1,75.0,75.0,6.0,1716.2258,6.4,6.3,GAB,Africa,0,7.852,72.0
Gabon,2012,0,63.5,8.3,87.0,34.6,82.0,82.0,4.9,9774.18117,6.3,6.2,GAB,Africa,0,8.134,71.0
Gabon,2013,0,64.6,8.86,79.0,35.2,77.0,79.0,3.7,9679.742995,6.2,6.1,GAB,Africa,0,8.416,70.0
Gabon,2014,0,65.5,0.01,87.0,35.8,68.0,83.0,2.8,9692.163874,6.1,6.0,GAB,Africa,0,8.698,61.0
Gabon,2015,0,66.0,7.92,87.0,36.3,79.0,83.0,2.7,7388.984144,6.1,5.9,GAB,Africa,0,8.98,68.0
Georgia,2000,0,71.8,3.28,55.0,46.0,81.0,95.0,0.1,691.997711,3.1,3.1,GEO,Asia,1,11.80593791,73.0
Georgia,2001,0,73.0,2.76,61.0,46.5,83.0,87.0,0.1,733.974142,3.0,3.1,GEO,Asia,1,11.8628319,74.0
Georgia,2002,0,71.7,2.72,51.0,47.0,89.0,84.0,0.1,779.3845935,2.9,3.0,GEO,Asia,1,11.92000008,75.0
Georgia,2003,0,72.7,3.36,48.0,47.5,74.0,75.0,0.1,928.18227,2.9,3.0,GEO,Asia,1,11.97800007,76.0
Georgia,2004,0,72.3,3.74,64.0,48.1,66.0,78.0,0.1,127.367228,2.8,3.0,GEO,Asia,1,12.03600006,86.0
Georgia,2005,0,73.9,4.7,79.0,48.6,82.0,82.0,0.1,153.57521,2.8,2.9,GEO,Asia,1,12.09400005,90.0
Georgia,2006,0,73.9,6.18,84.0,49.2,89.0,88.0,0.1,1872.68416,2.7,2.9,GEO,Asia,1,12.15200005,96.0
Georgia,2007,0,74.4,8.65,94.0,49.9,88.0,98.0,0.1,2492.12878,2.7,2.9,GEO,Asia,1,12.21000004,97.0
Georgia,2008,0,73.9,7.17,95.0,5.5,95.0,92.0,0.1,3174.9491,2.6,2.8,GEO,Asia,1,12.26800003,97.0
Georgia,2009,0,73.2,6.66,54.0,51.3,93.0,88.0,0.1,276.588512,2.6,2.8,GEO,Asia,1,12.32600002,83.0
Georgia,2010,0,73.8,7.24,95.0,52.0,88.0,92.0,0.1,2964.47734,2.6,2.8,GEO,Asia,1,12.38400002,94.0
Georgia,2011,0,73.9,8.14,89.0,52.8,88.0,94.0,0.1,3725.63221,2.6,2.8,GEO,Asia,1,12.44200001,91.0
Georgia,2012,0,74.2,7.71,92.0,53.6,93.0,92.0,0.1,4142.869175,2.6,2.8,GEO,Asia,1,12.5,93.0
Georgia,2013,0,74.5,5.91,96.0,54.4,94.0,93.0,0.1,4274.376857,2.7,2.8,GEO,Asia,1,12.55999994,97.0
Georgia,2014,0,74.5,6.13,91.0,55.3,91.0,91.0,0.1,4429.6575,2.7,2.8,GEO,Asia,1,12.61999989,92.0
Georgia,2015,0,74.4,7.59,94.0,56.2,91.0,94.0,0.1,3764.64912,2.7,2.8,GEO,Asia,1,12.71500015,96.0
Ghana,2000,0,57.2,1.6,87.0,19.5,88.0,88.0,3.6,263.1124679,9.2,9.2,GHA,Africa,0,5.222531394,90.0
Ghana,2001,0,57.4,1.49,87.0,2.1,81.0,79.0,3.5,273.6596668,9.0,9.0,GHA,Africa,0,5.270241306,78.0
Ghana,2002,0,57.6,1.6,87.0,2.7,82.0,78.0,3.5,39.484473,8.8,8.8,GHA,Africa,0,5.317951218,78.0
Ghana,2003,0,57.9,1.53,87.0,21.2,82.0,83.0,3.4,373.2815537,8.6,8.5,GHA,Africa,0,5.365661129,80.0
Ghana,2004,0,58.3,1.46,87.0,21.8,81.0,83.0,3.2,423.1936389,8.4,8.3,GHA,Africa,0,5.413371041,83.0
Ghana,2005,0,58.9,1.5,84.0,22.4,85.0,84.0,3.1,498.172394,8.1,8.1,GHA,Africa,0,5.461080952,83.0
Ghana,2006,0,59.4,1.7,84.0,23.0,84.0,84.0,2.9,922.9351677,7.9,7.9,GHA,Africa,0,5.520718342,85.0
Ghana,2007,0,59.9,1.25,94.0,23.6,94.0,94.0,2.6,19.686718,7.7,7.6,GHA,Africa,0,5.580355731,95.0
Ghana,2008,0,63.0,1.78,93.0,24.2,92.0,93.0,2.2,1224.41554,7.5,7.4,GHA,Africa,0,5.639993121,86.0
Ghana,2009,0,66.0,1.76,94.0,24.9,94.0,94.0,2.1,186.76538,7.3,7.2,GHA,Africa,0,5.69963051,93.0
Ghana,2010,0,69.0,1.69,94.0,25.5,94.0,94.0,1.9,1312.67557,7.1,7.0,GHA,Africa,0,5.7592679,93.0
Ghana,2011,0,61.2,1.64,91.0,26.1,91.0,91.0,1.3,1574.978653,6.9,6.8,GHA,Africa,0,5.789938557,91.0
Ghana,2012,0,61.6,0.01,92.0,26.7,91.0,92.0,0.9,1629.8222,6.7,6.6,GHA,Africa,0,5.820609215,89.0
Ghana,2013,0,61.9,0.01,87.0,27.3,91.0,83.0,0.9,1814.492297,6.6,6.4,GHA,Africa,0,5.851279872,89.0
Ghana,2014,0,62.1,0.01,98.0,28.0,93.0,98.0,0.8,1432.227943,6.4,6.3,GHA,Africa,0,5.88195053,92.0
Ghana,2015,0,62.4,2.04,88.0,28.6,88.0,88.0,0.7,1361.11395,6.2,6.1,GHA,Africa,0,5.912621187,89.0
Guinea,2000,0,52.5,0.17,87.0,16.6,47.0,46.0,3.0,34.516918,1.3,1.3,GIN,Africa,0,1.444285716,42.0
Guinea,2001,0,52.5,0.17,87.0,16.9,52.0,83.0,3.0,315.83983,1.1,1.1,GIN,Africa,0,1.457857149,44.0
Guinea,2002,0,52.9,0.21,87.0,17.3,56.0,53.0,3.0,322.811171,9.9,9.9,GIN,Africa,0,1.471428582,46.0
Guinea,2003,0,53.3,0.18,87.0,17.7,61.0,57.0,2.9,37.1931781,9.7,9.7,GIN,Africa,0,1.485000014,48.0
Guinea,2004,0,54.0,0.34,87.0,18.1,65.0,83.0,2.8,386.3288283,9.5,9.5,GIN,Africa,0,1.498571447,50.0
Guinea,2005,0,54.7,0.21,87.0,18.5,59.0,59.0,2.7,33.424498,9.3,9.3,GIN,Africa,0,1.51214288,51.0
Guinea,2006,0,55.6,0.16,87.0,19.0,53.0,57.0,2.6,296.68382,9.1,9.1,GIN,Africa,0,1.525714312,51.0
Guinea,2007,0,56.4,0.19,57.0,19.4,46.0,63.0,2.4,49.456775,8.9,8.8,GIN,Africa,0,1.539285745,57.0
Guinea,2008,0,56.8,0.21,57.0,19.8,59.0,83.0,2.3,437.4467238,8.6,8.6,GIN,Africa,0,1.552857178,55.0
Guinea,2009,0,57.3,0.18,87.0,2.3,82.0,57.0,2.3,436.6895539,8.4,8.4,GIN,Africa,0,1.56642861,53.0
Guinea,2010,0,57.8,0.2,64.0,2.8,62.0,64.0,2.2,438.7513346,8.2,8.2,GIN,Africa,0,1.580000043,58.0
Guinea,2011,0,58.1,0.22,63.0,21.2,63.0,63.0,2.0,459.2912,8.0,8.0,GIN,Africa,0,1.652500033,62.0
Guinea,2012,0,58.4,0.01,62.0,21.7,63.0,62.0,1.9,52.3485646,7.8,7.8,GIN,Africa,0,1.725000024,58.0
Guinea,2013,0,58.8,0.01,63.0,22.2,63.0,63.0,1.0,54.169324,7.7,7.6,GIN,Africa,0,1.797500014,55.0
Guinea,2014,0,58.1,0.01,51.0,22.7,42.0,51.0,0.5,561.997387,7.5,7.4,GIN,Africa,0,1.870000005,51.0
Guinea,2015,0,59.0,0.36,54.0,23.3,42.0,54.0,0.5,554.48766,7.3,7.3,GIN,Africa,0,2.45095998,47.0
Gambia,2000,0,55.9,2.18,91.0,18.0,84.0,83.0,2.0,538.054072348854,1.2,1.2,GMB,Africa,0,2.238995447,89.0
Gambia,2001,0,56.3,2.25,91.0,18.5,85.0,87.0,2.3,459.803068381399,1.0,1.0,GMB,Africa,0,2.322254574,89.0
Gambia,2002,0,56.6,2.08,92.0,19.1,86.0,87.0,2.5,376.531026962584,9.8,9.8,GMB,Africa,0,2.405513701,90.0
Gambia,2003,0,57.0,2.47,94.0,19.7,87.0,87.0,2.7,308.719123437587,9.6,9.6,GMB,Africa,0,2.488772828,90.0
Gambia,2004,0,57.3,2.51,95.0,2.3,88.0,87.0,2.9,593.285346326581,9.4,9.3,GMB,Africa,0,2.572031955,92.0
Gambia,2005,0,57.7,2.26,95.0,2.9,94.0,95.0,3.0,616.483657865348,9.2,9.1,GMB,Africa,0,2.655291083,91.0
Gambia,2006,0,58.2,2.93,95.0,21.5,94.0,95.0,3.0,614.544307904464,9.0,8.9,GMB,Africa,0,2.75880243,89.0
Gambia,2007,0,58.5,2.64,97.0,22.2,94.0,95.0,3.1,724.726407242432,8.8,8.7,GMB,Africa,0,2.862313777,88.0
Gambia,2008,0,58.7,2.79,98.0,22.8,96.0,96.0,3.0,859.127671411226,8.6,8.5,GMB,Africa,0,2.965825124,92.0
Gambia,2009,0,59.0,2.99,97.0,23.5,97.0,98.0,2.7,774.888030908091,8.4,8.3,GMB,Africa,0,3.069336472,96.0
Gambia,2010,0,59.3,3.48,97.0,24.1,97.0,97.0,2.1,801.033372714536,8.2,8.1,GMB,Africa,0,3.172847819,92.0
Gambia,2011,0,59.8,3.41,96.0,24.8,95.0,96.0,1.8,710.608411468152,8.0,7.9,GMB,Africa,0,3.305612373,91.0
Gambia,2012,0,62.0,0.01,98.0,25.4,98.0,98.0,1.4,692.579361628102,7.8,7.7,GMB,Africa,0,3.438376927,95.0
Gambia,2013,0,66.0,0.01,97.0,26.0,96.0,97.0,1.6,653.862713272743,7.6,7.5,GMB,Africa,0,3.571141481,96.0
Gambia,2014,0,68.0,0.01,96.0,26.7,97.0,96.0,1.7,568.00453558864,7.5,7.3,GMB,Africa,0,3.676881218,96.0
Gambia,2015,0,61.1,1.35,97.0,27.3,96.0,97.0,1.7,619.536364296461,7.3,7.2,GMB,Africa,0,3.782620955,97.0
Guinea-Bissau,2005,0,53.9,3.1,87.0,2.1,73.0,68.0,5.4,424.9534585,9.2,9.0,GNB,Africa,0,2.148568167,76.0
Guinea-Bissau,2006,0,54.4,3.22,87.0,2.7,74.0,71.0,5.6,418.94454,8.9,8.8,GNB,Africa,0,2.27117,74.0
Guinea-Bissau,2007,0,55.0,2.98,87.0,21.3,76.0,74.0,5.7,481.694976,8.7,8.6,GNB,Africa,0,2.418591125,73.0
Guinea-Bissau,2008,0,55.6,2.64,87.0,21.9,77.0,77.0,6.0,583.5445622,8.5,8.4,GNB,Africa,0,2.56601225,71.0
Guinea-Bissau,2009,0,56.3,2.55,87.0,22.5,78.0,83.0,6.0,544.222779,8.3,8.1,GNB,Africa,0,2.713433375,69.0
Guinea-Bissau,2010,0,56.7,3.21,83.0,23.1,82.0,83.0,5.9,543.957418,8.0,7.9,GNB,Africa,0,2.8608545,76.0
Guinea-Bissau,2011,0,57.1,3.57,86.0,23.7,85.0,86.0,5.7,692.69989,7.8,7.7,GNB,Africa,0,3.008275625,83.0
Guinea-Bissau,2012,0,57.6,0.01,87.0,24.3,87.0,87.0,5.3,67.7518833,7.7,7.5,GNB,Africa,0,3.15569675,81.0
Guinea-Bissau,2013,0,58.1,0.01,87.0,25.0,87.0,87.0,4.5,61.566347,7.5,7.3,GNB,Africa,0,3.303117875,81.0
Guinea-Bissau,2014,0,58.4,0.01,87.0,25.6,87.0,87.0,3.4,642.6256154,7.3,7.1,GNB,Africa,0,3.450539,81.0
Guinea-Bissau,2015,0,58.9,3.05,87.0,26.3,87.0,87.0,3.2,596.8717189,7.1,7.0,GNB,Africa,0,3.4950382,80.0
Equatorial Guinea,2000,0,52.7,4.46,87.0,18.3,41.0,34.0,1.9,172.68491,1.7,1.6,GNQ,Africa,0,6.393709877,50.0
Equatorial Guinea,2001,0,53.1,5.07,87.0,18.7,43.0,35.0,2.3,2283.87939,1.6,1.4,GNQ,Africa,0,6.484496369,50.0
Equatorial Guinea,2002,0,53.5,6.01,87.0,19.1,44.0,36.0,2.9,2711.17114,1.4,1.3,GNQ,Africa,0,6.57657197,49.0
Equatorial Guinea,2003,0,53.8,7.13,87.0,19.5,46.0,37.0,3.6,3577.176197,1.2,1.1,GNQ,Africa,0,6.669954983,48.0
Equatorial Guinea,2004,0,54.1,6.28,87.0,19.8,48.0,38.0,4.4,685.34897,1.0,1.0,GNQ,Africa,0,6.764663975,48.0
Equatorial Guinea,2005,0,54.4,7.19,87.0,2.2,82.0,39.0,4.9,185.63334,9.8,9.8,GNQ,Africa,0,6.860717772,47.0
Equatorial Guinea,2006,0,54.8,7.28,87.0,2.5,52.0,83.0,5.3,12732.2759,9.7,9.6,GNQ,Africa,0,6.958135469,47.0
Equatorial Guinea,2007,0,55.0,6.86,87.0,2.9,54.0,41.0,5.9,15761.83913,9.5,9.5,GNQ,Africa,0,7.056936435,46.0
Equatorial Guinea,2008,0,55.4,8.34,87.0,21.3,55.0,42.0,6.3,22742.38159,9.3,9.3,GNQ,Africa,0,7.157140309,45.0
Equatorial Guinea,2009,0,55.7,7.97,87.0,21.7,57.0,43.0,7.3,1653.2937,9.2,9.2,GNQ,Africa,0,7.258767013,45.0
Equatorial Guinea,2010,0,56.1,9.93,87.0,22.1,59.0,44.0,7.2,17136.44568,9.0,9.0,GNQ,Africa,0,7.361836749,44.0
Equatorial Guinea,2011,0,56.2,10.99,87.0,22.6,39.0,41.0,7.7,21451.88617,8.9,8.8,GNQ,Africa,0,7.466370009,46.0
Equatorial Guinea,2012,0,56.7,11.89,87.0,23.0,82.0,24.0,8.2,21557.6528,8.7,8.7,GNQ,Africa,0,7.572387571,49.0
Equatorial Guinea,2013,0,57.4,10.72,87.0,23.5,82.0,83.0,5.7,2246.9938,8.6,8.6,GNQ,Africa,0,7.679910514,51.0
Equatorial Guinea,2014,0,57.9,0.01,87.0,24.0,24.0,83.0,4.4,192.59733,8.5,8.4,GNQ,Africa,0,7.787433457,53.0
Equatorial Guinea,2015,0,58.2,7.1,16.0,24.5,17.0,16.0,4.2,1347.31257,8.4,8.3,GNQ,Africa,0,7.8949564,50.0
Greece,2000,0,78.2,8.48,89.0,57.4,89.0,89.0,0.1,1242.95373,0.9,0.8,GRC,Europe,2,9.103571449,89.0
Greece,2001,0,78.7,8.62,95.0,58.0,96.0,91.0,0.1,12538.17883,0.9,0.8,GRC,Europe,2,9.232857159,91.0
Greece,2002,0,79.0,8.09,91.0,58.6,92.0,92.0,0.1,1411.31339,0.8,0.8,GRC,Europe,2,9.362142869,92.0
Greece,2003,0,79.1,9.46,92.0,59.2,93.0,94.0,0.1,18477.57841,0.8,0.8,GRC,Europe,2,9.49142858,94.0
Greece,2004,0,79.2,9.56,92.0,59.9,95.0,95.0,0.1,21955.149,0.8,0.8,GRC,Europe,2,9.62071429,95.0
Greece,2005,0,79.3,9.95,93.0,6.5,96.0,96.0,0.1,22551.73574,0.8,0.7,GRC,Europe,2,9.75,96.0
Greece,2006,0,79.7,9.42,94.0,61.2,98.0,98.0,0.1,2481.15781,0.8,0.7,GRC,Europe,2,10.10000038,98.0
Greece,2007,0,79.4,9.67,95.0,61.8,99.0,99.0,0.1,28827.32636,0.8,0.7,GRC,Europe,2,10.06000042,99.0
Greece,2008,0,79.9,9.51,95.0,62.4,99.0,99.0,0.1,31997.2821,0.8,0.7,GRC,Europe,2,10.10000038,99.0
Greece,2009,0,80.0,9.08,95.0,63.1,99.0,99.0,0.1,2971.973,0.8,0.7,GRC,Europe,2,10.15500021,99.0
Greece,2010,0,83.0,9.0,95.0,63.7,99.0,99.0,0.1,26917.75898,0.8,0.7,GRC,Europe,2,10.21000004,99.0
Greece,2011,0,85.0,8.02,95.0,64.3,99.0,99.0,0.1,25916.29353,0.8,0.7,GRC,Europe,2,10.30750012,99.0
Greece,2012,0,84.0,8.2,98.0,64.9,99.0,99.0,0.1,22242.68193,0.8,0.7,GRC,Europe,2,10.40500021,99.0
Greece,2013,0,86.0,7.46,98.0,65.4,99.0,99.0,0.1,21874.8195,0.8,0.7,GRC,Europe,2,10.5025003,99.0
Greece,2014,0,88.0,7.53,96.0,66.0,99.0,99.0,0.1,21673.7817,0.8,0.7,GRC,Europe,2,10.60000038,97.0
Greece,2015,0,81.0,6.73,96.0,66.5,99.0,99.0,0.1,187.78991,0.8,0.7,GRC,Europe,2,10.73999977,97.0
Grenada,2002,0,79.0,10.71,98.0,38.8,98.0,98.0,0.1,5292.232379,4.1,4.1,GRD,North America,3,8.639279542,96.0
Grenada,2003,0,71.1,9.75,97.0,39.4,98.0,97.0,0.1,5773.73577,4.0,4.1,GRD,North America,3,8.683001974,99.0
Grenada,2004,0,73.0,8.43,83.0,39.9,84.0,83.0,0.1,5836.17763,4.0,4.0,GRD,North America,3,8.726945681,74.0
Grenada,2005,0,71.5,8.8,99.0,4.5,99.0,99.0,0.1,6754.512393,3.9,4.0,GRD,North America,3,8.771111782,99.0
Grenada,2006,0,71.7,9.06,91.0,41.1,91.0,91.0,0.1,6764.722867,3.9,3.9,GRD,North America,3,8.815501403,98.0
Grenada,2007,0,71.9,9.06,96.0,41.8,96.0,96.0,0.1,7322.596862,3.9,3.9,GRD,North America,3,8.860115674,98.0
Grenada,2008,0,72.1,8.92,99.0,42.4,99.0,99.0,0.1,7946.944346,3.8,3.9,GRD,North America,3,8.904955734,99.0
Grenada,2009,0,72.4,8.42,99.0,43.1,99.0,99.0,0.1,7395.88125,3.8,3.8,GRD,North America,3,8.950022724,98.0
Grenada,2010,0,72.6,7.91,97.0,43.9,94.0,97.0,0.1,7365.666659,3.8,3.8,GRD,North America,3,8.995317793,95.0
Grenada,2011,0,72.9,7.84,94.0,44.7,95.0,95.0,0.1,741.48438,3.8,3.8,GRD,North America,3,9.040842095,95.0
Grenada,2012,0,73.1,8.07,97.0,45.6,98.0,97.0,0.1,7583.1872,3.8,3.8,GRD,North America,3,9.086596791,94.0
Grenada,2013,0,73.3,8.25,97.0,46.5,98.0,97.0,0.1,7955.615985,3.8,3.8,GRD,North America,3,9.132583046,94.0
Grenada,2014,0,73.5,8.42,97.0,47.4,81.0,97.0,0.1,8569.776998,3.8,3.8,GRD,North America,3,9.178802032,94.0
Grenada,2015,0,73.6,7.58,92.0,48.4,99.0,92.0,0.1,9212.192824,3.8,3.8,GRD,North America,3,9.225021019,99.0
Guatemala,2000,0,67.7,2.63,95.0,4.4,94.0,81.0,0.2,1655.596261,1.6,1.6,GTM,North America,3,3.917029283,86.0
Guatemala,2001,0,68.4,2.53,95.0,41.1,78.0,77.0,0.3,1568.376276,1.5,1.5,GTM,North America,3,3.883514594,91.0
Guatemala,2002,0,69.3,2.41,95.0,41.7,82.0,82.0,0.3,171.771491,1.5,1.5,GTM,North America,3,3.849999905,92.0
Guatemala,2003,0,69.4,2.45,95.0,42.4,84.0,84.0,0.4,1753.349471,1.4,1.4,GTM,North America,3,3.799999952,94.0
Guatemala,2004,0,69.6,2.4,95.0,43.1,88.0,87.0,0.4,1872.73783,1.4,1.4,GTM,North America,3,3.75,95.0
Guatemala,2005,0,69.2,2.35,87.0,43.8,87.0,87.0,0.4,277.83438,1.4,1.4,GTM,North America,3,3.700000048,93.0
Guatemala,2006,0,69.7,2.38,95.0,44.5,94.0,89.0,0.4,2256.56724,1.4,1.4,GTM,North America,3,3.650000095,95.0
Guatemala,2007,0,75.0,2.4,85.0,45.2,85.0,85.0,0.4,2489.955836,1.3,1.3,GTM,North America,3,3.841666778,86.0
Guatemala,2008,0,79.0,2.21,95.0,45.9,96.0,95.0,0.4,2794.22189,1.3,1.3,GTM,North America,3,4.03333346,96.0
Guatemala,2009,0,76.0,2.14,92.0,46.5,92.0,92.0,0.4,2635.753474,1.3,1.3,GTM,North America,3,4.225000143,92.0
Guatemala,2010,0,77.0,2.14,94.0,47.2,94.0,94.0,0.4,2825.5247,1.3,1.3,GTM,North America,3,4.416666826,93.0
Guatemala,2011,0,71.1,2.16,88.0,47.9,88.0,88.0,0.4,3187.845296,1.2,1.2,GTM,North America,3,4.608333508,89.0
Guatemala,2012,0,71.3,2.02,96.0,48.6,94.0,96.0,0.4,3299.65139,1.2,1.2,GTM,North America,3,4.800000191,93.0
Guatemala,2013,0,71.4,1.93,85.0,49.3,84.0,85.0,0.4,3452.828934,1.2,1.2,GTM,North America,3,4.900000095,91.0
Guatemala,2014,0,71.7,1.88,73.0,49.9,65.0,73.0,0.4,3687.763767,1.2,1.2,GTM,North America,3,5.840000153,68.0
Guatemala,2015,0,71.9,1.67,95.0,5.6,94.0,74.0,0.4,3923.573344,1.2,1.2,GTM,North America,3,4.933569908,79.0
Guyana,2000,0,65.4,6.63,93.0,35.7,79.0,88.0,1.1,946.599372,5.9,5.8,GUY,South America,6,6.010992254,86.0
Guyana,2001,0,65.4,6.71,93.0,36.4,93.0,85.0,1.7,925.582546,5.9,5.7,GUY,South America,6,6.06549607,92.0
Guyana,2002,0,65.3,7.73,91.0,37.1,93.0,91.0,2.3,96.8674827,5.9,5.7,GUY,South America,6,6.119999886,93.0
Guyana,2003,0,65.3,7.93,93.0,37.8,91.0,93.0,2.1,986.7958173,5.8,5.6,GUY,South America,6,6.263449276,89.0
Guyana,2004,0,65.1,7.84,91.0,38.4,91.0,91.0,1.9,145.58861,5.8,5.6,GUY,South America,6,6.406898667,88.0
Guyana,2005,0,65.0,7.35,93.0,39.0,93.0,93.0,1.8,198.455216,5.7,5.5,GUY,South America,6,6.550348057,92.0
Guyana,2006,0,65.2,7.04,93.0,39.6,92.0,93.0,1.1,1945.6395,5.7,5.5,GUY,South America,6,6.693797448,90.0
Guyana,2007,0,65.7,7.2,94.0,4.3,94.0,94.0,1.9,2327.58324,5.7,5.5,GUY,South America,6,6.837246839,96.0
Guyana,2008,0,66.3,7.32,93.0,4.9,93.0,93.0,0.8,2576.124957,5.6,5.4,GUY,South America,6,6.980696229,95.0
Guyana,2009,0,66.1,7.49,98.0,41.6,97.0,98.0,0.3,2716.35256,5.6,5.4,GUY,South America,6,7.12414562,97.0
Guyana,2010,0,65.9,7.52,95.0,42.4,95.0,95.0,0.4,326.281212,5.6,5.3,GUY,South America,6,7.267595011,95.0
Guyana,2011,0,65.6,7.56,93.0,43.2,93.0,93.0,0.4,3439.597513,5.6,5.3,GUY,South America,6,7.411044401,98.0
Guyana,2012,0,65.8,7.57,97.0,44.1,97.0,97.0,0.3,3785.935665,5.6,5.3,GUY,South America,6,7.554493792,99.0
Guyana,2013,0,65.9,7.56,98.0,45.0,98.0,98.0,0.3,3944.178173,5.5,5.3,GUY,South America,6,7.697943183,99.0
Guyana,2014,0,66.0,7.64,98.0,45.9,97.0,98.0,0.3,43.82321,5.5,5.3,GUY,South America,6,7.841392573,99.0
Guyana,2015,0,66.2,5.63,95.0,46.7,92.0,95.0,0.3,4136.689919,5.5,5.3,GUY,South America,6,7.984841964,99.0
Honduras,2000,0,71.0,2.61,93.0,38.8,88.0,94.0,1.7,188.783165,2.8,2.7,HND,North America,3,4.597074777,98.0
Honduras,2001,0,71.3,2.74,95.0,39.6,99.0,96.0,1.6,113.4546,2.7,2.7,HND,North America,3,4.66404004,99.0
Honduras,2002,0,71.6,3.09,94.0,4.4,95.0,95.0,1.5,1132.8721,2.7,2.6,HND,North America,3,4.731005302,97.0
Honduras,2003,0,71.9,3.04,91.0,41.2,92.0,92.0,1.4,1157.3427,2.6,2.5,HND,North America,3,4.797970565,95.0
Honduras,2004,0,72.2,3.02,93.0,42.0,94.0,94.0,1.2,1217.657961,2.6,2.5,HND,North America,3,4.864935827,92.0
Honduras,2005,0,72.5,3.23,97.0,42.8,98.0,98.0,0.9,1311.741714,2.5,2.4,HND,North America,3,4.93190109,96.0
Honduras,2006,0,72.8,3.23,94.0,43.5,94.0,95.0,0.8,1437.628785,2.4,2.4,HND,North America,3,4.940950449,95.0
Honduras,2007,0,73.0,3.16,93.0,44.3,94.0,94.0,0.7,1592.572182,2.4,2.3,HND,North America,3,4.949999809,94.0
Honduras,2008,0,73.2,3.14,92.0,45.1,93.0,93.0,0.6,1751.595857,2.3,2.3,HND,North America,3,5.107499838,93.0
Honduras,2009,0,73.4,3.08,97.0,45.9,97.0,97.0,0.5,1815.489496,2.3,2.2,HND,North America,3,5.264999866,98.0
Honduras,2010,0,73.6,3.1,97.0,46.8,97.0,97.0,0.4,1932.85829,2.3,2.2,HND,North America,3,5.422499895,98.0
Honduras,2011,0,73.9,3.1,97.0,47.6,97.0,97.0,0.4,212.584798,2.2,2.2,HND,North America,3,5.579999924,97.0
Honduras,2012,0,74.1,3.11,97.0,48.4,97.0,97.0,0.4,2178.38325,2.2,2.1,HND,North America,3,5.519999981,97.0
Honduras,2013,0,74.3,3.11,97.0,49.3,97.0,97.0,0.4,2136.77395,2.2,2.1,HND,North America,3,5.849999905,97.0
Honduras,2014,0,74.5,2.87,97.0,5.2,97.0,97.0,0.3,2242.711912,2.1,2.1,HND,North America,3,6.179999828,97.0
Honduras,2015,0,74.6,2.46,97.0,51.0,97.0,97.0,0.3,2326.15856,2.1,2.1,HND,North America,3,6.289999962,98.0
Croatia,2000,1,74.7,12.73,95.0,54.7,94.0,93.0,0.1,4919.62869,2.1,2.1,HRV,Europe,2,9.623000288,93.0
Croatia,2001,1,74.9,13.15,95.0,55.2,94.0,94.0,0.1,5245.421419,2.0,2.0,HRV,Europe,2,9.930000305,94.0
Croatia,2002,1,74.8,13.39,95.0,55.8,95.0,95.0,0.1,653.71637,2.0,2.0,HRV,Europe,2,10.05100031,95.0
Croatia,2003,1,74.7,13.78,95.0,56.3,95.0,94.0,0.1,785.881418,1.9,1.9,HRV,Europe,2,10.17200031,94.0
Croatia,2004,1,75.4,13.11,95.0,56.9,96.0,96.0,0.1,9365.742468,1.9,1.9,HRV,Europe,2,10.29300032,96.0
Croatia,2005,1,75.2,11.59,95.0,57.5,96.0,96.0,0.1,1224.2459,1.8,1.8,HRV,Europe,2,10.41400032,96.0
Croatia,2006,1,75.9,11.83,95.0,58.1,96.0,96.0,0.1,11363.41845,1.8,1.8,HRV,Europe,2,10.53500032,95.0
Croatia,2007,1,75.8,12.56,95.0,58.7,96.0,96.0,0.1,13546.69872,1.8,1.7,HRV,Europe,2,10.65600033,96.0
Croatia,2008,1,76.0,12.06,97.0,59.4,96.0,96.0,0.1,15893.8656,1.7,1.7,HRV,Europe,2,10.77700033,96.0
Croatia,2009,1,76.3,12.21,97.0,6.0,96.0,96.0,0.1,14157.14416,1.7,1.6,HRV,Europe,2,10.89800034,95.0
Croatia,2010,1,76.6,12.1,97.0,6.6,97.0,97.0,0.1,1355.74586,1.6,1.6,HRV,Europe,2,11.01900034,96.0
Croatia,2011,1,77.0,12.19,97.0,61.3,96.0,96.0,0.1,14539.18421,1.6,1.5,HRV,Europe,2,11.14000034,96.0
Croatia,2012,1,77.1,11.49,98.0,61.9,96.0,96.0,0.1,13235.97757,1.5,1.5,HRV,Europe,2,11.26776578,95.0
Croatia,2013,1,77.7,12.39,96.0,62.5,96.0,96.0,0.1,13574.749,1.5,1.5,HRV,Europe,2,11.32381431,94.0
Croatia,2014,1,77.8,12.14,95.0,63.1,95.0,95.0,0.1,13467.46827,1.5,1.5,HRV,Europe,2,11.39428141,94.0
Croatia,2015,1,78.0,10.08,94.0,63.7,94.0,94.0,0.1,11579.6674,1.5,1.4,HRV,Europe,2,11.41761126,93.0
Haiti,2000,0,58.6,4.79,95.0,34.0,94.0,41.0,5.1,462.486524,4.8,4.8,HTI,North America,3,3.73632444,54.0
Haiti,2001,0,58.9,6.22,95.0,34.8,52.0,45.0,5.0,413.7383164,4.7,4.7,HTI,North America,3,3.843930584,54.0
Haiti,2002,0,59.3,6.1,95.0,35.6,54.0,48.0,4.8,393.16327,4.6,4.7,HTI,North America,3,3.951536728,53.0
Haiti,2003,0,59.7,6.64,95.0,36.5,56.0,53.0,4.6,329.782946,4.5,4.6,HTI,North America,3,4.059142872,53.0
Haiti,2004,0,58.7,6.1,95.0,37.5,58.0,55.0,4.3,387.9429725,4.5,4.5,HTI,North America,3,4.166749016,53.0
Haiti,2005,0,65.0,5.57,95.0,38.5,94.0,94.0,3.9,465.311876,4.4,4.4,HTI,North America,3,4.274355159,53.0
Haiti,2006,0,61.1,6.18,95.0,39.6,61.0,94.0,3.3,55.47626,4.3,4.3,HTI,North America,3,4.364026946,55.0
Haiti,2007,0,61.8,6.08,95.0,4.7,62.0,63.0,2.7,615.8198192,4.2,4.2,HTI,North America,3,4.453698733,57.0
Haiti,2008,0,62.1,5.95,95.0,41.8,64.0,63.0,2.4,674.7564147,4.2,4.2,HTI,North America,3,4.543370519,59.0
Haiti,2009,0,62.5,5.85,95.0,43.0,65.0,65.0,2.0,668.297646,4.1,4.1,HTI,North America,3,4.633042306,62.0
Haiti,2010,0,36.3,5.76,95.0,44.2,66.0,66.0,1.9,662.2795182,4.0,4.0,HTI,North America,3,4.722714092,63.0
Haiti,2011,0,62.3,5.68,95.0,45.3,67.0,68.0,1.5,74.9358452,4.0,4.0,HTI,North America,3,4.824342117,65.0
Haiti,2012,0,62.3,5.68,95.0,46.5,67.0,67.0,0.8,766.8437623,3.9,3.9,HTI,North America,3,4.925970142,66.0
Haiti,2013,0,62.7,5.68,68.0,47.7,67.0,68.0,0.5,81.265673,3.9,3.9,HTI,North America,3,5.027598167,68.0
Haiti,2014,0,63.1,0.01,48.0,48.8,55.0,48.0,0.5,83.1148117,3.9,3.9,HTI,North America,3,5.129226191,69.0
Haiti,2015,0,63.5,2.81,95.0,49.9,56.0,94.0,0.5,814.5463952,3.9,3.9,HTI,North America,3,5.230854216,69.0
Hungary,2000,1,71.7,12.22,95.0,56.1,99.0,99.0,0.1,4623.46712,2.3,2.3,HUN,Europe,2,10.17090884,99.0
Hungary,2001,1,72.3,13.18,95.0,56.6,99.0,99.0,0.1,527.85364,2.2,2.2,HUN,Europe,2,10.23999977,99.0
Hungary,2002,1,72.5,13.29,95.0,57.1,98.0,99.0,0.1,665.6443,2.2,2.2,HUN,Europe,2,10.38749981,99.0
Hungary,2003,1,72.5,13.24,95.0,57.6,99.0,99.0,0.1,8396.25323,2.1,2.1,HUN,Europe,2,10.53499985,99.0
Hungary,2004,1,72.9,13.28,95.0,58.2,99.0,99.0,0.1,1259.5266,2.1,2.1,HUN,Europe,2,10.68249989,99.0
Hungary,2005,1,72.9,12.94,95.0,58.8,99.0,99.0,0.1,11161.72441,2.0,2.0,HUN,Europe,2,10.82999992,99.0
Hungary,2006,1,73.4,13.16,95.0,59.3,99.0,99.0,0.1,11398.76584,2.0,2.0,HUN,Europe,2,11.07500005,99.0
Hungary,2007,1,73.5,12.55,95.0,59.9,99.0,99.0,0.1,13842.6549,1.9,1.9,HUN,Europe,2,11.32000017,99.0
Hungary,2008,1,74.1,11.64,95.0,6.5,99.0,99.0,0.1,15669.25929,1.9,1.9,HUN,Europe,2,11.5650003,99.0
Hungary,2009,1,74.2,11.46,95.0,61.1,99.0,99.0,0.1,12967.16543,1.8,1.8,HUN,Europe,2,11.81000042,99.0
Hungary,2010,1,74.5,10.78,95.0,61.7,99.0,99.0,0.1,1325.53379,1.8,1.8,HUN,Europe,2,11.88000011,99.0
Hungary,2011,1,74.8,11.51,95.0,62.4,99.0,99.0,0.1,1448.87958,1.7,1.7,HUN,Europe,2,11.92000008,99.0
Hungary,2012,1,75.0,11.27,95.0,63.0,99.0,99.0,0.1,12834.32349,1.7,1.7,HUN,Europe,2,11.84000015,99.0
Hungary,2013,1,75.5,10.88,95.0,63.6,99.0,99.0,0.1,13613.6147,1.7,1.7,HUN,Europe,2,12.01000023,99.0
Hungary,2014,1,75.6,0.01,95.0,64.2,99.0,99.0,0.1,14117.97668,1.7,1.6,HUN,Europe,2,11.77000046,99.0
Hungary,2015,1,75.8,10.95,95.0,64.8,99.0,99.0,0.1,12365.6263,1.6,1.6,HUN,Europe,2,11.85000038,99.0
Indonesia,2000,0,66.3,0.06,65.0,15.4,72.0,75.0,0.1,78.92744,11.0,11.2,IDN,Asia,1,5.951250106,76.0
Indonesia,2001,0,66.5,0.06,62.0,16.0,77.0,76.0,0.1,747.9817455,11.0,11.1,IDN,Asia,1,6.224375114,76.0
Indonesia,2002,0,66.7,0.05,95.0,16.7,95.0,95.0,0.1,899.5556857,11.0,11.1,IDN,Asia,1,6.497500122,72.0
Indonesia,2003,0,66.9,0.05,95.0,17.5,95.0,71.0,0.1,164.59447,1.9,11.0,IDN,Asia,1,6.770625129,74.0
Indonesia,2004,0,65.3,0.06,64.0,18.2,79.0,71.0,0.1,1148.56996,1.9,1.9,IDN,Asia,1,7.043750137,76.0
Indonesia,2005,0,67.2,0.06,65.0,19.0,79.0,72.0,0.1,126.928834,1.9,1.9,IDN,Asia,1,7.316875145,77.0
Indonesia,2006,0,67.3,0.06,66.0,19.7,78.0,72.0,0.1,1586.254,1.8,1.8,IDN,Asia,1,7.590000153,79.0
Indonesia,2007,0,67.5,0.06,76.0,2.5,77.0,73.0,0.2,1855.93915,1.8,1.7,IDN,Asia,1,7.019999981,76.0
Indonesia,2008,0,67.7,0.07,82.0,21.3,83.0,77.0,0.2,216.52766,1.7,1.7,IDN,Asia,1,7.070000172,76.0
Indonesia,2009,0,67.9,0.08,82.0,22.1,85.0,78.0,0.3,2254.44566,1.7,1.6,IDN,Asia,1,7.309999943,74.0
Indonesia,2010,0,68.1,0.08,83.0,22.9,82.0,81.0,0.3,3113.48635,1.6,1.5,IDN,Asia,1,7.410000086,78.0
Indonesia,2011,0,68.3,0.08,81.0,23.8,81.0,81.0,0.3,3634.27685,1.6,1.5,IDN,Asia,1,7.510000229,80.0
Indonesia,2012,0,68.5,0.08,83.0,24.7,84.0,83.0,0.3,3687.953996,1.5,1.4,IDN,Asia,1,7.606666883,82.0
Indonesia,2013,0,68.7,0.09,85.0,25.6,86.0,85.0,0.3,362.663981,1.5,1.3,IDN,Asia,1,7.703333537,87.0
Indonesia,2014,0,68.9,0.09,95.0,26.5,95.0,78.0,0.3,3491.595887,1.4,1.2,IDN,Asia,1,7.800000191,86.0
Indonesia,2015,0,69.1,0.072,95.0,27.4,95.0,78.0,0.3,3336.16686,1.4,1.2,IDN,Asia,1,7.909999847,87.0
India,2000,0,62.5,0.93,95.0,11.4,57.0,58.0,0.3,438.864634,27.7,28.6,IND,Asia,1,4.14268005,56.0
India,2001,0,62.9,1.0,95.0,11.8,58.0,59.0,0.3,447.138966,27.5,28.5,IND,Asia,1,4.219709475,57.0
India,2002,0,63.3,1.1,95.0,12.2,58.0,59.0,0.3,466.2842,27.4,28.4,IND,Asia,1,4.2967389,56.0
India,2003,0,63.7,1.19,95.0,12.6,57.0,61.0,0.3,541.1352279,27.3,28.3,IND,Asia,1,4.373768325,60.0
India,2004,0,64.0,1.2,95.0,13.0,58.0,63.0,0.3,621.3183767,27.2,28.2,IND,Asia,1,4.45079775,64.0
India,2005,0,64.4,1.27,95.0,13.5,65.0,65.0,0.3,77.819,27.2,28.1,IND,Asia,1,4.527827175,68.0
India,2006,0,64.8,1.37,95.0,13.9,66.0,65.0,0.3,792.259698,27.1,28.0,IND,Asia,1,4.634916863,69.0
India,2007,0,65.2,1.59,95.0,14.4,67.0,64.0,0.3,118.166373,27.1,28.0,IND,Asia,1,4.742006551,70.0
India,2008,0,65.5,1.93,29.0,14.9,69.0,95.0,0.3,991.484634,27.0,27.9,IND,Asia,1,4.84909624,72.0
India,2009,0,66.0,2.5,37.0,15.4,73.0,74.0,0.2,19.317765,27.0,27.8,IND,Asia,1,4.956185928,78.0
India,2010,0,66.4,2.77,38.0,15.9,76.0,79.0,0.2,1345.77153,27.0,27.8,IND,Asia,1,5.063275616,82.0
India,2011,0,66.8,3.0,44.0,16.4,79.0,82.0,0.2,1461.671957,26.9,27.7,IND,Asia,1,5.300000191,84.0
India,2012,0,67.3,3.1,73.0,17.0,79.0,82.0,0.2,1446.98541,26.9,27.6,IND,Asia,1,5.397578144,83.0
India,2013,0,67.6,3.11,95.0,17.5,82.0,83.0,0.2,1452.195373,26.8,27.5,IND,Asia,1,5.495156097,83.0
India,2014,0,68.0,3.07,79.0,18.1,84.0,85.0,0.2,1573.11889,26.8,27.4,IND,Asia,1,5.592734051,85.0
India,2015,0,68.3,3.0,87.0,18.7,86.0,87.0,0.2,1613.18878,26.7,27.3,IND,Asia,1,5.690312004,87.0
Ireland,2000,1,76.4,14.07,95.0,51.5,86.0,86.0,0.1,26241.91883,0.3,0.3,IRL,Europe,2,10.53000011,79.0
Ireland,2001,1,77.0,14.27,95.0,52.2,84.0,84.0,0.1,28223.55528,0.3,0.3,IRL,Europe,2,10.67000008,73.0
Ireland,2002,1,77.4,14.17,95.0,52.9,83.0,83.0,0.1,32539.1937,0.3,0.3,IRL,Europe,2,10.81000004,73.0
Ireland,2003,1,78.0,13.24,95.0,53.6,86.0,86.0,0.1,4117.15532,0.3,0.2,IRL,Europe,2,10.95,78.0
Ireland,2004,1,78.3,13.32,95.0,54.4,89.0,89.0,0.1,47631.6377,0.3,0.2,IRL,Europe,2,11.08999996,81.0
Ireland,2005,1,78.7,13.31,95.0,55.1,96.0,96.0,0.1,5886.82789,0.3,0.2,IRL,Europe,2,11.22999992,84.0
Ireland,2006,1,79.0,13.44,95.0,55.8,91.0,91.0,0.1,54326.9713,0.3,0.2,IRL,Europe,2,11.36999989,86.0
Ireland,2007,1,79.5,13.59,95.0,56.6,92.0,92.0,0.1,61388.17457,0.3,0.2,IRL,Europe,2,11.35000038,87.0
Ireland,2008,1,79.8,12.66,95.0,57.4,93.0,93.0,0.1,61235.415,0.3,0.2,IRL,Europe,2,11.42333349,89.0
Ireland,2009,1,79.7,11.41,95.0,58.2,94.0,94.0,0.1,51983.78892,0.3,0.2,IRL,Europe,2,11.49666659,90.0
Ireland,2010,1,86.0,11.88,95.0,58.9,94.0,94.0,0.1,48538.58776,0.3,0.2,IRL,Europe,2,11.56999969,90.0
Ireland,2011,1,84.0,11.72,95.0,59.7,95.0,95.0,0.1,52567.52568,0.3,0.2,IRL,Europe,2,11.0,92.0
Ireland,2012,1,85.0,11.49,95.0,6.5,95.0,95.0,0.1,49231.36254,0.3,0.2,IRL,Europe,2,11.07166672,92.0
Ireland,2013,1,81.0,10.49,95.0,61.3,96.0,96.0,0.1,5234.76736,0.3,0.2,IRL,Europe,2,11.14333344,93.0
Ireland,2014,1,81.2,10.75,95.0,62.1,96.0,96.0,0.1,5553.32623,0.3,0.2,IRL,Europe,2,11.21500015,93.0
Ireland,2015,1,81.4,10.7,95.0,62.8,95.0,95.0,0.1,6664.144,0.3,0.2,IRL,Europe,2,11.28666687,93.0
Iran (Islamic Republic of),2000,0,73.0,0.01,99.0,44.9,99.0,99.0,0.1,1650.01385833785,7.8,7.9,IRN,Others,5,8.458445755,99.0
Iran (Islamic Republic of),2001,0,78.0,0.01,94.0,45.5,95.0,96.0,0.1,1881.02266635283,7.7,7.8,IRN,Others,5,8.67874611,96.0
Iran (Islamic Republic of),2002,0,71.2,0.01,99.0,46.2,99.0,99.0,0.1,1891.25756091033,7.6,7.7,IRN,Others,5,8.899046466,99.0
Iran (Islamic Republic of),2003,0,75.0,0.01,98.0,46.9,99.0,99.0,0.1,2208.99636552406,7.5,7.7,IRN,Others,5,9.119346822,99.0
Iran (Islamic Republic of),2004,0,71.8,0.01,95.0,47.6,98.0,99.0,0.1,2672.4226651404,7.4,7.7,IRN,Others,5,9.339647177,96.0
Iran (Islamic Republic of),2005,0,72.0,0.01,94.0,48.5,95.0,95.0,0.1,3132.0508192007,7.4,7.7,IRN,Others,5,9.559947533,94.0
Iran (Islamic Republic of),2006,0,72.2,0.02,98.0,49.4,99.0,98.0,0.1,3618.91601364428,7.4,7.7,IRN,Others,5,9.869999886,99.0
Iran (Islamic Republic of),2007,0,72.4,0.02,97.0,5.4,98.0,99.0,0.1,4687.99166260718,7.5,7.8,IRN,Others,5,9.630000114,97.0
Iran (Islamic Republic of),2008,0,72.7,0.02,99.0,51.4,99.0,99.0,0.1,5377.4115072957,7.6,7.8,IRN,Others,5,9.390000343,98.0
Iran (Islamic Republic of),2009,0,73.3,0.03,99.0,52.5,99.0,99.0,0.1,5415.52280553446,7.7,7.9,IRN,Others,5,9.550000191,99.0
Iran (Islamic Republic of),2010,0,74.1,0.03,99.0,53.6,99.0,99.0,0.1,6291.19443655454,7.8,8.0,IRN,Others,5,9.710000038,99.0
Iran (Islamic Republic of),2011,0,74.7,0.03,99.0,54.8,99.0,99.0,0.1,8025.68743364356,7.9,8.1,IRN,Others,5,9.800000191,99.0
Iran (Islamic Republic of),2012,0,75.1,0.01,98.0,56.0,99.0,99.0,0.1,8114.08099831877,8.0,8.2,IRN,Others,5,9.890000343,98.0
Iran (Islamic Republic of),2013,0,75.3,0.01,99.0,57.2,98.0,98.0,0.1,6222.74194840326,8.2,8.3,IRN,Others,5,10.03999996,98.0
Iran (Islamic Republic of),2014,0,75.4,0.01,99.0,58.5,99.0,99.0,0.1,5672.06372896319,8.3,8.4,IRN,Others,5,10.11999989,99.0
Iran (Islamic Republic of),2015,0,75.5,0.0,98.0,59.7,98.0,98.0,0.1,4952.73355532178,8.5,8.6,IRN,Others,5,10.21500015,99.0
Iraq,2000,0,70.0,0.2,67.0,49.5,83.0,95.0,0.1,1980.18916038782,5.6,5.4,IRQ,Asia,1,5.603819943,86.0
Iraq,2001,0,72.0,0.17,95.0,5.1,95.0,78.0,0.1,1435.695683789,5.6,5.3,IRQ,Asia,1,5.685289049,82.0
Iraq,2002,0,74.0,0.15,65.0,5.6,76.0,77.0,0.1,1266.15961275094,5.5,5.3,IRQ,Asia,1,5.766758155,77.0
Iraq,2003,0,66.5,0.07,63.0,51.3,73.0,75.0,0.1,817.887862499622,5.5,5.2,IRQ,Asia,1,5.848227261,73.0
Iraq,2004,0,67.2,0.32,62.0,51.9,69.0,74.0,0.1,1391.816923,5.4,5.2,IRQ,Asia,1,5.929696368,69.0
Iraq,2005,0,66.8,0.18,65.0,52.5,69.0,65.0,0.1,1849.63911,5.4,5.2,IRQ,Asia,1,6.011165474,69.0
Iraq,2006,0,64.7,0.03,59.0,53.2,63.0,59.0,0.1,2351.812429,5.4,5.1,IRQ,Asia,1,6.09263458,62.0
Iraq,2007,0,65.9,0.14,56.0,53.8,74.0,57.0,0.1,3129.224922,5.4,5.1,IRQ,Asia,1,6.169443469,64.0
Iraq,2008,0,69.3,0.17,66.0,54.5,71.0,69.0,0.1,4521.3247,5.4,5.1,IRQ,Asia,1,6.246252357,75.0
Iraq,2009,0,74.0,0.2,75.0,55.2,78.0,78.0,0.1,3735.144836,5.4,5.1,IRQ,Asia,1,6.323061245,81.0
Iraq,2010,0,76.0,0.19,72.0,55.8,74.0,74.0,0.1,452.74948,5.3,5.1,IRQ,Asia,1,6.399870133,75.0
Iraq,2011,0,77.0,0.17,95.0,56.5,95.0,79.0,0.1,5854.614497,5.3,5.1,IRQ,Asia,1,6.476679021,80.0
Iraq,2012,0,76.0,0.01,95.0,57.2,95.0,69.0,0.1,6651.12242,5.3,5.1,IRQ,Asia,1,6.506849165,74.0
Iraq,2013,0,69.5,0.01,95.0,57.8,95.0,68.0,0.1,6925.22446,5.3,5.1,IRQ,Asia,1,6.537019308,73.0
Iraq,2014,0,67.9,0.01,62.0,58.5,67.0,64.0,0.1,673.74737,5.3,5.1,IRQ,Asia,1,6.567189452,70.0
Iraq,2015,0,68.9,0.48,56.0,59.1,63.0,58.0,0.1,4974.2693,5.3,5.1,IRQ,Asia,1,6.597359595,71.0
Iceland,2000,1,79.7,6.17,95.0,54.2,98.0,98.0,0.1,31813.37344,1.0,0.9,ISL,Europe,2,11.73720145,91.0
Iceland,2001,1,80.0,6.37,95.0,54.8,92.0,92.0,0.1,28585.9254,1.0,0.9,ISL,Europe,2,11.88376121,88.0
Iceland,2002,1,84.0,6.61,95.0,55.4,95.0,95.0,0.1,31996.2172,1.0,0.9,ISL,Europe,2,12.03032097,91.0
Iceland,2003,1,87.0,6.61,95.0,55.9,97.0,97.0,0.1,3944.999,1.0,0.9,ISL,Europe,2,12.17688074,93.0
Iceland,2004,1,88.0,6.79,95.0,56.5,99.0,99.0,0.1,46917.27216,1.0,0.9,ISL,Europe,2,12.3234405,93.0
Iceland,2005,1,81.0,7.05,95.0,56.9,95.0,95.0,0.1,56249.7555,0.9,0.9,ISL,Europe,2,12.47000027,90.0
Iceland,2006,1,81.1,7.2,95.0,57.4,97.0,97.0,0.1,5613.54115,0.9,0.9,ISL,Europe,2,12.56000022,95.0
Iceland,2007,1,81.3,7.53,95.0,57.8,97.0,97.0,0.1,68348.31817,0.9,0.9,ISL,Europe,2,12.65000016,95.0
Iceland,2008,1,81.4,8.49,95.0,58.1,98.0,98.0,0.1,55575.29196,0.9,0.9,ISL,Europe,2,12.74000011,96.0
Iceland,2009,1,81.6,10.22,95.0,58.5,96.0,96.0,0.1,4461.89251,0.9,0.9,ISL,Europe,2,12.83000006,92.0
Iceland,2010,1,81.8,8.25,95.0,58.9,96.0,96.0,0.1,41676.44527,0.9,0.9,ISL,Europe,2,12.92000001,93.0
Iceland,2011,1,82.1,8.13,95.0,59.3,95.0,95.0,0.1,46.217,0.9,0.9,ISL,Europe,2,13.00999996,94.0
Iceland,2012,1,82.5,7.81,95.0,59.7,89.0,89.0,0.1,44333.8518,1.0,0.9,ISL,Europe,2,13.0999999,90.0
Iceland,2013,1,82.4,7.31,95.0,6.2,91.0,91.0,0.1,4781.3888,1.0,0.9,ISL,Europe,2,13.18999985,91.0
Iceland,2014,1,82.5,7.45,95.0,6.6,96.0,96.0,0.1,52473.11356,1.0,0.9,ISL,Europe,2,13.2799998,90.0
Iceland,2015,1,82.7,7.65,95.0,61.0,92.0,92.0,0.1,5734.4436,1.0,0.9,ISL,Europe,2,13.36999975,93.0
Israel,2000,0,78.9,2.53,98.0,58.3,93.0,93.0,0.1,2152.1432,1.1,1.1,ISR,Asia,1,10.59050045,95.0
Israel,2001,0,79.3,2.53,96.0,58.7,93.0,92.0,0.1,236.19646,1.1,1.1,ISR,Asia,1,10.63537545,95.0
Israel,2002,0,79.3,2.47,98.0,59.2,91.0,95.0,0.1,18431.15696,1.1,1.1,ISR,Asia,1,10.68025045,95.0
Israel,2003,0,79.7,2.32,98.0,59.6,93.0,93.0,0.1,18946.99942,1.1,1.1,ISR,Asia,1,10.72512546,96.0
Israel,2004,0,81.0,2.23,99.0,6.1,95.0,95.0,0.1,19888.172,1.1,1.1,ISR,Asia,1,10.77000046,97.0
Israel,2005,0,80.0,2.41,96.0,6.6,95.0,93.0,0.1,2611.17931,1.1,1.1,ISR,Asia,1,11.2750001,94.0
Israel,2006,0,84.0,2.23,96.0,61.1,94.0,95.0,0.1,2195.1769,1.1,1.1,ISR,Asia,1,11.77999973,96.0
Israel,2007,0,84.0,2.33,99.0,61.6,95.0,95.0,0.1,258.637,1.1,1.1,ISR,Asia,1,12.38000011,97.0
Israel,2008,0,81.0,2.47,99.0,62.1,94.0,94.0,0.1,29657.4421,1.1,1.1,ISR,Asia,1,12.42000008,98.0
Israel,2009,0,81.5,2.55,98.0,62.6,96.0,96.0,0.1,27795.87671,1.2,1.1,ISR,Asia,1,12.46000004,97.0
Israel,2010,0,81.7,2.63,97.0,63.0,95.0,95.0,0.1,3661.994,1.2,1.1,ISR,Asia,1,12.5,96.0
Israel,2011,0,81.8,2.67,98.0,63.4,94.0,94.0,0.1,33657.15727,1.2,1.1,ISR,Asia,1,12.60000038,97.0
Israel,2012,0,81.8,2.78,97.0,63.8,94.0,94.0,0.1,32569.59683,1.2,1.1,ISR,Asia,1,12.68999958,96.0
Israel,2013,0,82.1,2.69,97.0,64.2,96.0,96.0,0.1,36393.66932,1.2,1.1,ISR,Asia,1,12.80000019,98.0
Israel,2014,0,82.2,2.62,97.0,64.6,95.0,95.0,0.1,37582.84624,1.2,1.1,ISR,Asia,1,12.92000008,97.0
Israel,2015,0,82.5,2.51,96.0,64.9,95.0,95.0,0.1,35729.37253,1.2,1.1,ISR,Asia,1,12.96000004,98.0
Italy,2000,1,79.4,9.78,94.0,55.0,97.0,87.0,0.1,251.2426,0.5,0.5,ITA,Europe,2,8.75429378,74.0
Italy,2001,1,79.8,9.69,95.0,55.7,96.0,93.0,0.1,24.819,0.5,0.5,ITA,Europe,2,8.840000153,77.0
Italy,2002,1,80.0,9.25,95.0,56.4,96.0,93.0,0.1,22196.5736,0.5,0.5,ITA,Europe,2,8.947500229,81.0
Italy,2003,1,79.9,9.3,95.0,57.0,97.0,96.0,0.1,27387.2258,0.5,0.5,ITA,Europe,2,9.055000305,84.0
Italy,2004,1,89.0,8.98,96.0,57.6,97.0,94.0,0.1,31174.56118,0.5,0.5,ITA,Europe,2,9.162500381,86.0
Italy,2005,1,88.0,8.65,96.0,58.2,97.0,95.0,0.1,31959.26215,0.5,0.5,ITA,Europe,2,9.270000458,87.0
Italy,2006,1,81.2,8.44,96.0,58.8,97.0,96.0,0.1,3341.7482,0.5,0.5,ITA,Europe,2,9.390000343,88.0
Italy,2007,1,81.3,8.37,97.0,59.4,97.0,97.0,0.1,37698.78573,0.5,0.5,ITA,Europe,2,9.529999733,90.0
Italy,2008,1,81.5,7.96,96.0,59.9,96.0,96.0,0.1,464.18465,0.5,0.5,ITA,Europe,2,9.649999619,90.0
Italy,2009,1,81.6,7.25,96.0,6.5,96.0,96.0,0.1,36976.84512,0.5,0.5,ITA,Europe,2,9.729999542,90.0
Italy,2010,1,81.8,6.95,96.0,61.0,96.0,96.0,0.1,35849.37364,0.5,0.5,ITA,Europe,2,9.819999695,91.0
Italy,2011,1,82.0,6.98,96.0,61.5,96.0,96.0,0.1,38334.68477,0.5,0.5,ITA,Europe,2,9.899999619,90.0
Italy,2012,1,82.0,7.49,96.0,62.1,96.0,97.0,0.1,34814.12436,0.5,0.6,ITA,Europe,2,10.02000046,90.0
Italy,2013,1,82.3,7.35,96.0,62.6,96.0,96.0,0.1,3537.27441,0.5,0.6,ITA,Europe,2,10.12000036,90.0
Italy,2014,1,82.5,7.56,95.0,63.1,95.0,95.0,0.1,35396.66517,0.6,0.6,ITA,Europe,2,10.22000027,87.0
Italy,2015,1,82.7,7.15,93.0,63.6,93.0,93.0,0.1,349.14755,0.6,0.6,ITA,Europe,2,10.31000042,85.0
Jamaica,2000,0,72.6,3.46,95.0,41.6,95.0,93.0,2.2,336.8742,2.0,1.9,JAM,North America,3,7.521499801,88.0
Jamaica,2001,0,72.7,3.89,95.0,42.5,99.0,99.0,2.2,3394.878,2.0,1.8,JAM,North America,3,7.604999781,85.0
Jamaica,2002,0,73.0,3.76,95.0,43.5,99.0,99.0,2.3,3596.496282,2.0,1.8,JAM,North America,3,7.688499761,86.0
Jamaica,2003,0,73.1,3.48,95.0,44.5,99.0,96.0,2.3,3465.221998,1.9,1.8,JAM,North America,3,7.771999741,78.0
Jamaica,2004,0,73.3,3.67,98.0,45.4,97.0,98.0,2.3,3719.97351,1.9,1.8,JAM,North America,3,7.855499721,86.0
Jamaica,2005,0,73.5,3.59,99.0,46.3,99.0,99.0,1.9,482.24762,1.9,1.7,JAM,North America,3,7.938999701,84.0
Jamaica,2006,0,74.0,3.63,97.0,47.2,99.0,95.0,1.5,4313.1682,1.9,1.7,JAM,North America,3,8.022499681,87.0
Jamaica,2007,0,74.2,3.64,92.0,48.1,94.0,92.0,0.9,462.517913,1.9,1.7,JAM,North America,3,8.10599966,76.0
Jamaica,2008,0,74.5,3.51,92.0,48.9,91.0,91.0,0.4,492.492378,1.9,1.7,JAM,North America,3,8.18949964,88.0
Jamaica,2009,0,74.7,3.33,95.0,49.7,94.0,94.0,0.6,4293.383274,1.9,1.7,JAM,North America,3,8.27299962,88.0
Jamaica,2010,0,75.0,3.55,94.0,5.5,94.0,94.0,0.5,4682.728424,1.8,1.7,JAM,North America,3,8.3564996,89.0
Jamaica,2011,0,75.2,3.58,92.0,51.2,93.0,92.0,0.6,513.549487,1.8,1.7,JAM,North America,3,8.43999958,88.0
Jamaica,2012,0,75.3,3.65,96.0,52.0,96.0,96.0,0.5,521.33363,1.8,1.7,JAM,North America,3,8.578173291,93.0
Jamaica,2013,0,75.6,3.79,93.0,52.7,86.0,93.0,0.6,56.144952,1.8,1.7,JAM,North America,3,8.716347001,94.0
Jamaica,2014,0,75.8,3.83,92.0,53.5,93.0,92.0,0.5,4855.743789,1.8,1.7,JAM,North America,3,8.854520711,92.0
Jamaica,2015,0,76.2,3.32,91.0,54.2,91.0,91.0,0.5,4965.989857,1.8,1.7,JAM,North America,3,8.992694421,91.0
Jordan,2000,0,71.7,0.49,93.0,54.0,94.0,91.0,0.1,1657.889256,4.0,4.0,JOR,Asia,1,7.359569967,94.0
Jordan,2001,0,71.9,0.55,97.0,54.8,97.0,99.0,0.1,1728.2659,4.0,3.9,JOR,Asia,1,7.506380042,99.0
Jordan,2002,0,72.1,0.54,95.0,55.5,95.0,95.0,0.1,1812.288374,3.9,3.9,JOR,Asia,1,7.653190116,95.0
Jordan,2003,0,72.3,0.54,97.0,56.3,97.0,97.0,0.1,1889.213962,3.9,3.9,JOR,Asia,1,7.800000191,96.0
Jordan,2004,0,72.5,0.54,95.0,57.0,95.0,95.0,0.1,261.456882,3.9,3.8,JOR,Asia,1,8.144000244,99.0
Jordan,2005,0,72.4,0.55,95.0,57.8,95.0,95.0,0.1,223.83787,3.9,3.8,JOR,Asia,1,8.488000298,95.0
Jordan,2006,0,72.8,0.59,98.0,58.6,98.0,98.0,0.1,2537.349,3.9,3.8,JOR,Asia,1,8.832000351,99.0
Jordan,2007,0,73.0,0.6,98.0,59.3,98.0,98.0,0.1,2762.86354,3.8,3.8,JOR,Asia,1,9.176000404,95.0
Jordan,2008,0,73.1,0.61,97.0,6.1,98.0,97.0,0.1,3385.69665,3.8,3.8,JOR,Asia,1,9.520000458,95.0
Jordan,2009,0,73.3,0.59,98.0,6.9,98.0,98.0,0.1,3492.1396,3.8,3.8,JOR,Asia,1,9.565000057,95.0
Jordan,2010,0,73.4,0.51,98.0,61.7,98.0,98.0,0.1,3679.19275,3.8,3.8,JOR,Asia,1,9.609999657,98.0
Jordan,2011,0,73.6,0.43,98.0,62.4,98.0,98.0,0.1,387.324145,3.8,3.9,JOR,Asia,1,9.763376781,98.0
Jordan,2012,0,73.7,0.41,98.0,63.2,98.0,98.0,0.1,387.753211,3.9,3.9,JOR,Asia,1,9.916753905,98.0
Jordan,2013,0,73.9,0.4,98.0,64.0,98.0,98.0,0.1,3992.86717,3.9,3.9,JOR,Asia,1,10.07013103,97.0
Jordan,2014,0,74.0,0.41,98.0,64.8,98.0,98.0,0.1,466.94775,3.9,3.9,JOR,Asia,1,10.22350815,98.0
Jordan,2015,0,74.1,0.31,99.0,65.6,99.0,99.0,0.1,496.99275,4.0,4.0,JOR,Asia,1,10.37688528,94.0
Japan,2000,1,81.1,7.97,95.0,22.2,98.0,85.0,0.1,38532.488,1.6,1.4,JPN,Asia,1,12.08500004,96.0
Japan,2001,1,81.5,8.03,95.0,22.5,81.0,95.0,0.1,33846.46564,1.7,1.4,JPN,Asia,1,12.12950001,98.0
Japan,2002,1,81.8,7.87,95.0,22.9,89.0,96.0,0.1,32289.3554,1.7,1.4,JPN,Asia,1,12.17399998,98.0
Japan,2003,1,81.9,7.83,95.0,23.4,97.0,97.0,0.1,3488.3992,1.7,1.4,JPN,Asia,1,12.21849995,98.0
Japan,2004,1,82.1,7.7,95.0,23.8,97.0,99.0,0.1,37688.72234,1.7,1.4,JPN,Asia,1,12.26299992,98.0
Japan,2005,1,82.0,7.99,95.0,24.4,95.0,98.0,0.1,37217.64873,1.7,1.5,JPN,Asia,1,12.30749989,98.0
Japan,2006,1,82.4,7.49,95.0,24.9,95.0,98.0,0.1,35433.98896,1.7,1.5,JPN,Asia,1,12.35199986,97.0
Japan,2007,1,82.6,7.29,95.0,25.4,97.0,98.0,0.1,35275.22843,1.8,1.5,JPN,Asia,1,12.39649982,96.0
Japan,2008,1,82.7,7.11,95.0,25.9,98.0,98.0,0.1,39339.29757,1.8,1.5,JPN,Asia,1,12.44099979,95.0
Japan,2009,1,83.0,7.09,95.0,26.4,99.0,97.0,0.1,4855.17564,1.8,1.6,JPN,Asia,1,12.48549976,94.0
Japan,2010,1,83.0,6.9,95.0,26.9,98.0,97.0,0.1,4457.67639,1.9,1.6,JPN,Asia,1,12.52999973,94.0
Japan,2011,1,82.5,7.39,95.0,27.4,96.0,97.0,0.1,48167.99727,1.9,1.6,JPN,Asia,1,12.54399977,94.0
Japan,2012,1,83.3,7.39,95.0,27.8,99.0,97.0,0.1,4863.47665,1.9,1.7,JPN,Asia,1,12.5579998,96.0
Japan,2013,1,83.5,7.55,95.0,28.2,99.0,96.0,0.1,4454.44746,2.0,1.7,JPN,Asia,1,12.57199984,95.0
Japan,2014,1,83.5,0.01,95.0,28.6,99.0,96.0,0.1,3896.21151,2.0,1.7,JPN,Asia,1,12.58599987,98.0
Japan,2015,1,83.7,6.48,95.0,29.0,99.0,96.0,0.1,34474.13736,2.1,1.8,JPN,Asia,1,12.5999999,96.0
Kazakhstan,2000,0,63.9,6.0,99.0,43.9,96.0,97.0,0.1,1229.958,2.7,2.7,KAZ,Asia,1,9.787500024,99.0
Kazakhstan,2001,0,64.4,5.75,95.0,44.4,95.0,95.0,0.1,149.926751,2.6,2.7,KAZ,Asia,1,10.03500009,95.0
Kazakhstan,2002,0,64.7,5.99,95.0,44.8,95.0,95.0,0.1,1658.31146,2.6,2.6,KAZ,Asia,1,10.28250015,95.0
Kazakhstan,2003,0,64.4,6.58,99.0,45.3,99.0,99.0,0.1,268.123657,2.5,2.6,KAZ,Asia,1,10.53000021,99.0
Kazakhstan,2004,0,64.7,6.55,99.0,45.8,99.0,82.0,0.1,2874.288291,2.5,2.6,KAZ,Asia,1,10.77750027,99.0
Kazakhstan,2005,0,64.6,6.94,94.0,46.3,99.0,98.0,0.1,3771.278957,2.4,2.5,KAZ,Asia,1,11.02500033,99.0
Kazakhstan,2006,0,65.0,7.08,99.0,46.8,99.0,99.0,0.1,5291.57565,2.4,2.5,KAZ,Asia,1,11.2725004,99.0
Kazakhstan,2007,0,65.3,7.44,94.0,47.3,94.0,93.0,0.1,6771.414797,2.4,2.5,KAZ,Asia,1,11.52000046,99.0
Kazakhstan,2008,0,66.6,7.6,99.0,47.9,99.0,99.0,0.1,8513.564645,2.4,2.5,KAZ,Asia,1,11.26500034,99.0
Kazakhstan,2009,0,67.8,6.64,99.0,48.5,99.0,98.0,0.1,7165.2775,2.3,2.5,KAZ,Asia,1,11.01000023,99.0
Kazakhstan,2010,0,67.8,6.83,99.0,49.2,98.0,99.0,0.1,97.649972,2.3,2.5,KAZ,Asia,1,11.17462858,99.0
Kazakhstan,2011,0,68.5,6.63,99.0,49.9,99.0,99.0,0.1,11634.42422,2.3,2.5,KAZ,Asia,1,11.33925692,99.0
Kazakhstan,2012,0,69.1,6.82,95.0,5.6,98.0,99.0,0.1,12387.18982,2.4,2.5,KAZ,Asia,1,11.50388527,96.0
Kazakhstan,2013,0,69.5,6.48,99.0,51.4,98.0,98.0,0.1,1389.8561,2.4,2.5,KAZ,Asia,1,11.66851362,99.0
Kazakhstan,2014,0,69.9,6.29,95.0,52.3,95.0,95.0,0.1,1286.56511,2.4,2.5,KAZ,Asia,1,11.83314196,99.0
Kazakhstan,2015,0,72.0,3.38,98.0,53.1,98.0,98.0,0.1,159.9817,2.4,2.5,KAZ,Asia,1,11.99777031,99.0
Kenya,2000,0,51.9,1.51,87.0,14.4,82.0,82.0,18.1,43.9797132,9.2,9.1,KEN,Africa,0,5.426847564,78.0
Kenya,2001,0,51.9,1.63,87.0,14.7,77.0,83.0,16.9,41.7763612,9.0,9.0,KEN,Africa,0,5.542400211,77.0
Kenya,2002,0,52.1,1.66,84.0,15.1,83.0,84.0,15.7,395.8493511,8.9,8.9,KEN,Africa,0,5.657952859,78.0
Kenya,2003,0,52.4,1.49,73.0,15.5,75.0,73.0,14.5,436.6875357,8.8,8.8,KEN,Africa,0,5.773505507,72.0
Kenya,2004,0,53.0,1.43,73.0,15.9,73.0,73.0,13.2,458.8843551,8.7,8.6,KEN,Africa,0,5.889058155,73.0
Kenya,2005,0,54.1,1.82,87.0,16.4,82.0,76.0,11.6,519.7999346,8.6,8.5,KEN,Africa,0,6.004610802,69.0
Kenya,2006,0,55.3,1.76,87.0,16.9,77.0,83.0,10.3,697.66385,8.5,8.4,KEN,Africa,0,6.080958087,77.0
Kenya,2007,0,56.8,1.97,81.0,17.3,76.0,81.0,9.1,839.181117,8.4,8.3,KEN,Africa,0,6.157305373,80.0
Kenya,2008,0,57.9,1.71,88.0,17.9,88.0,88.0,6.4,916.8992515,8.3,8.2,KEN,Africa,0,6.233652658,90.0
Kenya,2009,0,59.1,1.86,88.0,18.4,89.0,88.0,5.0,92.816252,8.2,8.1,KEN,Africa,0,6.309999943,88.0
Kenya,2010,0,63.0,1.73,87.0,18.9,82.0,83.0,4.3,967.34773,8.2,8.0,KEN,Africa,0,5.820000172,86.0
Kenya,2011,0,61.2,1.8,96.0,19.5,97.0,96.0,3.4,987.4453967,8.1,7.9,KEN,Africa,0,6.06162903,87.0
Kenya,2012,0,62.1,1.81,94.0,2.1,94.0,94.0,3.0,1155.2582,8.0,7.8,KEN,Africa,0,6.303257889,93.0
Kenya,2013,0,62.6,1.84,93.0,2.7,94.0,87.0,3.0,1229.114798,7.9,7.7,KEN,Africa,0,6.544886748,94.0
Kenya,2014,0,62.9,0.01,92.0,21.3,93.0,92.0,2.9,1335.6458,7.8,7.7,KEN,Africa,0,6.786515607,95.0
Kenya,2015,0,63.4,2.32,89.0,22.0,83.0,89.0,2.8,1349.97144,7.8,7.6,KEN,Africa,0,7.028144466,96.0
Kyrgyzstan,2000,0,66.6,2.13,95.0,35.6,99.0,99.0,0.1,279.621738464365,3.6,3.6,KGZ,Asia,1,10.34699993,98.0
Kyrgyzstan,2001,0,67.2,2.62,95.0,36.0,99.0,99.0,0.1,308.41129550148,3.6,3.6,KGZ,Asia,1,10.4039999,99.0
Kyrgyzstan,2002,0,66.7,3.31,99.0,36.5,99.0,98.0,0.1,321.726775366804,3.5,3.5,KGZ,Asia,1,10.46099987,98.0
Kyrgyzstan,2003,0,66.6,3.52,99.0,37.0,98.0,98.0,0.1,380.505828812441,3.5,3.5,KGZ,Asia,1,10.51799984,99.0
Kyrgyzstan,2004,0,67.1,3.41,99.0,37.5,98.0,99.0,0.1,433.233873286,3.4,3.4,KGZ,Asia,1,10.57499981,99.0
Kyrgyzstan,2005,0,66.9,2.81,97.0,38.0,98.0,98.0,0.1,476.548193640077,3.4,3.4,KGZ,Asia,1,10.63199978,99.0
Kyrgyzstan,2006,0,66.7,2.48,95.0,38.5,93.0,92.0,0.1,543.113512472219,3.3,3.4,KGZ,Asia,1,10.68899975,97.0
Kyrgyzstan,2007,0,67.2,2.77,94.0,39.0,94.0,94.0,0.1,721.771577544361,3.3,3.4,KGZ,Asia,1,10.74599972,99.0
Kyrgyzstan,2008,0,67.6,2.53,97.0,39.5,95.0,95.0,0.2,966.388569370494,3.3,3.4,KGZ,Asia,1,10.80299969,99.0
Kyrgyzstan,2009,0,68.5,2.39,96.0,4.1,96.0,95.0,0.1,870.198894546917,3.3,3.4,KGZ,Asia,1,10.85999966,99.0
Kyrgyzstan,2010,0,68.8,2.73,96.0,4.7,88.0,96.0,0.1,876.954476440354,3.2,3.3,KGZ,Asia,1,10.95961412,99.0
Kyrgyzstan,2011,0,69.4,3.28,96.0,41.4,94.0,96.0,0.2,1117.40174350185,3.2,3.3,KGZ,Asia,1,11.05922858,97.0
Kyrgyzstan,2012,0,69.9,0.01,96.0,42.2,94.0,96.0,0.1,1168.62244675446,3.2,3.3,KGZ,Asia,1,11.15884304,98.0
Kyrgyzstan,2013,0,77.0,0.01,97.0,43.0,97.0,97.0,0.1,1269.66303464348,3.3,3.3,KGZ,Asia,1,11.2584575,99.0
Kyrgyzstan,2014,0,78.0,0.01,96.0,43.9,95.0,96.0,0.1,1264.52668823891,3.3,3.4,KGZ,Asia,1,11.35807196,96.0
Kyrgyzstan,2015,0,71.1,5.5,97.0,44.9,97.0,97.0,0.1,1105.65193844261,3.3,3.4,KGZ,Asia,1,11.45768642,99.0
Cambodia,2000,0,57.7,1.51,95.0,12.1,62.0,59.0,2.1,3.685949,11.6,11.9,KHM,Asia,1,3.372761251,65.0
Cambodia,2001,0,58.5,1.71,95.0,12.4,59.0,95.0,2.2,321.22634,11.6,11.8,KHM,Asia,1,3.435607734,59.0
Cambodia,2002,0,59.3,1.43,95.0,12.8,54.0,54.0,2.1,339.676984,11.6,11.8,KHM,Asia,1,3.498454217,52.0
Cambodia,2003,0,63.0,1.44,95.0,13.1,69.0,69.0,1.9,362.4213785,11.6,11.7,KHM,Asia,1,3.5613007,65.0
Cambodia,2004,0,61.5,1.38,95.0,13.5,86.0,85.0,1.7,48.615184,11.6,11.7,KHM,Asia,1,3.624147183,80.0
Cambodia,2005,0,62.9,1.99,95.0,13.9,82.0,82.0,1.4,474.2238766,11.5,11.6,KHM,Asia,1,3.686993666,79.0
Cambodia,2006,0,64.1,2.03,95.0,14.3,95.0,95.0,1.1,539.8791529,11.4,11.6,KHM,Asia,1,3.808496866,78.0
Cambodia,2007,0,65.0,2.08,82.0,14.8,82.0,82.0,0.9,631.675789,11.3,11.5,KHM,Asia,1,3.930000067,79.0
Cambodia,2008,0,65.6,2.24,91.0,15.3,91.0,91.0,0.7,745.7877873,11.2,11.4,KHM,Asia,1,4.03000021,89.0
Cambodia,2009,0,66.1,2.13,92.0,15.9,95.0,94.0,0.6,738.2326684,11.1,11.4,KHM,Asia,1,3.940000057,92.0
Cambodia,2010,0,66.6,2.2,89.0,16.4,88.0,89.0,0.5,785.6928841,11.0,11.3,KHM,Asia,1,3.872000027,90.0
Cambodia,2011,0,67.0,2.12,88.0,17.0,87.0,88.0,0.3,882.491462,11.0,11.2,KHM,Asia,1,3.803999996,88.0
Cambodia,2012,0,67.4,0.01,86.0,17.6,84.0,86.0,0.3,95.244132,11.0,11.2,KHM,Asia,1,3.735999966,84.0
Cambodia,2013,0,67.8,0.01,83.0,18.2,66.0,83.0,0.2,128.419568,11.0,11.1,KHM,Asia,1,3.667999935,79.0
Cambodia,2014,0,68.3,0.01,88.0,18.9,87.0,88.0,0.2,198.687123,1.9,11.0,KHM,Asia,1,3.599999905,83.0
Cambodia,2015,0,68.7,3.4,89.0,19.6,87.0,89.0,0.2,1163.18977,1.9,1.9,KHM,Asia,1,3.670000076,85.0
Kiribati,2000,0,64.1,0.46,88.0,67.9,88.0,86.0,0.1,796.7937634,0.2,0.2,KIR,Oceania,4,7.541033476,80.0
Kiribati,2001,0,64.3,0.6,85.0,68.8,88.0,85.0,0.1,734.9492461,0.2,0.2,KIR,Oceania,4,7.619961922,76.0
Kiribati,2002,0,64.6,0.49,79.0,69.7,96.0,77.0,0.1,826.58554,0.2,0.2,KIR,Oceania,4,7.699716476,88.0
Kiribati,2003,0,64.7,0.5,73.0,7.6,79.0,86.0,0.1,115.3865,0.2,0.2,KIR,Oceania,4,7.780305783,72.0
Kiribati,2004,0,64.8,0.48,67.0,71.4,61.0,62.0,0.1,113.6286,0.2,0.2,KIR,Oceania,4,7.86173858,56.0
Kiribati,2005,0,64.9,0.6,88.0,72.1,74.0,79.0,0.1,1214.556667,0.2,0.2,KIR,Oceania,4,7.944023696,85.0
Kiribati,2006,0,65.0,0.76,88.0,72.8,86.0,86.0,0.1,1151.555618,0.2,0.1,KIR,Oceania,4,8.027170051,61.0
Kiribati,2007,0,65.0,0.68,96.0,73.4,93.0,94.0,0.1,1357.632211,0.2,0.1,KIR,Oceania,4,8.11118666,93.0
Kiribati,2008,0,65.1,0.46,83.0,74.1,74.0,82.0,0.1,1413.3234,0.2,0.1,KIR,Oceania,4,8.196082632,72.0
Kiribati,2009,0,65.2,0.54,86.0,74.6,84.0,86.0,0.1,1297.285141,0.1,0.1,KIR,Oceania,4,8.28186717,82.0
Kiribati,2010,0,65.3,0.48,91.0,75.2,95.0,91.0,0.1,1493.1651,0.1,0.1,KIR,Oceania,4,8.368549574,89.0
Kiribati,2011,0,65.5,0.53,95.0,75.7,95.0,99.0,0.1,1692.613277,0.1,0.1,KIR,Oceania,4,8.456139242,90.0
Kiribati,2012,0,65.7,0.01,94.0,76.2,92.0,94.0,0.1,1763.815497,0.1,0.1,KIR,Oceania,4,8.54464567,91.0
Kiribati,2013,0,65.8,0.01,95.0,76.7,91.0,95.0,0.1,1724.361737,0.1,0.1,KIR,Oceania,4,8.634078452,91.0
Kiribati,2014,0,66.1,0.01,75.0,77.1,79.0,75.0,0.1,1684.54274,0.1,0.1,KIR,Oceania,4,8.723511235,88.0
Kiribati,2015,0,66.3,0.77,88.0,77.6,88.0,78.0,0.1,1424.483611,0.1,0.1,KIR,Oceania,4,8.812944018,84.0
Saint Kitts and Nevis,2013,0,73.7685628742515,8.54,97.0,5.2,96.0,96.0,0.1,18580.1301949935,3.7,3.6,KNA,North America,3,10.3525516,99.0
Republic of Korea,2000,0,76.0,10.33,93.0,24.7,99.0,97.0,0.1,12710.2995795579,1.6,1.1,KOR,Others,5,10.61999989,95.0
Republic of Korea,2001,0,76.7,11.45,89.0,25.2,99.0,97.0,0.1,11981.4828218758,1.6,1.1,KOR,Others,5,10.74399986,96.0
Republic of Korea,2002,0,77.1,9.55,92.0,25.7,99.0,97.0,0.1,13642.9424537101,1.6,1.1,KOR,Others,5,10.86799984,97.0
Republic of Korea,2003,0,77.6,9.66,91.0,26.2,94.0,97.0,0.1,15211.5483770422,1.6,1.0,KOR,Others,5,10.99199982,96.0
Republic of Korea,2004,0,78.2,9.18,89.0,26.7,89.5,88.0,0.1,17121.6301633201,1.6,1.0,KOR,Others,5,11.11599979,99.0
Republic of Korea,2005,0,78.7,9.03,99.0,27.2,96.0,96.0,0.1,20167.0474902506,1.6,1.0,KOR,Others,5,11.23999977,99.0
Republic of Korea,2006,0,79.4,8.83,99.0,27.7,98.0,98.0,0.1,22609.7059431449,1.5,1.0,KOR,Others,5,11.1474998,99.0
Republic of Korea,2007,0,79.8,9.05,91.0,28.2,91.0,91.0,0.1,25078.4853957105,1.5,1.0,KOR,Others,5,11.05499983,92.0
Republic of Korea,2008,0,83.0,9.31,94.0,28.6,92.0,94.0,0.1,22252.3125108061,1.5,1.0,KOR,Others,5,10.96249986,92.0
Republic of Korea,2009,0,86.0,8.97,94.0,29.1,95.0,94.0,0.1,19937.3029137734,1.5,1.0,KOR,Others,5,10.86999989,93.0
Republic of Korea,2010,0,87.0,9.23,94.0,29.5,95.0,94.0,0.1,24071.2620526362,1.5,1.0,KOR,Others,5,11.64000034,98.0
Republic of Korea,2011,0,81.1,9.34,99.0,3.0,98.0,99.0,0.1,26175.2398553363,1.5,1.0,KOR,Others,5,11.73600025,99.0
Republic of Korea,2012,0,81.2,9.56,99.0,3.4,99.0,99.0,0.1,26600.5477433903,1.5,1.0,KOR,Others,5,11.83200016,99.0
Republic of Korea,2013,0,81.7,9.33,99.0,3.8,99.0,99.0,0.1,28449.3591104972,1.5,1.0,KOR,Others,5,11.92800007,99.0
Republic of Korea,2014,0,82.0,0.01,99.0,31.2,99.0,99.0,0.1,30667.0912467447,1.5,1.0,KOR,Others,5,12.02399998,99.0
Republic of Korea,2015,0,82.3,9.1,98.0,31.7,98.0,98.0,0.1,30171.7906545222,1.5,1.0,KOR,Others,5,12.11999989,98.0
Kuwait,2000,0,73.2,0.01,95.0,64.0,94.0,98.0,0.1,18389.38433,3.2,3.1,KWT,Asia,1,6.212345194,99.0
Kuwait,2001,0,73.2,0.01,99.0,64.5,99.0,99.0,0.1,1654.96761,3.2,3.0,KWT,Asia,1,6.191876182,99.0
Kuwait,2002,0,73.3,0.01,99.0,65.0,99.0,99.0,0.1,17789.41981,3.2,3.0,KWT,Asia,1,6.17140717,97.0
Kuwait,2003,0,73.4,0.03,99.0,65.5,99.0,99.0,0.1,2271.56961,3.2,3.0,KWT,Asia,1,6.150938158,97.0
Kuwait,2004,0,73.5,0.02,94.0,65.9,98.0,98.0,0.1,26921.8278,3.2,3.0,KWT,Asia,1,6.130469146,97.0
Kuwait,2005,0,73.6,0.01,99.0,66.3,99.0,99.0,0.1,3549.26132,3.2,3.1,KWT,Asia,1,6.110000134,99.0
Kuwait,2006,0,73.6,0.01,99.0,66.7,99.0,99.0,0.1,42717.55725,3.2,3.1,KWT,Asia,1,6.139999866,99.0
Kuwait,2007,0,73.7,0.03,99.0,67.1,99.0,99.0,0.1,45793.97614,3.2,3.1,KWT,Asia,1,6.21999979,99.0
Kuwait,2008,0,73.8,0.03,99.0,67.5,99.0,99.0,0.1,55571.9986,3.3,3.1,KWT,Asia,1,6.429999828,99.0
Kuwait,2009,0,73.9,0.1,99.0,67.9,99.0,99.0,0.1,37567.3121,3.3,3.2,KWT,Asia,1,6.639999866,99.0
Kuwait,2010,0,74.0,0.01,99.0,68.4,98.0,98.0,0.1,38497.61696,3.3,3.2,KWT,Asia,1,6.849999905,98.0
Kuwait,2011,0,74.2,0.02,99.0,69.0,99.0,99.0,0.1,48268.5912,3.3,3.2,KWT,Asia,1,7.059999943,99.0
Kuwait,2012,0,74.3,0.01,98.0,69.5,98.0,98.0,0.1,51264.7134,3.4,3.3,KWT,Asia,1,7.269999981,99.0
Kuwait,2013,0,74.5,0.01,99.0,7.2,99.0,99.0,0.1,48399.9581,3.4,3.3,KWT,Asia,1,6.679999828,99.0
Kuwait,2014,0,74.6,0.01,96.0,7.8,94.0,95.0,0.1,42996.4812,3.4,3.4,KWT,Asia,1,6.875,94.0
Kuwait,2015,0,74.7,0.058,99.0,71.4,99.0,99.0,0.1,28975.418,3.5,3.4,KWT,Asia,1,7.070000172,93.0
Lao People's Democratic Republic,2000,0,58.1,5.16,95.0,12.3,57.0,51.0,0.1,318.749852236965,1.5,1.5,LAO,Asia,1,4.247836093,42.0
Lao People's Democratic Republic,2001,0,58.7,3.13,95.0,12.7,55.0,52.0,0.1,320.316005439568,1.4,1.5,LAO,Asia,1,4.31972255,50.0
Lao People's Democratic Republic,2002,0,59.3,3.33,95.0,13.3,55.0,53.0,0.1,313.350817148131,1.3,1.4,LAO,Asia,1,4.391609007,55.0
Lao People's Democratic Republic,2003,0,59.8,3.41,95.0,13.8,52.0,49.0,0.1,355.097216151461,1.2,1.3,LAO,Asia,1,4.463495464,42.0
Lao People's Democratic Republic,2004,0,64.0,3.53,45.0,14.4,46.0,45.0,0.2,409.296298284117,1.1,1.2,LAO,Asia,1,4.535381921,36.0
Lao People's Democratic Republic,2005,0,61.0,3.68,95.0,14.9,95.0,49.0,0.2,466.061506997741,1.0,1.1,LAO,Asia,1,4.607268378,41.0
Lao People's Democratic Republic,2006,0,61.5,3.69,57.0,15.5,56.0,57.0,0.2,579.391947440719,9.9,9.9,LAO,Asia,1,4.681333212,48.0
Lao People's Democratic Republic,2007,0,62.1,5.0,95.0,16.1,46.0,95.0,0.2,697.323013673925,9.7,9.8,LAO,Asia,1,4.755398047,40.0
Lao People's Democratic Republic,2008,0,62.6,5.1,95.0,16.7,95.0,61.0,0.2,885.747376088762,9.6,9.7,LAO,Asia,1,4.829462881,52.0
Lao People's Democratic Republic,2009,0,63.1,5.18,67.0,17.3,67.0,67.0,0.2,935.03237283283,9.4,9.6,LAO,Asia,1,4.903527716,59.0
Lao People's Democratic Republic,2010,0,63.6,5.95,74.0,18.0,76.0,74.0,0.3,1125.91610151261,9.3,9.5,LAO,Asia,1,4.97759255,64.0
Lao People's Democratic Republic,2011,0,64.0,5.39,78.0,18.7,79.0,78.0,0.3,1361.54704394913,9.2,9.4,LAO,Asia,1,5.077797914,67.0
Lao People's Democratic Republic,2012,0,64.4,0.01,79.0,19.4,78.0,79.0,0.3,1563.5650771337,9.1,9.2,LAO,Asia,1,5.178003279,69.0
Lao People's Democratic Republic,2013,0,64.9,0.01,87.0,2.1,86.0,87.0,0.3,1812.51774424651,9.0,9.1,LAO,Asia,1,5.278208643,78.0
Lao People's Democratic Republic,2014,0,65.3,0.01,88.0,2.9,88.0,88.0,0.2,1981.03910900473,8.9,9.0,LAO,Asia,1,5.378414007,81.0
Lao People's Democratic Republic,2015,0,65.7,6.81,89.0,21.7,89.0,89.0,0.2,2121.01339097363,8.8,8.9,LAO,Asia,1,5.478619371,78.0
Lebanon,2005,0,73.9,1.94,77.0,6.8,74.0,77.0,0.1,5339.441291,4.7,4.6,LBN,Asia,1,7.651717704,67.0
Lebanon,2006,0,74.1,1.82,78.0,61.4,75.0,78.0,0.1,5372.65899,4.7,4.6,LBN,Asia,1,7.843456512,75.0
Lebanon,2007,0,74.4,1.72,95.0,61.9,75.0,95.0,0.1,614.271115,4.7,4.6,LBN,Asia,1,8.039999962,82.0
Lebanon,2008,0,74.5,1.67,81.0,62.5,75.0,81.0,0.1,712.775759,4.7,4.7,LBN,Asia,1,8.251818137,89.0
Lebanon,2009,0,74.7,1.62,81.0,63.0,75.0,81.0,0.1,84.268878,4.7,4.7,LBN,Asia,1,8.463636312,88.0
Lebanon,2010,0,74.9,1.58,81.0,63.5,75.0,81.0,0.1,8763.826274,4.7,4.7,LBN,Asia,1,8.675454487,86.0
Lebanon,2011,0,75.0,1.57,81.0,64.0,75.0,81.0,0.1,8734.9653,4.7,4.7,LBN,Asia,1,8.887272661,85.0
Lebanon,2012,0,75.0,1.53,81.0,64.4,75.0,81.0,0.1,8787.94668,4.8,4.8,LBN,Asia,1,9.099090836,83.0
Lebanon,2013,0,74.9,1.29,81.0,64.9,75.0,81.0,0.1,846.285153,4.8,4.8,LBN,Asia,1,9.310909011,82.0
Lebanon,2014,0,74.8,1.32,81.0,65.4,75.0,81.0,0.1,8161.4614,4.8,4.9,LBN,Asia,1,9.522727186,82.0
Lebanon,2015,0,74.9,1.19,81.0,66.1,75.0,81.0,0.1,846.632851,4.9,4.9,LBN,Asia,1,9.734545361,82.0
Liberia,2000,0,51.9,4.46,87.0,2.2,56.0,46.0,3.1,183.4149991,9.2,9.2,LBR,Africa,0,3.525027062,63.0
Liberia,2001,0,51.5,4.4,87.0,2.4,54.0,42.0,3.1,174.1815473,9.0,9.0,LBR,Africa,0,3.590229875,58.0
Liberia,2002,0,56.0,4.27,87.0,2.7,51.0,39.0,3.1,177.285187,8.8,8.9,LBR,Africa,0,3.655432688,52.0
Liberia,2003,0,50.0,4.21,87.0,21.1,49.0,35.0,3.2,133.494518,8.7,8.7,LBR,Africa,0,3.7206355,47.0
Liberia,2004,0,54.0,4.24,87.0,21.5,47.0,31.0,3.2,149.4452549,8.5,8.5,LBR,Africa,0,3.785838313,41.0
Liberia,2005,0,55.3,4.19,87.0,22.0,66.0,83.0,3.1,168.648254,8.3,8.3,LBR,Africa,0,3.851041126,62.0
Liberia,2006,0,56.7,4.05,87.0,22.4,66.0,83.0,3.0,178.92799,8.1,8.1,LBR,Africa,0,3.914206351,63.0
Liberia,2007,0,57.9,4.03,87.0,22.9,67.0,65.0,2.8,21.3733292,7.9,7.8,LBR,Africa,0,3.977371575,71.0
Liberia,2008,0,58.6,3.88,64.0,23.4,79.0,75.0,2.4,232.61732,7.7,7.6,LBR,Africa,0,4.0405368,76.0
Liberia,2009,0,59.2,3.75,64.0,24.0,84.0,81.0,2.1,33.667491,7.6,7.4,LBR,Africa,0,4.103702025,83.0
Liberia,2010,0,59.7,3.64,47.0,24.5,71.0,83.0,1.8,327.42597,7.4,7.2,LBR,Africa,0,4.16686725,65.0
Liberia,2011,0,62.0,3.72,77.0,25.0,77.0,77.0,1.5,379.689583,7.2,7.0,LBR,Africa,0,4.256521117,71.0
Liberia,2012,0,67.0,0.01,87.0,25.6,82.0,83.0,1.2,415.361958,7.0,6.9,LBR,Africa,0,4.346174985,80.0
Liberia,2013,0,61.1,0.01,76.0,26.1,75.0,76.0,1.1,454.1222236,6.8,6.7,LBR,Africa,0,4.435828852,74.0
Liberia,2014,0,58.1,0.01,87.0,26.7,49.0,83.0,0.9,458.4651734,6.7,6.5,LBR,Africa,0,4.52548272,58.0
Liberia,2015,0,61.4,2.83,52.0,27.3,52.0,52.0,0.9,452.38717,6.5,6.4,LBR,Africa,0,4.615136587,64.0
Libya,2000,0,78.0,0.01,92.0,52.8,94.0,94.0,0.1,7145.628494,5.7,5.5,LBY,Africa,0,5.58,93.0
Libya,2001,0,71.0,0.01,93.0,53.4,94.0,94.0,0.1,6269.58123,5.6,5.5,LBY,Africa,0,5.752,93.0
Libya,2002,0,71.1,0.01,91.0,54.0,93.0,93.0,0.1,375.442638,5.6,5.4,LBY,Africa,0,5.924,91.0
Libya,2003,0,71.3,0.01,96.0,54.6,95.0,95.0,0.1,4676.96753,5.6,5.4,LBY,Africa,0,6.096,96.0
Libya,2004,0,71.5,0.01,99.0,55.3,97.0,97.0,0.1,586.8364,5.5,5.4,LBY,Africa,0,6.268,99.0
Libya,2005,0,71.9,0.01,97.0,56.0,98.0,98.0,0.1,8171.361651,5.5,5.4,LBY,Africa,0,6.44,97.0
Libya,2006,0,72.2,0.01,98.0,56.7,98.0,98.0,0.1,9344.987518,5.5,5.4,LBY,Africa,0,6.614,98.0
Libya,2007,0,72.5,0.01,98.0,57.4,98.0,98.0,0.1,1138.56661,5.5,5.4,LBY,Africa,0,6.788,98.0
Libya,2008,0,72.6,0.01,98.0,58.2,98.0,98.0,0.1,14396.4865,5.5,5.4,LBY,Africa,0,6.962,98.0
Libya,2009,0,72.7,0.01,98.0,59.0,98.0,98.0,0.1,1296.97353,5.6,5.4,LBY,Africa,0,7.136,98.0
Libya,2010,0,72.8,0.01,98.0,59.9,98.0,98.0,0.1,1212.56217,5.6,5.4,LBY,Africa,0,7.31,98.0
Libya,2011,0,71.3,0.01,98.0,6.9,98.0,98.0,0.1,562.549434,5.6,5.4,LBY,Africa,0,7.56,98.0
Libya,2012,0,72.9,0.01,98.0,61.8,98.0,98.0,0.1,14975.8902795144,5.6,5.4,LBY,Africa,0,7.81,98.0
Libya,2013,0,72.9,0.01,96.0,62.8,96.0,96.0,0.1,11951.7134126011,5.7,5.5,LBY,Africa,0,7.807726512,96.0
Libya,2014,0,72.4,0.01,94.0,63.8,94.0,94.0,0.1,8926.42074591474,5.7,5.5,LBY,Africa,0,7.805453023,93.0
Libya,2015,0,72.7,0.0,97.0,64.8,97.0,97.0,0.1,7458.48917756374,5.8,5.5,LBY,Africa,0,7.803179535,98.0
Saint Lucia,2000,0,71.6,11.69,95.0,36.8,94.0,94.0,0.4,5879.56191426207,4.5,4.5,LCA,North America,3,7.464736838,88.0
Saint Lucia,2001,0,71.8,12.03,95.0,37.3,99.0,99.0,0.3,5570.45247098106,4.5,4.5,LCA,North America,3,7.555263143,89.0
Saint Lucia,2002,0,72.0,11.85,95.0,37.9,94.0,74.0,0.1,5567.89428424719,4.4,4.5,LCA,North America,3,7.645789448,98.0
Saint Lucia,2003,0,72.2,12.55,84.0,38.4,91.0,94.0,0.2,6058.60622059326,4.4,4.4,LCA,North America,3,7.736315752,90.0
Saint Lucia,2004,0,72.6,11.93,91.0,39.0,91.0,91.0,0.2,6494.60034867886,4.4,4.4,LCA,North America,3,7.826842057,95.0
Saint Lucia,2005,0,73.1,12.32,95.0,39.6,95.0,95.0,0.2,6863.43641919345,4.4,4.4,LCA,North America,3,7.917368362,94.0
Saint Lucia,2006,0,73.5,13.45,85.0,4.4,85.0,85.0,0.1,7611.17856675319,4.3,4.4,LCA,North America,3,8.007894667,94.0
Saint Lucia,2007,0,73.9,12.68,99.0,41.3,99.0,99.0,0.1,7964.38211480117,4.3,4.4,LCA,North America,3,8.098420971,94.0
Saint Lucia,2008,0,74.1,12.09,96.0,42.2,96.0,96.0,0.1,8516.96075488787,4.3,4.4,LCA,North America,3,8.188947276,99.0
Saint Lucia,2009,0,74.3,11.09,95.0,43.0,95.0,95.0,0.1,8250.52180732734,4.3,4.4,LCA,North America,3,8.279473581,99.0
Saint Lucia,2010,0,74.2,10.87,97.0,43.8,97.0,97.0,0.1,8673.68720340529,4.3,4.3,LCA,North America,3,8.369999886,95.0
Saint Lucia,2011,0,74.6,10.43,99.0,44.5,99.0,99.0,0.1,9128.99442011613,4.3,4.3,LCA,North America,3,8.366666476,91.0
Saint Lucia,2012,0,74.7,9.99,98.0,45.2,98.0,98.0,0.1,9260.30006551714,4.3,4.3,LCA,North America,3,8.363333066,99.0
Saint Lucia,2013,0,74.8,9.73,99.0,45.9,99.0,99.0,0.1,9577.21733754358,4.3,4.3,LCA,North America,3,8.359999657,99.0
Saint Lucia,2014,0,75.0,9.97,99.0,46.7,99.0,99.0,0.1,10044.8218377677,4.3,4.3,LCA,North America,3,8.391666412,99.0
Saint Lucia,2015,0,75.2,9.73,99.0,47.5,99.0,99.0,0.1,10334.9860823918,4.3,4.3,LCA,North America,3,8.423333168,97.0
Sri Lanka,2000,0,71.5,1.45,95.0,14.1,99.0,99.0,0.1,875.412178,15.3,15.5,LKA,Asia,1,10.56060331,99.0
Sri Lanka,2001,0,72.7,1.68,95.0,14.6,98.0,98.0,0.1,837.699787,15.4,15.6,LKA,Asia,1,10.60000038,99.0
Sri Lanka,2002,0,73.7,1.62,95.0,15.1,98.0,98.0,0.1,873.1472436,15.4,15.6,LKA,Asia,1,10.55600033,99.0
Sri Lanka,2003,0,73.9,1.69,95.0,15.6,98.0,99.0,0.1,989.4547732,15.4,15.5,LKA,Asia,1,10.51200027,99.0
Sri Lanka,2004,0,69.1,1.56,62.0,16.1,97.0,97.0,0.1,174.6692,15.4,15.5,LKA,Asia,1,10.46800022,96.0
Sri Lanka,2005,0,74.2,1.97,99.0,16.6,99.0,99.0,0.1,1259.87591,15.4,15.5,LKA,Asia,1,10.42400017,99.0
Sri Lanka,2006,0,73.8,1.96,98.0,17.2,98.0,98.0,0.1,1448.7611,15.4,15.5,LKA,Asia,1,10.38000011,99.0
Sri Lanka,2007,0,73.7,2.29,98.0,17.9,98.0,98.0,0.1,1644.816372,15.4,15.5,LKA,Asia,1,10.35000038,98.0
Sri Lanka,2008,0,72.3,2.1,98.0,18.5,98.0,98.0,0.1,254.489192,15.4,15.4,LKA,Asia,1,10.40999985,98.0
Sri Lanka,2009,0,71.8,2.05,97.0,19.2,97.0,97.0,0.1,216.681584,15.3,15.4,LKA,Asia,1,10.51000023,97.0
Sri Lanka,2010,0,74.5,2.31,99.0,19.8,99.0,99.0,0.1,2819.511161,15.3,15.3,LKA,Asia,1,10.50857162,99.0
Sri Lanka,2011,0,74.5,3.03,99.0,2.5,99.0,99.0,0.1,322.992615,15.3,15.3,LKA,Asia,1,10.50714302,99.0
Sri Lanka,2012,0,74.5,2.8,99.0,21.2,99.0,99.0,0.1,335.521375,15.3,15.2,LKA,Asia,1,10.50571442,99.0
Sri Lanka,2013,0,74.6,2.56,99.0,21.9,99.0,99.0,0.1,361.289374,15.2,15.1,LKA,Asia,1,10.50428581,99.0
Sri Lanka,2014,0,74.7,2.37,99.0,22.7,99.0,99.0,0.1,382.54994,15.2,15.0,LKA,Asia,1,10.50285721,99.0
Sri Lanka,2015,0,74.9,2.7,99.0,23.4,99.0,99.0,0.1,3844.89123,15.1,15.0,LKA,Asia,1,10.5014286,99.0
Lesotho,2000,0,49.3,3.1,87.0,24.9,82.0,83.0,29.8,474.8197876,11.5,11.6,LSO,Africa,0,5.003950888,74.0
Lesotho,2001,0,47.8,2.86,87.0,25.4,78.0,78.0,31.2,437.819184,11.1,11.1,LSO,Africa,0,5.212228209,70.0
Lesotho,2002,0,46.4,2.95,87.0,25.9,84.0,84.0,32.5,47.89395,1.6,1.6,LSO,Africa,0,5.42050553,78.0
Lesotho,2003,0,45.5,1.99,17.0,26.4,82.0,83.0,33.8,63.636279,1.2,1.1,LSO,Africa,0,5.628782851,85.0
Lesotho,2004,0,44.8,1.8,87.0,26.9,89.0,83.0,34.6,781.5145936,9.7,9.7,LSO,Africa,0,5.837060172,84.0
Lesotho,2005,0,44.5,2.67,87.0,27.4,88.0,89.0,34.8,862.9463118,9.3,9.2,LSO,Africa,0,6.045337493,83.0
Lesotho,2006,0,45.3,2.61,91.0,27.9,88.0,89.0,34.1,915.775754,8.8,8.7,LSO,Africa,0,5.829999924,82.0
Lesotho,2007,0,46.2,2.69,87.0,28.3,87.0,88.0,30.0,918.432717,8.4,8.3,LSO,Africa,0,5.684999943,81.0
Lesotho,2008,0,47.8,2.75,88.0,28.8,86.0,88.0,27.3,934.428563,8.0,7.8,LSO,Africa,0,5.539999962,80.0
Lesotho,2009,0,49.4,2.75,91.0,29.2,89.0,91.0,18.2,923.136931,7.6,7.4,LSO,Africa,0,5.704586983,84.0
Lesotho,2010,0,51.1,2.71,93.0,29.7,92.0,93.0,13.4,1173.26212,7.2,7.0,LSO,Africa,0,5.869174004,88.0
Lesotho,2011,0,52.3,2.39,96.0,3.2,95.0,96.0,10.5,1352.38433,6.8,6.6,LSO,Africa,0,6.033761024,92.0
Lesotho,2012,0,52.2,0.01,95.0,3.8,93.0,95.0,9.0,1281.516,6.4,6.2,LSO,Africa,0,6.198348045,91.0
Lesotho,2013,0,52.1,0.01,87.0,31.4,82.0,93.0,9.6,1196.1335,6.1,5.9,LSO,Africa,0,6.362935066,90.0
Lesotho,2014,0,52.1,0.01,87.0,32.0,82.0,93.0,9.4,1174.839214,5.8,5.6,LSO,Africa,0,6.527522087,92.0
Lesotho,2015,0,53.7,2.56,87.0,32.6,82.0,93.0,9.3,173.82893,5.5,5.3,LSO,Africa,0,6.692109108,93.0
Lithuania,2000,1,71.6,9.87,98.0,56.9,92.0,94.0,0.1,3297.35471,3.4,3.4,LTU,Europe,2,10.94838156,97.0
Lithuania,2001,1,71.2,10.2,95.0,57.2,97.0,95.0,0.1,353.147337,3.3,3.3,LTU,Europe,2,11.13270522,97.0
Lithuania,2002,1,71.4,11.0,94.0,57.5,97.0,95.0,0.1,4146.987928,3.3,3.3,LTU,Europe,2,11.31702889,98.0
Lithuania,2003,1,71.6,11.29,95.0,57.8,91.0,94.0,0.1,555.535669,3.2,3.2,LTU,Europe,2,11.50135256,98.0
Lithuania,2004,1,71.6,12.1,95.0,58.1,96.0,94.0,0.1,676.966998,3.1,3.1,LTU,Europe,2,11.68567622,98.0
Lithuania,2005,1,78.0,12.3,95.0,58.4,93.0,94.0,0.1,7863.1629,3.0,3.1,LTU,Europe,2,11.86999989,97.0
Lithuania,2006,1,76.0,12.7,95.0,58.7,94.0,94.0,0.1,924.642548,3.0,3.0,LTU,Europe,2,12.01000023,97.0
Lithuania,2007,1,72.0,13.4,96.0,59.0,95.0,95.0,0.1,12297.91535,2.9,3.0,LTU,Europe,2,12.15999985,97.0
Lithuania,2008,1,71.1,13.3,96.0,59.3,96.0,96.0,0.1,14961.56818,2.9,2.9,LTU,Europe,2,12.30000019,97.0
Lithuania,2009,1,72.2,12.4,95.0,59.7,98.0,98.0,0.1,11837.3913,2.8,2.9,LTU,Europe,2,12.31999969,96.0
Lithuania,2010,1,72.4,12.9,94.0,6.0,95.0,95.0,0.1,11984.86857,2.8,2.8,LTU,Europe,2,12.46000004,96.0
Lithuania,2011,1,72.8,12.66,95.0,6.5,92.0,92.0,0.1,14357.73679,2.7,2.8,LTU,Europe,2,12.56999969,94.0
Lithuania,2012,1,73.0,15.14,93.0,6.9,93.0,93.0,0.1,14341.836,2.7,2.7,LTU,Europe,2,12.56000042,93.0
Lithuania,2013,1,73.0,15.04,93.0,61.4,93.0,93.0,0.1,15712.82376,2.7,2.7,LTU,Europe,2,12.59000015,93.0
Lithuania,2014,1,73.4,15.19,94.0,61.9,93.0,93.0,0.1,16554.97139,2.6,2.7,LTU,Europe,2,12.80000019,93.0
Lithuania,2015,1,73.6,12.9,94.0,62.4,93.0,93.0,0.1,14252.42853,2.6,2.6,LTU,Europe,2,12.96000004,94.0
Luxembourg,2000,1,77.8,13.14,77.0,54.0,99.0,99.0,0.1,48735.99549,1.0,1.0,LUX,Europe,2,10.55599957,93.0
Luxembourg,2001,1,78.0,12.89,86.0,54.6,99.0,99.0,0.1,48179.4285,1.0,1.0,LUX,Europe,2,10.72999954,94.0
Luxembourg,2002,1,78.3,12.91,95.0,55.2,99.0,99.0,0.1,5293.64115,1.0,0.9,LUX,Europe,2,10.99499989,94.0
Luxembourg,2003,1,78.6,12.61,95.0,55.8,99.0,98.0,0.1,65445.8853,1.0,0.9,LUX,Europe,2,11.26000023,95.0
Luxembourg,2004,1,78.7,12.42,94.0,56.4,99.0,99.0,0.1,75716.3518,1.0,0.9,LUX,Europe,2,11.3525002,95.0
Luxembourg,2005,1,78.8,11.84,95.0,57.0,99.0,99.0,0.1,8289.69641,1.0,0.9,LUX,Europe,2,11.44500017,95.0
Luxembourg,2006,1,79.4,11.98,95.0,57.5,99.0,99.0,0.1,89739.7117,0.9,0.9,LUX,Europe,2,11.53750014,95.0
Luxembourg,2007,1,79.7,11.75,87.0,57.9,96.0,99.0,0.1,1618.4928,0.9,0.9,LUX,Europe,2,11.63000011,96.0
Luxembourg,2008,1,80.0,11.53,94.0,58.4,96.0,99.0,0.1,114293.8433,0.9,0.9,LUX,Europe,2,12.22000027,96.0
Luxembourg,2009,1,83.0,11.42,95.0,58.8,96.0,99.0,0.1,13198.6693,0.9,0.9,LUX,Europe,2,12.81000042,96.0
Luxembourg,2010,1,86.0,11.36,94.0,59.2,96.0,99.0,0.1,14965.361,0.9,0.9,LUX,Europe,2,12.84000015,96.0
Luxembourg,2011,1,88.0,11.5,95.0,59.6,96.0,99.0,0.1,115761.577,0.9,0.9,LUX,Europe,2,12.85999966,96.0
Luxembourg,2012,1,81.1,11.34,94.0,6.1,99.0,99.0,0.1,16749.136,0.9,0.9,LUX,Europe,2,13.0,99.0
Luxembourg,2013,1,81.4,11.02,94.0,6.5,99.0,99.0,0.1,113751.85,0.9,0.9,LUX,Europe,2,13.19999981,99.0
Luxembourg,2014,1,81.7,11.12,94.0,6.9,99.0,99.0,0.1,119172.7418,1.0,0.9,LUX,Europe,2,13.43000031,99.0
Luxembourg,2015,1,82.0,11.52,94.0,61.3,99.0,99.0,0.1,1199.8223,1.0,0.9,LUX,Europe,2,12.46000004,99.0
Latvia,2000,1,71.0,7.13,95.0,55.4,96.0,96.0,0.1,3352.731296,2.8,2.8,LVA,Europe,2,11.47105064,97.0
Latvia,2001,1,69.9,6.68,96.0,55.7,97.0,97.0,0.1,3572.8513,2.8,2.8,LVA,Europe,2,11.63578801,98.0
Latvia,2002,1,73.0,7.44,98.0,56.0,98.0,97.0,0.1,4132.34927,2.7,2.7,LVA,Europe,2,11.80052538,98.0
Latvia,2003,1,78.0,8.24,98.0,56.3,98.0,98.0,0.1,5134.95694,2.6,2.6,LVA,Europe,2,11.96526275,98.0
Latvia,2004,1,71.0,8.81,98.0,56.6,99.0,99.0,0.1,6351.8125,2.5,2.6,LVA,Europe,2,12.13000011,98.0
Latvia,2005,1,76.0,9.92,99.0,57.0,99.0,99.0,0.1,7558.7426,2.5,2.5,LVA,Europe,2,12.25,98.0
Latvia,2006,1,75.0,10.4,94.0,57.4,96.0,96.0,0.1,9667.9757,2.4,2.5,LVA,Europe,2,12.30000019,98.0
Latvia,2007,1,78.0,12.12,91.0,57.7,94.0,94.0,0.1,1444.1589,2.4,2.4,LVA,Europe,2,12.17000008,95.0
Latvia,2008,1,71.9,11.84,93.0,58.1,94.0,94.0,0.1,16348.53121,2.3,2.4,LVA,Europe,2,12.35000038,96.0
Latvia,2009,1,72.6,9.85,92.0,58.5,94.0,94.0,0.1,12219.37379,2.3,2.3,LVA,Europe,2,12.46000004,92.0
Latvia,2010,1,72.8,9.8,91.0,58.9,92.0,92.0,0.1,11326.21947,2.2,2.3,LVA,Europe,2,12.56000042,95.0
Latvia,2011,1,73.6,10.14,89.0,59.4,92.0,92.0,0.1,1372.68947,2.2,2.3,LVA,Europe,2,12.60999966,92.0
Latvia,2012,1,73.8,10.21,95.0,59.8,91.0,91.0,0.1,13822.8559,2.2,2.2,LVA,Europe,2,12.69999981,90.0
Latvia,2013,1,74.1,10.37,94.0,6.2,94.0,94.0,0.1,1532.22924,2.2,2.2,LVA,Europe,2,12.81000042,96.0
Latvia,2014,1,74.4,0.01,92.0,6.7,92.0,92.0,0.1,15725.1374,2.2,2.2,LVA,Europe,2,12.85999966,95.0
Latvia,2015,1,74.6,10.8,94.0,61.2,95.0,95.0,0.1,13666.58336,2.2,2.1,LVA,Europe,2,12.86999989,96.0
Morocco,2000,0,68.6,0.45,87.0,44.8,95.0,95.0,0.1,1332.382358,6.7,6.6,MAR,Africa,0,3.26,93.0
Morocco,2001,0,69.0,0.46,84.0,45.7,93.0,96.0,0.1,1336.775376,6.7,6.5,MAR,Africa,0,3.366,96.0
Morocco,2002,0,69.5,0.46,92.0,46.5,94.0,94.0,0.1,1413.757176,6.6,6.5,MAR,Africa,0,3.472,94.0
Morocco,2003,0,69.9,0.58,87.0,47.3,91.0,91.0,0.1,1721.973863,6.6,6.4,MAR,Africa,0,3.578,90.0
Morocco,2004,0,72.0,0.56,95.0,48.2,97.0,97.0,0.1,1948.812275,6.5,6.4,MAR,Africa,0,3.684,95.0
Morocco,2005,0,77.0,0.47,96.0,49.1,98.0,98.0,0.1,213.755559,6.5,6.3,MAR,Africa,0,3.79,97.0
Morocco,2006,0,71.0,0.58,95.0,49.9,97.0,97.0,0.1,2191.478567,6.4,6.3,MAR,Africa,0,3.88,95.0
Morocco,2007,0,71.4,0.56,95.0,5.8,95.0,95.0,0.1,2494.353552,6.4,6.3,MAR,Africa,0,3.97,95.0
Morocco,2008,0,71.8,0.51,97.0,51.7,99.0,99.0,0.1,2884.94776,6.4,6.3,MAR,Africa,0,4.06,96.0
Morocco,2009,0,72.3,0.62,98.0,52.7,99.0,99.0,0.1,2861.5545,6.4,6.2,MAR,Africa,0,4.15,98.0
Morocco,2010,0,72.8,0.56,98.0,53.6,99.0,99.0,0.1,2834.2472,6.3,6.2,MAR,Africa,0,4.24,98.0
Morocco,2011,0,73.3,0.54,98.0,54.6,98.0,99.0,0.1,339.91616,6.3,6.2,MAR,Africa,0,4.468,99.0
Morocco,2012,0,73.6,0.55,99.0,55.5,99.0,99.0,0.1,294.746728,6.3,6.2,MAR,Africa,0,4.696,99.0
Morocco,2013,0,73.9,0.45,99.0,56.5,99.0,99.0,0.1,3111.762887,6.4,6.2,MAR,Africa,0,4.924,99.0
Morocco,2014,0,74.1,0.43,99.0,57.5,99.0,99.0,0.1,3154.513484,6.4,6.2,MAR,Africa,0,5.152,99.0
Morocco,2015,0,74.3,0.38,99.0,58.5,99.0,99.0,0.1,2847.285569,6.4,6.2,MAR,Africa,0,5.38,99.0
Republic of Moldova,2000,0,67.1,9.89,92.0,46.5,97.0,95.0,0.1,440.538683980372,3.6,3.7,MDA,Europe,2,10.26991781,89.0
Republic of Moldova,2001,0,67.6,10.98,94.0,46.8,98.0,97.0,0.1,507.404076252819,3.5,3.6,MDA,Europe,2,10.37363158,94.0
Republic of Moldova,2002,0,67.5,6.71,99.0,47.2,98.0,97.0,0.1,570.799866188293,3.4,3.6,MDA,Europe,2,10.47734534,94.0
Republic of Moldova,2003,0,67.6,8.15,99.0,47.6,98.0,98.0,0.1,682.319095965299,3.3,3.5,MDA,Europe,2,10.58105911,96.0
Republic of Moldova,2004,0,68.0,12.27,99.0,47.9,98.0,98.0,0.1,897.178494749468,3.2,3.4,MDA,Europe,2,10.68477288,96.0
Republic of Moldova,2005,0,67.3,10.78,99.0,48.3,99.0,98.0,0.1,1034.39197746993,3.1,3.3,MDA,Europe,2,10.78848665,97.0
Republic of Moldova,2006,0,68.0,8.36,98.0,48.7,98.0,97.0,0.1,1183.02481442894,3.1,3.3,MDA,Europe,2,11.03424319,96.0
Republic of Moldova,2007,0,68.3,9.66,95.0,49.1,93.0,92.0,0.1,1531.21618590748,3.0,3.2,MDA,Europe,2,11.27999973,96.0
Republic of Moldova,2008,0,68.9,9.07,97.0,49.5,96.0,96.0,0.1,2110.55305353857,2.9,3.1,MDA,Europe,2,11.38000011,95.0
Republic of Moldova,2009,0,69.0,8.45,89.0,49.9,87.0,85.0,0.1,1898.43975710988,2.9,3.1,MDA,Europe,2,11.47999954,90.0
Republic of Moldova,2010,0,68.8,8.25,98.0,5.4,97.0,96.0,0.1,2436.79935102421,2.8,3.0,MDA,Europe,2,11.48999977,97.0
Republic of Moldova,2011,0,77.0,9.45,96.0,5.9,96.0,93.0,0.1,2941.36224066021,2.8,3.0,MDA,Europe,2,11.56000042,91.0
Republic of Moldova,2012,0,79.0,10.68,94.0,51.5,92.0,92.0,0.1,3044.8084324815,2.7,2.9,MDA,Europe,2,11.69999981,91.0
Republic of Moldova,2013,0,71.7,10.49,91.0,52.1,92.0,96.0,0.1,3321.04397795719,2.7,2.9,MDA,Europe,2,11.63000011,91.0
Republic of Moldova,2014,0,71.8,9.99,92.0,52.7,92.0,96.0,0.1,3289.95758568777,2.7,2.8,MDA,Europe,2,11.69999981,90.0
Republic of Moldova,2015,0,72.1,7.52,88.0,53.4,88.0,87.0,0.1,2749.55137054338,2.7,2.8,MDA,Europe,2,11.69999981,89.0
Madagascar,2000,0,57.9,1.16,87.0,13.9,58.0,57.0,0.6,245.939659,8.7,8.6,MDG,Africa,0,3.902890818,57.0
Madagascar,2001,0,58.7,1.05,87.0,14.3,82.0,83.0,0.7,278.555732,8.6,8.5,MDG,Africa,0,4.034695727,59.0
Madagascar,2002,0,59.3,0.9,51.0,14.7,61.0,62.0,0.7,262.2859481,8.5,8.4,MDG,Africa,0,4.166500637,61.0
Madagascar,2003,0,59.9,0.93,61.0,15.0,65.0,66.0,0.7,316.7998965,8.3,8.3,MDG,Africa,0,4.298305546,65.0
Madagascar,2004,0,64.0,0.81,71.0,15.4,74.0,78.0,0.6,245.1235876,8.2,8.1,MDG,Africa,0,4.430110455,79.0
Madagascar,2005,0,69.0,0.72,87.0,15.8,82.0,85.0,0.6,274.819723,8.1,8.0,MDG,Africa,0,4.475816863,74.0
Madagascar,2006,0,61.4,0.68,82.0,16.3,83.0,85.0,0.6,292.157443,8.0,7.9,MDG,Africa,0,4.521523271,71.0
Madagascar,2007,0,61.9,0.71,84.0,16.7,83.0,84.0,0.6,377.8482928,7.9,7.8,MDG,Africa,0,4.56722968,81.0
Madagascar,2008,0,62.3,0.68,77.0,17.1,77.0,77.0,0.5,47.733254,7.8,7.7,MDG,Africa,0,4.612936088,70.0
Madagascar,2009,0,62.8,0.91,77.0,17.6,76.0,77.0,0.5,415.6893226,7.7,7.6,MDG,Africa,0,4.658642496,63.0
Madagascar,2010,0,63.3,1.03,87.0,18.0,82.0,83.0,0.5,412.739341,7.6,7.5,MDG,Africa,0,4.704348905,66.0
Madagascar,2011,0,63.8,0.97,73.0,18.5,73.0,73.0,0.4,454.963464,7.5,7.4,MDG,Africa,0,4.750055313,62.0
Madagascar,2012,0,64.3,0.87,87.0,19.0,71.0,83.0,0.4,443.9611,7.4,7.3,MDG,Africa,0,4.795761721,63.0
Madagascar,2013,0,64.7,0.87,74.0,19.5,73.0,74.0,0.4,461.723722,7.3,7.2,MDG,Africa,0,4.84146813,64.0
Madagascar,2014,0,65.1,0.01,73.0,2.0,73.0,73.0,0.3,452.4631926,7.2,7.1,MDG,Africa,0,4.887174538,66.0
Madagascar,2015,0,65.5,0.64,69.0,2.5,71.0,69.0,0.3,41.8575951,7.1,7.1,MDG,Africa,0,4.932880947,60.0
Maldives,2000,0,69.6,1.83,96.0,15.2,98.0,98.0,0.1,2182.99711,14.8,14.8,MDV,Asia,1,3.46923766,99.0
Maldives,2001,0,78.0,1.98,98.0,15.6,97.0,98.0,0.1,298.67598,14.7,14.8,MDV,Asia,1,3.47378748,98.0
Maldives,2002,0,71.8,1.95,98.0,16.2,98.0,98.0,0.1,32.37239,14.6,14.7,MDV,Asia,1,3.4783373,97.0
Maldives,2003,0,72.7,1.75,98.0,16.7,98.0,98.0,0.1,3432.247841,14.6,14.7,MDV,Asia,1,3.48288712,96.0
Maldives,2004,0,73.4,1.6,97.0,17.3,96.0,96.0,0.1,3853.33348,14.5,14.6,MDV,Asia,1,3.48743694,97.0
Maldives,2005,0,74.3,1.47,98.0,18.0,98.0,98.0,0.1,3488.493769,14.4,14.5,MDV,Asia,1,3.49198676,97.0
Maldives,2006,0,75.0,1.62,98.0,18.7,98.0,98.0,0.1,4428.522898,14.3,14.5,MDV,Asia,1,3.789999962,97.0
Maldives,2007,0,75.4,1.78,98.0,19.5,98.0,98.0,0.1,52.862285,14.3,14.4,MDV,Asia,1,4.062264529,97.0
Maldives,2008,0,75.9,1.76,98.0,2.3,98.0,98.0,0.1,5828.621374,14.2,14.3,MDV,Asia,1,4.334529096,97.0
Maldives,2009,0,76.3,1.59,98.0,21.2,98.0,98.0,0.1,597.1659,14.1,14.2,MDV,Asia,1,4.606793664,98.0
Maldives,2010,0,76.7,1.83,97.0,22.1,97.0,96.0,0.1,633.79498,14.0,14.1,MDV,Asia,1,4.879058231,97.0
Maldives,2011,0,77.3,1.92,96.0,23.1,96.0,96.0,0.1,6497.55443,13.9,14.0,MDV,Asia,1,5.151322798,96.0
Maldives,2012,0,77.6,0.01,99.0,24.1,99.0,99.0,0.1,6541.7465,13.8,13.9,MDV,Asia,1,5.423587366,98.0
Maldives,2013,0,77.9,0.01,99.0,25.1,99.0,99.0,0.1,7112.33575,13.7,13.8,MDV,Asia,1,5.695851933,99.0
Maldives,2014,0,78.2,0.01,99.0,26.2,99.0,99.0,0.1,7716.2415,13.6,13.7,MDV,Asia,1,5.9681165,99.0
Maldives,2015,0,78.5,1.65,99.0,27.4,99.0,99.0,0.1,8395.785198,13.6,13.6,MDV,Asia,1,6.240381067,99.0
Mexico,2000,0,74.8,4.99,97.0,52.4,97.0,97.0,0.1,672.92113,2.0,1.9,MEX,North America,3,6.659999847,96.0
Mexico,2001,0,75.0,4.86,97.0,53.2,97.0,97.0,0.1,731.378864,1.9,1.9,MEX,North America,3,6.817499876,95.0
Mexico,2002,0,75.0,4.77,97.0,54.1,98.0,97.0,0.1,716.8219,1.9,1.8,MEX,North America,3,6.974999905,96.0
Mexico,2003,0,75.0,4.88,98.0,54.9,98.0,98.0,0.1,6751.998987,1.9,1.8,MEX,North America,3,7.132499933,96.0
Mexico,2004,0,75.4,4.9,98.0,55.7,98.0,98.0,0.1,7199.59665,1.8,1.8,MEX,North America,3,7.289999962,96.0
Mexico,2005,0,75.3,4.93,98.0,56.4,98.0,98.0,0.1,7986.798439,1.8,1.7,MEX,North America,3,7.489999771,96.0
Mexico,2006,0,75.8,5.11,98.0,57.2,98.0,98.0,0.1,8767.92258,1.8,1.7,MEX,North America,3,7.869999886,96.0
Mexico,2007,0,76.0,5.35,98.0,57.9,98.0,98.0,0.1,933.341687,1.7,1.7,MEX,North America,3,7.880000114,96.0
Mexico,2008,0,75.6,5.36,97.0,58.7,96.0,96.0,0.1,9689.52887,1.7,1.6,MEX,North America,3,7.949999809,96.0
Mexico,2009,0,75.7,5.27,95.0,59.4,95.0,95.0,0.1,7748.12331,1.7,1.6,MEX,North America,3,8.140000343,96.0
Mexico,2010,0,75.6,5.21,93.0,6.1,95.0,95.0,0.1,8959.581416,1.6,1.6,MEX,North America,3,8.010000229,95.0
Mexico,2011,0,76.1,5.3,98.0,6.8,97.0,97.0,0.1,9834.472689,1.6,1.6,MEX,North America,3,8.25,98.0
Mexico,2012,0,76.3,5.29,99.0,61.5,99.0,99.0,0.1,982.532572,1.6,1.5,MEX,North America,3,8.489999771,99.0
Mexico,2013,0,76.6,5.23,82.0,62.1,83.0,83.0,0.1,1298.86766,1.6,1.5,MEX,North America,3,8.359999657,89.0
Mexico,2014,0,76.6,5.26,84.0,62.8,87.0,87.0,0.1,1452.27766,1.6,1.5,MEX,North America,3,8.399999619,98.0
Mexico,2015,0,76.7,4.31,82.0,63.5,87.0,87.0,0.1,9143.128494,1.5,1.5,MEX,North America,3,8.600000381,98.0
Marshall Islands,2013,0,71.63093525179856,0.01,88.0,81.6,79.0,79.0,0.1,3617.752354,0.1,0.1,MHL,Oceania,4,11.01484526,79.0
The former Yugoslav republic of Macedonia,2000,0,72.6,2.86,78.15238095238095,52.7,96.0,95.0,0.1,1861.89899780644,2.8,2.8,MKD,Others,5,6.67749989,97.0
The former Yugoslav republic of Macedonia,2001,0,73.1,3.27,78.15238095238095,53.2,91.0,91.0,0.1,1823.02267682636,2.8,2.8,MKD,Others,5,6.898749888,92.0
The former Yugoslav republic of Macedonia,2002,0,72.8,2.53,78.15238095238095,53.6,97.0,96.0,0.1,1989.13537265159,2.7,2.7,MKD,Others,5,7.119999886,98.0
The former Yugoslav republic of Macedonia,2003,0,73.2,2.4,78.15238095238095,54.1,96.0,96.0,0.1,2445.36286400013,2.7,2.7,MKD,Others,5,7.405338645,96.0
The former Yugoslav republic of Macedonia,2004,0,73.5,2.07,78.15238095238095,54.5,95.0,94.0,0.1,2818.5814561242,2.6,2.6,MKD,Others,5,7.690677404,96.0
The former Yugoslav republic of Macedonia,2005,0,73.6,1.75,89.0,54.9,98.0,97.0,0.1,3120.98401394233,2.5,2.6,MKD,Others,5,7.976016164,96.0
The former Yugoslav republic of Macedonia,2006,0,73.7,1.74,89.0,55.4,92.0,93.0,0.1,3440.4411057968,2.5,2.5,MKD,Others,5,8.261354923,94.0
The former Yugoslav republic of Macedonia,2007,0,73.5,1.75,96.0,55.9,96.0,95.0,0.1,4204.11328760452,2.4,2.5,MKD,Others,5,8.546693683,96.0
The former Yugoslav republic of Macedonia,2008,0,74.2,1.72,97.0,56.4,96.0,95.0,0.1,5026.4202989873,2.4,2.4,MKD,Others,5,8.832032442,98.0
The former Yugoslav republic of Macedonia,2009,0,74.4,1.77,95.0,56.9,96.0,96.0,0.1,4799.78722768888,2.3,2.4,MKD,Others,5,9.117371202,96.0
The former Yugoslav republic of Macedonia,2010,0,74.7,1.47,89.0,57.4,95.0,95.0,0.1,4833.36586759968,2.3,2.3,MKD,Others,5,9.402709961,98.0
The former Yugoslav republic of Macedonia,2011,0,74.9,1.16,96.0,57.9,97.0,96.0,0.1,5416.86672931659,2.2,2.3,MKD,Others,5,9.68804872,97.0
The former Yugoslav republic of Macedonia,2012,0,75.1,1.23,98.0,58.5,97.0,95.0,0.1,5049.8265386157,2.2,2.2,MKD,Others,5,9.97338748,96.0
The former Yugoslav republic of Macedonia,2013,0,75.3,1.03,97.0,59.1,98.0,98.0,0.1,5626.26115664893,2.2,2.2,MKD,Others,5,10.25872624,96.0
The former Yugoslav republic of Macedonia,2014,0,75.5,1.13,97.0,59.7,96.0,95.0,0.1,5925.38592218015,2.2,2.2,MKD,Others,5,10.544065,93.0
The former Yugoslav republic of Macedonia,2015,0,75.7,1.13,92.0,6.3,92.0,91.0,0.1,5262.68671928674,2.1,2.1,MKD,Others,5,10.82940376,89.0
Mali,2000,0,49.8,0.47,87.0,15.6,53.0,43.0,2.5,269.3483829,11.0,1.9,MLI,Africa,0,1.184364868,49.0
Mali,2001,0,55.0,0.51,87.0,16.1,56.0,49.0,2.4,36.8473237,1.8,1.7,MLI,Africa,0,1.219544022,54.0
Mali,2002,0,51.2,0.53,87.0,16.5,65.0,61.0,2.3,334.22416,1.5,1.5,MLI,Africa,0,1.254723177,56.0
Mali,2003,0,52.0,0.54,79.0,17.0,67.0,63.0,2.2,391.791281,1.3,1.2,MLI,Africa,0,1.289902331,57.0
Mali,2004,0,52.8,0.49,87.0,17.5,82.0,69.0,2.0,439.3572924,1.1,1.0,MLI,Africa,0,1.325081486,63.0
Mali,2005,0,53.6,0.55,83.0,18.0,78.0,77.0,1.9,487.942556,9.9,9.7,MLI,Africa,0,1.36026064,73.0
Mali,2006,0,54.3,0.53,87.0,18.5,79.0,78.0,1.8,521.6425796,9.7,9.5,MLI,Africa,0,1.440000057,68.0
Mali,2007,0,55.0,0.55,74.0,19.0,76.0,74.0,1.7,595.6368319,9.4,9.3,MLI,Africa,0,1.556000042,66.0
Mali,2008,0,55.5,0.57,74.0,19.6,74.0,74.0,1.6,689.6784228,9.2,9.0,MLI,Africa,0,1.672000027,71.0
Mali,2009,0,56.0,0.59,71.0,2.2,77.0,73.0,1.6,697.153124,9.0,8.8,MLI,Africa,0,1.788000011,73.0
Mali,2010,0,56.5,0.6,72.0,2.7,77.0,73.0,1.5,78.377632,8.8,8.5,MLI,Africa,0,1.903999996,78.0
Mali,2011,0,56.8,0.61,66.0,21.3,72.0,66.0,1.5,835.88998,8.5,8.3,MLI,Africa,0,2.019999981,72.0
Mali,2012,0,57.2,0.01,66.0,21.9,72.0,66.0,1.5,777.3476868,8.3,8.1,MLI,Africa,0,1.972499996,67.0
Mali,2013,0,57.3,0.01,87.0,22.5,82.0,69.0,1.6,777.659139,8.1,7.9,MLI,Africa,0,1.925000012,62.0
Mali,2014,0,57.8,0.01,73.0,23.2,74.0,73.0,1.6,825.5729915,7.9,7.7,MLI,Africa,0,1.877500027,65.0
Mali,2015,0,58.2,3.71,64.0,23.8,66.0,64.0,1.5,729.725338,7.7,7.5,MLI,Africa,0,1.830000043,67.0
Malta,2000,1,77.5,5.59,95.0,62.3,94.0,94.0,0.1,1139.5651,0.8,0.7,MLT,Europe,2,7.46999979,74.0
Malta,2001,1,77.8,5.62,95.0,62.8,95.0,95.0,0.1,1121.78636,0.7,0.7,MLT,Europe,2,7.931999779,70.0
Malta,2002,1,78.2,5.73,95.0,63.4,95.0,95.0,0.1,11843.9392,0.7,0.7,MLT,Europe,2,8.393999767,65.0
Malta,2003,1,78.5,6.7,89.0,63.9,94.0,94.0,0.1,13689.98999,0.7,0.7,MLT,Europe,2,8.855999756,90.0
Malta,2004,1,78.7,6.53,85.0,64.5,89.0,89.0,0.1,1519.5497,0.7,0.7,MLT,Europe,2,9.317999744,94.0
Malta,2005,1,79.0,6.41,85.0,65.0,94.0,92.0,0.1,15835.34667,0.7,0.7,MLT,Europe,2,9.779999733,86.0
Malta,2006,1,79.3,8.84,86.0,65.6,83.0,85.0,0.1,16671.5672,0.7,0.7,MLT,Europe,2,9.819999695,94.0
Malta,2007,1,79.6,7.45,82.0,66.1,76.0,74.0,0.1,19375.5696,0.7,0.7,MLT,Europe,2,9.859999657,79.0
Malta,2008,1,80.0,7.14,86.0,66.6,72.0,72.0,0.1,21928.767,0.7,0.7,MLT,Europe,2,10.00999991,78.0
Malta,2009,1,82.0,7.38,86.0,67.1,73.0,73.0,0.1,2675.58259,0.8,0.7,MLT,Europe,2,10.16000017,82.0
Malta,2010,1,83.0,7.91,75.0,67.6,76.0,76.0,0.1,2187.79469,0.8,0.7,MLT,Europe,2,10.31000042,73.0
Malta,2011,1,87.0,6.91,82.0,68.0,96.0,96.0,0.1,22821.847,0.8,0.7,MLT,Europe,2,10.47000027,84.0
Malta,2012,1,81.0,7.67,93.0,68.4,99.0,99.0,0.1,2193.8836,0.8,0.7,MLT,Europe,2,10.80000019,93.0
Malta,2013,1,81.1,8.58,94.0,68.8,99.0,99.0,0.1,2393.1888,0.8,0.7,MLT,Europe,2,11.02999973,99.0
Malta,2014,1,81.4,8.49,95.0,69.2,99.0,99.0,0.1,2618.92599,0.8,0.8,MLT,Europe,2,11.13000011,98.0
Malta,2015,1,81.7,7.36,95.0,69.6,97.0,97.0,0.1,23819.4636,0.8,0.8,MLT,Europe,2,11.21000004,89.0
Myanmar,2000,0,62.1,0.35,95.0,13.6,88.0,82.0,0.4,193.187484,13.3,13.7,MMR,Asia,1,2.833204848,84.0
Myanmar,2001,0,62.5,0.38,95.0,14.1,77.0,73.0,0.4,138.9249275,13.3,13.7,MMR,Asia,1,2.915459182,73.0
Myanmar,2002,0,62.8,0.41,95.0,14.6,84.0,79.0,0.4,143.77651,13.3,13.7,MMR,Asia,1,2.997713517,77.0
Myanmar,2003,0,63.2,0.4,95.0,15.2,86.0,78.0,0.5,219.782326,13.3,13.6,MMR,Asia,1,3.079967851,80.0
Myanmar,2004,0,63.5,0.44,95.0,15.7,92.0,82.0,0.5,219.8156688,13.3,13.6,MMR,Asia,1,3.162222185,86.0
Myanmar,2005,0,63.9,0.28,62.0,16.4,86.0,73.0,0.5,247.24276,13.2,13.6,MMR,Asia,1,3.24447652,84.0
Myanmar,2006,0,64.2,0.28,75.0,17.0,82.0,82.0,0.6,296.97284,13.2,13.5,MMR,Asia,1,3.343181721,78.0
Myanmar,2007,0,64.5,0.26,85.0,17.6,84.0,86.0,0.6,41.451,13.2,13.5,MMR,Asia,1,3.441886922,81.0
Myanmar,2008,0,59.2,0.3,85.0,18.3,85.0,85.0,0.6,643.951373,13.2,13.4,MMR,Asia,1,3.540592123,82.0
Myanmar,2009,0,65.2,0.28,95.0,19.1,95.0,95.0,0.6,741.777116,13.1,13.4,MMR,Asia,1,3.639297324,87.0
Myanmar,2010,0,65.4,0.3,95.0,19.8,95.0,95.0,0.5,987.7365832,13.1,13.3,MMR,Asia,1,3.738002525,88.0
Myanmar,2011,0,65.6,0.33,95.0,2.5,95.0,84.0,0.5,1186.423937,13.0,13.3,MMR,Asia,1,3.937240802,88.0
Myanmar,2012,0,65.9,0.55,58.0,21.3,87.0,84.0,0.5,1171.58257,13.0,13.2,MMR,Asia,1,4.136479078,84.0
Myanmar,2013,0,66.2,0.7,75.0,22.1,76.0,75.0,0.4,1168.83947,12.9,13.2,MMR,Asia,1,4.335717355,86.0
Myanmar,2014,0,66.4,0.01,88.0,22.9,88.0,88.0,0.3,1262.893782,12.9,13.1,MMR,Asia,1,4.534955631,88.0
Myanmar,2015,0,66.6,1.44,89.0,23.8,89.0,89.0,0.3,1194.59137,12.8,13.0,MMR,Asia,1,4.734193908,84.0
Montenegro,2003,0,73.5,0.01,61.72695652173913,54.2,93.57679180887372,92.75597269624572,0.1,2789.1735,2.4,2.4,MNE,Europe,2,10.43999958,95.0
Montenegro,2004,0,73.5,0.01,61.72695652173913,55.0,93.57679180887372,92.75597269624572,0.1,338.199535,2.3,2.4,MNE,Europe,2,10.5449996,95.0
Montenegro,2005,0,73.6,2.695,61.72695652173913,55.7,93.57679180887372,92.75597269624572,0.1,3674.617924,2.3,2.3,MNE,Europe,2,10.64999962,95.0
Montenegro,2006,0,73.8,5.38,95.0,56.5,96.0,96.0,0.1,4383.59597,2.2,2.2,MNE,Europe,2,10.75499964,90.0
Montenegro,2007,0,74.2,4.98,95.0,57.2,92.0,92.0,0.1,5957.145693,2.1,2.2,MNE,Europe,2,10.85999966,90.0
Montenegro,2008,0,74.6,6.17,93.0,57.8,95.0,95.0,0.1,7325.73474,2.1,2.1,MNE,Europe,2,10.96499968,89.0
Montenegro,2009,0,75.0,6.45,87.0,58.5,91.0,92.0,0.1,6698.79439,2.0,2.1,MNE,Europe,2,11.06999969,86.0
Montenegro,2010,0,75.3,6.56,95.0,59.1,93.0,94.0,0.1,6682.281158,2.0,2.0,MNE,Europe,2,11.17499971,90.0
Montenegro,2011,0,75.4,6.56,91.0,59.7,95.0,95.0,0.1,7318.742449,1.9,2.0,MNE,Europe,2,11.27999973,91.0
Montenegro,2012,0,75.6,0.01,95.0,6.2,94.0,94.0,0.1,6586.71929,1.9,1.9,MNE,Europe,2,11.42716544,90.0
Montenegro,2013,0,75.8,0.01,95.0,6.7,94.0,94.0,0.1,7186.429787,1.8,1.9,MNE,Europe,2,11.57433115,88.0
Montenegro,2014,0,75.9,0.01,87.0,61.3,91.0,91.0,0.1,7378.345289,1.8,1.9,MNE,Europe,2,11.72149685,76.0
Montenegro,2015,0,76.1,7.95,82.0,61.8,89.0,89.0,0.1,6461.192554,1.8,1.8,MNE,Europe,2,11.86866256,64.0
Mongolia,2000,0,62.8,2.79,93.0,38.5,94.0,94.0,0.1,474.2133361,2.6,2.6,MNG,Asia,1,9.039999962,92.0
Mongolia,2001,0,63.2,2.87,95.0,39.1,95.0,95.0,0.1,524.145924,2.5,2.6,MNG,Asia,1,9.139999962,95.0
Mongolia,2002,0,63.8,2.43,98.0,39.8,98.0,98.0,0.1,571.51883,2.4,2.5,MNG,Asia,1,9.239999962,98.0
Mongolia,2003,0,64.0,1.31,98.0,4.5,98.0,98.0,0.1,646.561295,2.4,2.5,MNG,Asia,1,9.339999962,98.0
Mongolia,2004,0,64.0,1.75,98.0,41.3,99.0,99.0,0.1,797.8377432,2.3,2.4,MNG,Asia,1,9.439999962,99.0
Mongolia,2005,0,64.5,2.75,98.0,42.1,99.0,99.0,0.1,998.8226671,2.3,2.4,MNG,Asia,1,9.539999962,97.0
Mongolia,2006,0,65.0,2.91,98.0,43.0,98.0,99.0,0.1,1334.651896,2.2,2.4,MNG,Asia,1,9.639999962,99.0
Mongolia,2007,0,65.9,3.79,98.0,43.9,99.0,95.0,0.1,1634.81431,2.2,2.4,MNG,Asia,1,9.739999962,98.0
Mongolia,2008,0,67.4,4.26,96.0,44.9,95.0,96.0,0.1,2139.625631,2.2,2.3,MNG,Asia,1,9.839999962,97.0
Mongolia,2009,0,66.9,4.61,97.0,45.9,96.0,95.0,0.1,1717.898761,2.2,2.3,MNG,Asia,1,9.939999962,94.0
Mongolia,2010,0,66.3,5.8,96.0,46.9,96.0,96.0,0.1,265.353659,2.2,2.3,MNG,Asia,1,10.03999996,97.0
Mongolia,2011,0,67.3,0.01,99.0,48.0,99.0,99.0,0.1,3769.595255,2.2,2.3,MNG,Asia,1,10.1480062,98.0
Mongolia,2012,0,67.8,0.01,99.0,49.2,99.0,99.0,0.1,4368.82248,2.2,2.3,MNG,Asia,1,10.25601244,99.0
Mongolia,2013,0,68.1,0.01,98.0,5.4,98.0,98.0,0.1,4385.379355,2.2,2.3,MNG,Asia,1,10.36401868,97.0
Mongolia,2014,0,68.4,0.01,99.0,51.5,99.0,99.0,0.1,4181.583321,2.2,2.3,MNG,Asia,1,10.47202492,98.0
Mongolia,2015,0,68.8,8.49,99.0,52.7,99.0,99.0,0.1,3944.1839,2.2,2.3,MNG,Asia,1,10.58003116,98.0
Mozambique,2000,0,49.0,1.14,87.0,16.5,69.0,83.0,12.2,277.6486591,4.2,4.1,MOZ,Africa,0,1.754036179,71.0
Mozambique,2001,0,49.5,2.09,87.0,16.9,72.0,73.0,13.4,256.4414872,4.1,4.0,MOZ,Africa,0,1.831136671,74.0
Mozambique,2002,0,49.8,2.16,76.0,17.3,76.0,76.0,14.5,262.884551,4.0,4.0,MOZ,Africa,0,1.908237162,77.0
Mozambique,2003,0,51.0,1.68,76.0,17.7,67.0,85.0,15.3,283.8911588,4.0,3.9,MOZ,Africa,0,1.985337654,80.0
Mozambique,2004,0,54.0,1.54,76.0,18.1,69.0,83.0,15.9,336.3318145,3.9,3.8,MOZ,Africa,0,2.062438145,79.0
Mozambique,2005,0,58.0,1.23,75.0,18.5,71.0,83.0,16.2,369.1545359,3.9,3.8,MOZ,Africa,0,2.139538637,78.0
Mozambique,2006,0,51.2,1.2,75.0,18.9,73.0,78.0,16.3,385.7567141,3.8,3.7,MOZ,Africa,0,2.189653956,76.0
Mozambique,2007,0,52.1,1.03,75.0,19.3,75.0,75.0,14.1,422.1461573,3.8,3.7,MOZ,Africa,0,2.239769275,75.0
Mozambique,2008,0,53.2,1.48,75.0,19.7,74.0,75.0,12.6,53.127719,3.7,3.7,MOZ,Africa,0,2.289884595,77.0
Mozambique,2009,0,53.8,1.18,74.0,2.1,74.0,74.0,11.3,463.852618,3.7,3.6,MOZ,Africa,0,2.339999914,80.0
Mozambique,2010,0,54.0,0.96,74.0,2.5,73.0,74.0,10.8,419.2258149,3.7,3.6,MOZ,Africa,0,2.4799999,82.0
Mozambique,2011,0,54.3,0.94,76.0,2.9,73.0,76.0,9.6,526.5313517,3.7,3.6,MOZ,Africa,0,2.619999886,82.0
Mozambique,2012,0,54.8,1.19,76.0,21.3,73.0,76.0,6.9,566.513873,3.6,3.5,MOZ,Africa,0,2.762499928,83.0
Mozambique,2013,0,55.3,1.16,78.0,21.8,78.0,78.0,5.1,65.985681,3.6,3.5,MOZ,Africa,0,2.904999971,83.0
Mozambique,2014,0,56.7,0.01,79.0,22.2,79.0,79.0,4.1,623.2871141,3.6,3.5,MOZ,Africa,0,3.047500014,83.0
Mozambique,2015,0,57.6,1.27,87.0,22.6,82.0,83.0,3.9,528.3125597,3.6,3.5,MOZ,Africa,0,3.190000057,83.0
Mauritania,2000,0,60.0,0.03,87.0,21.1,58.0,51.0,1.1,477.476124,1.9,1.7,MRT,Africa,0,3.018759081,46.0
Mauritania,2001,0,61.0,0.01,87.0,21.7,75.0,75.0,1.2,464.229758,1.7,1.5,MRT,Africa,0,3.096006788,58.0
Mauritania,2002,0,62.0,0.02,87.0,22.3,91.0,89.0,1.2,46.9542322,1.5,1.3,MRT,Africa,0,3.173254495,87.0
Mauritania,2003,0,63.0,0.01,87.0,22.9,75.0,76.0,1.3,528.586613,1.3,1.1,MRT,Africa,0,3.250502202,84.0
Mauritania,2004,0,64.0,0.01,87.0,23.6,68.0,83.0,1.3,62.547286,1.0,9.8,MRT,Africa,0,3.327749909,73.0
Mauritania,2005,0,66.0,0.01,42.0,24.2,71.0,71.0,1.3,697.7451989,9.8,9.6,MRT,Africa,0,3.404997617,65.0
Mauritania,2006,0,69.0,0.01,68.0,24.8,68.0,68.0,1.3,944.134851,9.6,9.4,MRT,Africa,0,3.490376661,62.0
Mauritania,2007,0,61.2,0.02,74.0,25.5,75.0,75.0,1.3,113.3128,9.4,9.1,MRT,Africa,0,3.575755706,67.0
Mauritania,2008,0,61.4,0.02,74.0,26.1,73.0,74.0,1.3,1167.535689,9.2,8.9,MRT,Africa,0,3.661134751,65.0
Mauritania,2009,0,61.7,0.01,64.0,26.8,63.0,64.0,1.2,146.83851,8.9,8.7,MRT,Africa,0,3.746513795,59.0
Mauritania,2010,0,62.0,0.01,64.0,27.4,52.0,64.0,1.2,123.383675,8.7,8.5,MRT,Africa,0,3.83189284,67.0
Mauritania,2011,0,62.2,0.01,75.0,28.1,73.0,75.0,1.2,1393.261593,8.5,8.3,MRT,Africa,0,3.957928573,67.0
Mauritania,2012,0,62.5,0.01,87.0,28.8,82.0,83.0,1.2,1364.283745,8.3,8.1,MRT,Africa,0,4.083964305,75.0
Mauritania,2013,0,62.7,0.01,87.0,29.4,82.0,83.0,1.1,145.57838,8.1,7.9,MRT,Africa,0,4.210000038,80.0
Mauritania,2014,0,63.0,0.01,84.0,3.1,84.0,84.0,0.9,1326.66882,8.0,7.7,MRT,Africa,0,4.213114977,75.0
Mauritania,2015,0,63.1,0.0,73.0,3.8,67.0,73.0,0.9,1158.256469,7.8,7.5,MRT,Africa,0,4.216229916,70.0
Mauritius,2000,0,71.0,4.6,88.0,25.3,88.0,88.0,0.1,3861.32414,8.1,8.1,MUS,Africa,0,6.300000191,84.0
Mauritius,2001,0,71.5,4.38,92.0,25.8,93.0,92.0,0.1,3792.182152,8.0,8.0,MUS,Africa,0,6.501818397,90.0
Mauritius,2002,0,71.5,4.14,88.0,26.4,88.0,88.0,0.1,3957.51296,7.9,7.9,MUS,Africa,0,6.703636603,84.0
Mauritius,2003,0,71.5,4.08,97.0,26.9,99.0,99.0,0.1,4623.347642,7.9,7.8,MUS,Africa,0,6.905454809,91.0
Mauritius,2004,0,71.9,4.16,98.0,27.5,98.0,98.0,0.1,5229.876738,7.8,7.7,MUS,Africa,0,7.107273015,98.0
Mauritius,2005,0,72.1,3.94,97.0,28.0,97.0,97.0,0.1,5116.45424,7.7,7.6,MUS,Africa,0,7.309091221,98.0
Mauritius,2006,0,71.8,3.73,97.0,28.6,98.0,97.0,0.1,5695.969327,7.6,7.5,MUS,Africa,0,7.510909427,99.0
Mauritius,2007,0,72.9,3.24,97.0,29.1,96.0,97.0,0.1,6574.654338,7.5,7.4,MUS,Africa,0,7.712727633,98.0
Mauritius,2008,0,72.7,2.49,99.0,29.7,99.0,99.0,0.1,83.635,7.4,7.3,MUS,Africa,0,7.914545839,98.0
Mauritius,2009,0,72.8,2.83,99.0,3.2,99.0,99.0,0.1,7318.12641,7.3,7.3,MUS,Africa,0,8.116364046,99.0
Mauritius,2010,0,73.3,2.95,99.0,3.7,99.0,99.0,0.2,8.376432,7.2,7.2,MUS,Africa,0,8.318182252,99.0
Mauritius,2011,0,73.6,3.03,98.0,31.3,98.0,98.0,0.1,9197.26972,7.1,7.1,MUS,Africa,0,8.520000458,99.0
Mauritius,2012,0,73.9,0.01,98.0,31.8,98.0,98.0,0.1,9291.227619,7.1,7.0,MUS,Africa,0,8.748793246,99.0
Mauritius,2013,0,74.1,0.01,98.0,32.3,98.0,98.0,0.1,9637.265,7.0,7.0,MUS,Africa,0,8.977586034,99.0
Mauritius,2014,0,74.2,0.01,97.0,32.8,98.0,97.0,0.1,1153.93822,7.0,6.9,MUS,Africa,0,9.206378822,98.0
Mauritius,2015,0,74.6,6.88,97.0,33.3,98.0,97.0,0.1,9252.11724,6.9,6.8,MUS,Africa,0,9.43517161,99.0
Malawi,2000,0,43.1,1.18,87.0,14.1,73.0,75.0,25.5,153.2594872,8.0,7.9,MWI,Africa,0,3.013931779,73.0
Malawi,2001,0,43.5,1.15,87.0,14.4,86.0,83.0,25.1,146.7615397,7.9,7.7,MWI,Africa,0,3.16589765,81.0
Malawi,2002,0,44.0,1.1,64.0,14.8,79.0,64.0,24.7,29.9798977,7.7,7.6,MWI,Africa,0,3.31786352,69.0
Malawi,2003,0,44.6,1.08,84.0,15.2,85.0,84.0,24.2,26.152517,7.6,7.5,MWI,Africa,0,3.469829391,77.0
Malawi,2004,0,45.1,1.11,89.0,15.5,94.0,89.0,23.4,274.2256294,7.5,7.4,MWI,Africa,0,3.621795262,80.0
Malawi,2005,0,46.0,1.04,93.0,15.9,94.0,93.0,22.4,28.3673842,7.4,7.2,MWI,Africa,0,3.773761132,82.0
Malawi,2006,0,47.1,1.18,99.0,16.2,99.0,99.0,21.1,297.6971211,7.3,7.1,MWI,Africa,0,3.925727003,85.0
Malawi,2007,0,48.5,1.18,87.0,16.6,88.0,87.0,19.3,32.2227274,7.1,7.0,MWI,Africa,0,4.077692873,83.0
Malawi,2008,0,50.0,1.27,91.0,16.9,92.0,91.0,16.9,372.842678,7.0,6.9,MWI,Africa,0,4.229658744,88.0
Malawi,2009,0,51.5,1.16,93.0,17.3,93.0,93.0,14.9,42.7379657,6.9,6.8,MWI,Africa,0,4.381624614,92.0
Malawi,2010,0,52.9,1.08,93.0,17.6,86.0,93.0,13.7,458.8681744,6.8,6.7,MWI,Africa,0,4.533590485,93.0
Malawi,2011,0,54.1,1.23,97.0,18.0,97.0,97.0,11.2,512.125451,6.7,6.6,MWI,Africa,0,4.685556356,96.0
Malawi,2012,0,55.3,0.01,96.0,18.4,95.0,96.0,8.3,374.51882,6.6,6.5,MWI,Africa,0,4.837522226,90.0
Malawi,2013,0,56.7,0.01,89.0,18.8,89.0,89.0,6.3,332.922339,6.5,6.4,MWI,Africa,0,4.989488097,88.0
Malawi,2014,0,57.6,0.01,91.0,19.2,87.0,91.0,5.1,354.7253961,6.5,6.3,MWI,Africa,0,5.141453967,85.0
Malawi,2015,0,58.3,1.88,88.0,19.6,88.0,88.0,4.8,362.6575444,6.4,6.2,MWI,Africa,0,5.293419838,87.0
Malaysia,2000,0,72.4,0.54,97.0,26.0,98.0,98.0,0.1,445.17471,9.8,9.6,MYS,Asia,1,8.420000076,96.0
Malaysia,2001,0,72.7,0.53,95.0,27.0,95.0,96.0,0.1,3915.11546,9.7,9.4,MYS,Asia,1,8.254000092,95.0
Malaysia,2002,0,72.9,0.49,95.0,27.9,94.0,94.0,0.1,4167.364387,9.5,9.3,MYS,Asia,1,8.088000107,94.0
Malaysia,2003,0,73.1,0.48,95.0,28.8,96.0,96.0,0.1,4463.675893,9.3,9.1,MYS,Asia,1,7.922000122,93.0
Malaysia,2004,0,73.2,0.49,94.0,29.8,95.0,95.0,0.1,4955.477743,9.2,8.9,MYS,Asia,1,7.756000137,95.0
Malaysia,2005,0,73.4,0.46,96.0,3.7,96.0,96.0,0.1,5593.822995,9.0,8.8,MYS,Asia,1,7.590000153,96.0
Malaysia,2006,0,73.6,0.42,95.0,31.6,95.0,95.0,0.1,6222.982955,8.8,8.6,MYS,Asia,1,8.082500219,95.0
Malaysia,2007,0,73.7,0.43,96.0,32.5,97.0,97.0,0.1,7269.17114,8.7,8.5,MYS,Asia,1,8.575000286,95.0
Malaysia,2008,0,73.8,0.47,97.0,33.4,97.0,97.0,0.1,8513.629541,8.5,8.3,MYS,Asia,1,9.067500353,95.0
Malaysia,2009,0,74.0,0.47,96.0,34.4,97.0,97.0,0.1,7326.744435,8.3,8.2,MYS,Asia,1,9.56000042,95.0
Malaysia,2010,0,74.1,0.49,96.0,35.3,96.0,96.0,0.1,971.356987,8.2,8.0,MYS,Asia,1,9.699999809,95.0
Malaysia,2011,0,74.3,0.51,96.0,36.3,96.0,96.0,0.1,145.1262,8.0,7.8,MYS,Asia,1,9.811666489,95.0
Malaysia,2012,0,74.5,0.53,97.0,37.4,97.0,97.0,0.1,1779.49641,7.9,7.7,MYS,Asia,1,9.923333168,95.0
Malaysia,2013,0,74.6,0.53,96.0,38.5,97.0,97.0,0.1,1882.27842,7.8,7.6,MYS,Asia,1,10.03499985,95.0
Malaysia,2014,0,74.8,0.52,96.0,39.5,97.0,97.0,0.1,11183.96191,7.6,7.4,MYS,Asia,1,10.14666653,92.0
Malaysia,2015,0,75.0,0.61,99.0,4.6,99.0,99.0,0.1,9643.644683,7.5,7.3,MYS,Asia,1,10.25833321,93.0
Namibia,2000,0,57.4,5.73,87.0,24.5,82.0,79.0,22.8,257.99557,15.7,15.9,NAM,Africa,0,5.791000175,69.0
Namibia,2001,0,56.5,5.09,87.0,25.1,79.0,78.0,23.9,1834.29486,15.2,15.4,NAM,Africa,0,5.800000191,58.0
Namibia,2002,0,55.7,5.09,87.0,25.8,78.0,77.0,24.6,1713.47594,14.7,14.8,NAM,Africa,0,5.880241414,68.0
Namibia,2003,0,55.0,5.28,87.0,26.5,82.0,79.0,24.7,2482.36862,14.2,14.3,NAM,Africa,0,5.960482637,70.0
Namibia,2004,0,54.7,4.8,87.0,27.2,81.0,81.0,24.0,3288.257373,13.7,13.7,NAM,Africa,0,6.04072386,70.0
Namibia,2005,0,55.1,4.89,87.0,27.9,86.0,86.0,22.1,3573.146387,13.1,13.1,NAM,Africa,0,6.120965082,73.0
Namibia,2006,0,57.0,4.94,87.0,28.7,74.0,86.0,19.2,3881.29535,12.6,12.6,NAM,Africa,0,6.176516698,63.0
Namibia,2007,0,60.0,5.12,87.0,29.4,81.0,86.0,15.2,422.51968,12.0,12.0,NAM,Africa,0,6.232068314,69.0
Namibia,2008,0,61.7,6.28,87.0,3.2,83.0,83.0,11.7,429.6561,11.5,11.4,NAM,Africa,0,6.28761993,73.0
Namibia,2009,0,62.4,7.99,87.0,31.0,83.0,83.0,8.7,4153.497885,1.9,1.9,NAM,Africa,0,6.343171546,76.0
Namibia,2010,0,63.0,7.58,83.0,31.8,83.0,83.0,6.2,5191.58381,1.4,1.4,NAM,Africa,0,6.398723162,75.0
Namibia,2011,0,64.3,7.84,82.0,32.5,85.0,82.0,4.7,56.971392,9.9,9.9,NAM,Africa,0,6.515998795,74.0
Namibia,2012,0,65.8,0.01,84.0,33.3,84.0,84.0,3.7,5749.44752,9.5,9.4,NAM,Africa,0,6.633274429,76.0
Namibia,2013,0,66.1,0.01,89.0,34.1,89.0,89.0,2.5,5488.131712,9.0,8.9,NAM,Africa,0,6.750550062,82.0
Namibia,2014,0,65.9,0.01,88.0,34.9,88.0,88.0,2.2,5421.343953,8.6,8.5,NAM,Africa,0,6.867825696,83.0
Namibia,2015,0,65.8,11.95,92.0,35.7,92.0,92.0,2.1,4737.66996,8.2,8.1,NAM,Africa,0,6.985101329,85.0
Niger,2000,0,50.0,0.1,87.0,13.6,41.0,34.0,1.5,158.455972,12.8,12.9,NER,Africa,0,1.160875151,37.0
Niger,2001,0,56.0,0.11,87.0,13.9,42.0,36.0,1.6,165.257247,12.7,12.7,NER,Africa,0,1.203088793,39.0
Niger,2002,0,51.4,0.1,87.0,14.3,43.0,39.0,1.6,177.828384,12.5,12.5,NER,Africa,0,1.245302434,41.0
Niger,2003,0,52.1,0.1,87.0,14.6,44.0,41.0,1.6,215.8548,12.3,12.2,NER,Africa,0,1.287516076,43.0
Niger,2004,0,52.9,0.11,87.0,15.0,45.0,43.0,1.6,232.5661574,12.1,12.0,NER,Africa,0,1.329729718,45.0
Niger,2005,0,53.7,0.11,87.0,15.4,46.0,45.0,1.6,25.383731,11.9,11.8,NER,Africa,0,1.37194336,47.0
Niger,2006,0,54.5,0.11,87.0,15.7,52.0,51.0,1.5,258.463873,11.6,11.5,NER,Africa,0,1.403603591,53.0
Niger,2007,0,55.2,0.1,87.0,16.1,57.0,57.0,1.4,292.55962,11.4,11.3,NER,Africa,0,1.435263823,60.0
Niger,2008,0,56.0,0.12,87.0,16.5,68.0,67.0,1.3,354.8185998,11.2,11.0,NER,Africa,0,1.466924054,66.0
Niger,2009,0,57.1,0.11,71.0,16.9,71.0,71.0,1.1,341.2894618,11.0,1.8,NER,Africa,0,1.498584286,69.0
Niger,2010,0,58.2,0.12,87.0,17.3,75.0,83.0,0.9,348.151511,1.7,1.6,NER,Africa,0,1.530244517,67.0
Niger,2011,0,59.4,0.15,87.0,17.7,82.0,75.0,0.7,375.5819866,1.5,1.3,NER,Africa,0,1.585122251,69.0
Niger,2012,0,63.0,0.01,71.0,18.1,71.0,71.0,0.7,391.515524,1.3,1.1,NER,Africa,0,1.639999986,75.0
Niger,2013,0,69.0,0.01,67.0,18.5,56.0,67.0,0.6,416.14838,1.0,9.9,NER,Africa,0,1.574318329,80.0
Niger,2014,0,61.4,0.01,68.0,18.9,67.0,68.0,0.5,43.646498,9.8,9.6,NER,Africa,0,1.508636673,80.0
Niger,2015,0,61.8,0.12,65.0,19.3,65.0,65.0,0.4,358.99731,9.6,9.4,NER,Africa,0,1.442955017,85.0
Nigeria,2000,0,47.1,9.23,87.0,16.9,31.0,29.0,4.9,379.1193264,14.3,14.4,NGA,Africa,0,4.514021747,33.0
Nigeria,2001,0,47.4,9.58,87.0,17.3,36.0,27.0,5.1,351.7996666,14.1,14.1,NGA,Africa,0,4.690230383,32.0
Nigeria,2002,0,47.7,9.61,87.0,17.8,82.0,25.0,5.3,459.4572117,13.8,13.8,NGA,Africa,0,4.866439019,30.0
Nigeria,2003,0,48.1,9.75,87.0,18.3,42.0,29.0,5.4,512.65719,13.5,13.6,NGA,Africa,0,5.042647656,34.0
Nigeria,2004,0,48.5,9.76,87.0,18.8,43.0,33.0,5.4,648.815852,13.2,13.2,NGA,Africa,0,5.265448095,37.0
Nigeria,2005,0,49.2,9.71,18.0,19.3,45.0,36.0,5.4,87.8938738,12.9,12.9,NGA,Africa,0,5.488248534,41.0
Nigeria,2006,0,49.8,9.66,27.0,19.9,46.0,83.0,5.3,119.743286,12.6,12.6,NGA,Africa,0,5.711048974,44.0
Nigeria,2007,0,55.0,9.55,42.0,2.4,54.0,42.0,5.2,1136.829645,12.3,12.3,NGA,Africa,0,5.933849413,41.0
Nigeria,2008,0,59.0,9.3,41.0,21.0,82.0,53.0,5.0,1383.893354,12.0,11.9,NGA,Africa,0,6.156649852,53.0
Nigeria,2009,0,51.6,9.05,63.0,21.6,66.0,63.0,4.9,197.661422,11.7,11.6,NGA,Africa,0,6.194740673,64.0
Nigeria,2010,0,52.0,8.9,49.0,22.2,54.0,54.0,4.8,2327.3267,11.3,11.2,NGA,Africa,0,6.232831494,56.0
Nigeria,2011,0,52.3,8.75,46.0,22.8,48.0,48.0,4.7,2527.9423,11.0,1.9,NGA,Africa,0,6.270922315,53.0
Nigeria,2012,0,52.7,8.54,42.0,23.5,42.0,42.0,4.4,2755.297787,1.7,1.6,NGA,Africa,0,6.309013136,41.0
Nigeria,2013,0,53.2,8.3,46.0,24.1,46.0,46.0,3.9,2996.96432,1.4,1.2,NGA,Africa,0,6.347103957,42.0
Nigeria,2014,0,53.6,0.01,49.0,24.7,49.0,49.0,3.9,3221.678128,1.1,9.9,NGA,Africa,0,6.563105983,42.0
Nigeria,2015,0,54.5,1.47,49.0,25.4,49.0,49.0,3.7,2655.157977,9.8,9.7,NGA,Africa,0,6.779108009,42.0
Nicaragua,2000,0,73.0,3.61,83.0,42.8,85.0,83.0,0.4,116.2743,2.2,2.1,NIC,North America,3,6.850358371,94.0
Nicaragua,2001,0,73.0,3.51,87.0,43.5,89.0,87.0,0.4,143.6758,2.2,2.1,NIC,North America,3,6.952844047,94.0
Nicaragua,2002,0,75.0,3.5,85.0,44.2,85.0,85.0,0.4,11.147277,2.2,2.1,NIC,North America,3,7.055329724,94.0
Nicaragua,2003,0,76.0,3.77,86.0,44.9,86.0,86.0,0.3,115.565314,2.1,2.0,NIC,North America,3,7.1578154,94.0
Nicaragua,2004,0,71.0,3.81,95.0,45.7,94.0,79.0,0.3,191.55157,2.1,2.0,NIC,North America,3,7.260301077,94.0
Nicaragua,2005,0,71.2,3.7,86.0,46.4,87.0,86.0,0.3,1175.116225,2.0,1.9,NIC,North America,3,7.362786753,94.0
Nicaragua,2006,0,73.0,3.69,88.0,47.1,88.0,88.0,0.3,124.992617,2.0,1.9,NIC,North America,3,7.508424293,94.0
Nicaragua,2007,0,72.5,3.83,93.0,47.9,93.0,93.0,0.2,1344.31871,2.0,1.9,NIC,North America,3,7.654061834,94.0
Nicaragua,2008,0,72.5,3.64,97.0,48.6,97.0,97.0,0.2,1518.85386,1.9,1.8,NIC,North America,3,7.799699374,94.0
Nicaragua,2009,0,73.2,3.36,98.0,49.4,99.0,98.0,0.2,1464.497754,1.9,1.8,NIC,North America,3,7.945336914,94.0
Nicaragua,2010,0,73.2,3.38,98.0,5.2,99.0,98.0,0.1,1526.497938,1.9,1.8,NIC,North America,3,8.090974454,94.0
Nicaragua,2011,0,74.5,3.39,98.0,5.9,99.0,98.0,0.1,1682.957924,1.8,1.8,NIC,North America,3,8.274369875,94.0
Nicaragua,2012,0,73.9,3.63,98.0,51.7,99.0,98.0,0.1,1792.3845,1.8,1.7,NIC,North America,3,8.457765296,94.0
Nicaragua,2013,0,73.9,3.58,98.0,52.4,99.0,98.0,0.1,1847.19849,1.8,1.7,NIC,North America,3,8.641160717,94.0
Nicaragua,2014,0,74.5,3.55,98.0,53.2,99.0,98.0,0.1,1975.46477,1.8,1.7,NIC,North America,3,8.824556138,94.0
Nicaragua,2015,0,74.8,3.7,98.0,54.0,99.0,98.0,0.1,295.966488,1.8,1.7,NIC,North America,3,9.007951559,94.0
Netherlands,2000,1,78.1,10.06,61.72695652173913,51.8,97.0,97.0,0.1,25921.12794,1.1,1.1,NLD,Europe,2,11.78999996,96.0
Netherlands,2001,1,78.3,9.95,61.72695652173913,52.6,97.0,97.0,0.1,26584.12169,1.1,1.1,NLD,Europe,2,11.78999996,95.0
Netherlands,2002,1,78.4,9.68,61.72695652173913,53.4,97.0,97.0,0.1,28817.32321,1.1,1.0,NLD,Europe,2,11.78999996,95.0
Netherlands,2003,1,78.7,9.56,61.72695652173913,54.2,98.0,98.0,0.1,35245.1647,1.1,1.0,NLD,Europe,2,11.78999996,96.0
Netherlands,2004,1,79.2,9.56,61.72695652173913,55.0,98.0,98.0,0.1,39954.64222,1.0,1.0,NLD,Europe,2,11.78999996,96.0
Netherlands,2005,1,79.4,9.69,61.72695652173913,55.8,96.0,96.0,0.1,41577.169,1.0,1.0,NLD,Europe,2,11.78999996,95.0
Netherlands,2006,1,79.8,9.79,61.72695652173913,56.5,96.0,96.0,0.1,44453.97119,1.0,1.0,NLD,Europe,2,11.88999987,96.0
Netherlands,2007,1,82.0,9.53,61.72695652173913,57.3,97.0,97.0,0.1,51241.31562,1.0,1.0,NLD,Europe,2,11.98999977,96.0
Netherlands,2008,1,83.0,9.62,61.72695652173913,57.9,97.0,97.0,0.1,56928.8248,1.0,0.9,NLD,Europe,2,11.90999985,96.0
Netherlands,2009,1,86.0,9.23,61.72695652173913,58.6,97.0,97.0,0.1,519.349,1.0,0.9,NLD,Europe,2,11.93999958,96.0
Netherlands,2010,1,88.0,9.33,61.72695652173913,59.3,97.0,97.0,0.1,5338.25483,1.0,0.9,NLD,Europe,2,11.97999954,96.0
Netherlands,2011,1,81.1,8.96,95.0,59.9,97.0,97.0,0.1,5354.6536,1.0,0.9,NLD,Europe,2,11.96000004,96.0
Netherlands,2012,1,81.1,9.05,95.0,6.5,97.0,97.0,0.1,49474.7561,1.0,0.9,NLD,Europe,2,12.02000046,96.0
Netherlands,2013,1,81.4,8.68,95.0,61.0,97.0,97.0,0.1,51574.48942,1.0,0.9,NLD,Europe,2,12.06999969,96.0
Netherlands,2014,1,81.7,0.01,92.0,61.6,96.0,96.0,0.1,52157.4687,1.0,0.9,NLD,Europe,2,12.09000015,96.0
Netherlands,2015,1,81.9,0.01,94.0,62.1,95.0,95.0,0.1,44292.88473,1.0,0.9,NLD,Europe,2,12.14000034,95.0
Norway,2000,1,78.5,5.67,95.0,53.3,91.0,96.0,0.1,38146.71539,0.8,0.7,NOR,Europe,2,12.08142826,88.0
Norway,2001,1,78.8,5.49,95.0,54.0,91.0,91.0,0.1,38549.58934,0.8,0.7,NOR,Europe,2,12.11857108,90.0
Norway,2002,1,78.9,5.89,95.0,54.6,93.0,93.0,0.1,4361.1538,0.8,0.7,NOR,Europe,2,12.1557139,87.0
Norway,2003,1,79.4,6.04,95.0,55.3,92.0,92.0,0.1,5111.65445,0.8,0.7,NOR,Europe,2,12.19285672,86.0
Norway,2004,1,79.8,6.22,95.0,55.9,92.0,92.0,0.1,5757.26916,0.8,0.7,NOR,Europe,2,12.22999954,89.0
Norway,2005,1,81.0,6.37,95.0,56.5,91.0,91.0,0.1,66775.3944,0.8,0.7,NOR,Europe,2,12.27999973,90.0
Norway,2006,1,84.0,6.47,95.0,57.0,94.0,94.0,0.1,74114.69715,0.8,0.7,NOR,Europe,2,12.36999989,92.0
Norway,2007,1,85.0,6.6,95.0,57.5,93.0,93.0,0.1,85128.65759,0.7,0.7,NOR,Europe,2,12.40999985,92.0
Norway,2008,1,86.0,6.75,95.0,58.0,94.0,94.0,0.1,9688.5961,0.7,0.7,NOR,Europe,2,12.47999954,93.0
Norway,2009,1,89.0,6.68,95.0,58.5,94.0,94.0,0.1,817.77681,0.7,0.7,NOR,Europe,2,12.5,93.0
Norway,2010,1,81.0,6.59,95.0,58.9,93.0,93.0,0.1,87646.75346,0.7,0.7,NOR,Europe,2,12.55000019,93.0
Norway,2011,1,81.1,6.53,95.0,59.4,94.0,94.0,0.1,1574.9861,0.7,0.7,NOR,Europe,2,12.60999966,93.0
Norway,2012,1,81.3,6.21,95.0,59.8,95.0,95.0,0.1,11563.727,0.7,0.7,NOR,Europe,2,12.64333312,94.0
Norway,2013,1,81.5,6.21,95.0,6.3,94.0,94.0,0.1,1291.435,0.8,0.7,NOR,Europe,2,12.67666658,93.0
Norway,2014,1,81.6,6.06,95.0,6.8,93.0,93.0,0.1,975.49856,0.8,0.7,NOR,Europe,2,12.71000004,94.0
Norway,2015,1,81.8,5.97,95.0,61.2,95.0,95.0,0.1,7455.24654,0.8,0.7,NOR,Europe,2,12.77000046,95.0
Nepal,2000,0,62.5,0.08,95.0,11.4,74.0,74.0,0.1,231.42554,18.5,19.2,NPL,Asia,1,2.89495114,71.0
Nepal,2001,0,63.2,0.09,95.0,11.9,73.0,72.0,0.1,248.6183539,18.3,19.0,NPL,Asia,1,3.0,71.0
Nepal,2002,0,63.1,0.19,95.0,12.4,72.0,72.0,0.1,246.375621,18.2,18.8,NPL,Asia,1,3.051999998,71.0
Nepal,2003,0,64.3,0.2,95.0,12.9,76.0,78.0,0.1,253.72412,18.0,18.6,NPL,Asia,1,3.103999996,75.0
Nepal,2004,0,64.7,0.21,27.0,13.4,95.0,95.0,0.2,287.4156,17.8,18.4,NPL,Asia,1,3.155999994,73.0
Nepal,2005,0,65.4,0.2,41.0,13.9,78.0,75.0,0.2,317.89198,17.6,18.2,NPL,Asia,1,3.207999992,74.0
Nepal,2006,0,66.0,0.2,69.0,14.4,91.0,89.0,0.2,348.6314534,17.4,18.0,NPL,Asia,1,3.25999999,85.0
Nepal,2007,0,66.6,0.2,82.0,14.9,82.0,82.0,0.2,393.8843518,17.2,17.8,NPL,Asia,1,3.311999989,81.0
Nepal,2008,0,67.0,0.21,82.0,15.4,82.0,82.0,0.2,473.844449,17.0,17.6,NPL,Asia,1,3.363999987,79.0
Nepal,2009,0,67.5,0.22,89.0,15.9,93.0,89.0,0.2,48.7299,16.9,17.4,NPL,Asia,1,3.415999985,90.0
Nepal,2010,0,68.0,0.24,82.0,16.4,83.0,82.0,0.2,592.1835216,16.7,17.2,NPL,Asia,1,3.467999983,86.0
Nepal,2011,0,68.4,0.27,92.0,16.9,92.0,92.0,0.2,692.1166842,16.5,16.9,NPL,Asia,1,3.519999981,88.0
Nepal,2012,0,68.9,0.26,95.0,17.4,95.0,95.0,0.2,681.7925868,16.3,16.7,NPL,Asia,1,3.56276598,86.0
Nepal,2013,0,69.3,0.27,92.0,18.0,92.0,92.0,0.1,688.6172788,16.1,16.5,NPL,Asia,1,3.605531979,88.0
Nepal,2014,0,69.6,0.01,92.0,18.5,92.0,92.0,0.1,76.2386977,15.9,16.3,NPL,Asia,1,3.648297977,88.0
Nepal,2015,0,69.2,0.97,95.0,19.1,95.0,91.0,0.1,743.7653489,15.7,16.1,NPL,Asia,1,3.691063976,85.0
Nauru,2013,0,71.63093525179856,0.01,87.0,87.3,87.0,87.0,0.1,136.18321,0.1,0.1,NRU,Oceania,4,8.333044529,97.0
New Zealand,2000,1,78.6,8.91,88.0,58.9,82.0,86.0,0.1,13641.1272,0.3,0.3,NZL,Oceania,4,12.80299969,85.0
New Zealand,2001,1,78.5,8.75,88.0,59.6,82.0,86.0,0.1,13882.85683,0.3,0.3,NZL,Oceania,4,13.06999969,85.0
New Zealand,2002,1,78.7,9.13,89.0,6.3,84.0,86.0,0.1,16874.31232,0.3,0.3,NZL,Oceania,4,13.11999969,84.0
New Zealand,2003,1,79.1,8.91,89.0,6.9,86.0,86.0,0.1,21913.7817,0.3,0.3,NZL,Oceania,4,13.16999969,84.0
New Zealand,2004,1,79.2,9.15,88.0,61.5,87.0,89.0,0.1,2542.39935,0.3,0.3,NZL,Oceania,4,13.21999969,83.0
New Zealand,2005,1,79.9,9.31,87.0,62.1,89.0,89.0,0.1,2775.89515,0.3,0.3,NZL,Oceania,4,13.26999969,82.0
New Zealand,2006,1,79.9,9.34,87.0,62.6,89.0,89.0,0.1,2667.86452,0.3,0.3,NZL,Oceania,4,13.31999969,82.0
New Zealand,2007,1,81.0,9.19,88.0,63.2,88.0,88.0,0.1,3259.73471,0.3,0.3,NZL,Oceania,4,13.33399982,79.0
New Zealand,2008,1,81.0,9.49,88.0,63.8,89.0,89.0,0.1,31287.77865,0.3,0.3,NZL,Oceania,4,13.34799995,86.0
New Zealand,2009,1,85.0,9.24,93.0,64.3,92.0,92.0,0.1,282.94193,0.3,0.3,NZL,Oceania,4,13.36200008,89.0
New Zealand,2010,1,89.0,9.62,88.0,64.8,93.0,93.0,0.1,33691.34837,0.3,0.3,NZL,Oceania,4,13.37600021,91.0
New Zealand,2011,1,86.0,9.47,95.0,65.3,95.0,95.0,0.1,38426.5581,0.3,0.3,NZL,Oceania,4,13.39000034,93.0
New Zealand,2012,1,81.1,9.2,93.0,65.9,93.0,93.0,0.1,3997.25624,0.3,0.3,NZL,Oceania,4,13.38000011,92.0
New Zealand,2013,1,81.3,9.18,93.0,66.4,92.0,92.0,0.1,42889.88141,0.3,0.3,NZL,Oceania,4,13.32999992,92.0
New Zealand,2014,1,81.5,9.07,93.0,66.9,93.0,93.0,0.1,4453.24673,0.4,0.3,NZL,Oceania,4,13.27999973,93.0
New Zealand,2015,1,81.6,8.7,92.0,67.5,92.0,92.0,0.1,3821.8937,0.4,0.3,NZL,Oceania,4,13.22999954,93.0
Oman,2000,0,72.6,0.38,99.0,45.9,99.0,99.0,0.1,861.18596,7.2,6.9,OMN,Asia,1,5.421167138,99.0
Oman,2001,0,72.9,0.55,99.0,46.5,99.0,99.0,0.1,8476.61511,7.1,6.9,OMN,Asia,1,5.690508082,99.0
Oman,2002,0,73.3,0.54,99.0,47.3,99.0,99.0,0.1,8629.11774,7.1,6.8,OMN,Asia,1,5.973230748,99.0
Oman,2003,0,73.6,0.56,99.0,48.1,99.0,99.0,0.1,969.8126,7.1,6.8,OMN,Asia,1,6.269999981,98.0
Oman,2004,0,74.0,0.61,99.0,48.9,99.0,99.0,0.1,1129.28886,7.1,6.8,OMN,Asia,1,6.613999939,98.0
Oman,2005,0,74.3,0.63,99.0,49.5,99.0,99.0,0.1,12376.97936,7.0,6.8,OMN,Asia,1,6.957999897,98.0
Oman,2006,0,74.7,0.58,99.0,5.1,98.0,98.0,0.1,1448.55,7.0,6.8,OMN,Asia,1,7.301999855,96.0
Oman,2007,0,74.9,0.57,99.0,5.6,97.0,99.0,0.1,1585.13226,7.0,6.8,OMN,Asia,1,7.645999813,97.0
Oman,2008,0,75.2,0.57,99.0,51.1,97.0,99.0,0.1,2275.3536,6.9,6.8,OMN,Asia,1,7.989999771,98.0
Oman,2009,0,75.4,0.56,98.0,51.5,96.0,98.0,0.1,16784.34616,6.9,6.8,OMN,Asia,1,7.954999924,99.0
Oman,2010,0,75.6,0.56,99.0,51.8,99.0,99.0,0.1,1928.74739,6.9,6.8,OMN,Asia,1,7.920000076,99.0
Oman,2011,0,75.8,0.54,99.0,52.0,99.0,99.0,0.1,2986.36,6.9,6.8,OMN,Asia,1,8.276000023,99.0
Oman,2012,0,76.0,0.51,98.0,52.3,99.0,98.0,0.1,22134.916,7.0,6.8,OMN,Asia,1,8.631999969,99.0
Oman,2013,0,76.2,0.46,98.0,52.8,99.0,98.0,0.1,21268.7564,7.0,6.8,OMN,Asia,1,8.987999916,99.0
Oman,2014,0,76.4,0.4,99.0,53.5,99.0,99.0,0.1,2458.45226,7.1,6.9,OMN,Asia,1,9.343999863,99.0
Oman,2015,0,76.6,0.47,99.0,54.6,99.0,99.0,0.1,16627.36433,7.1,6.9,OMN,Asia,1,9.699999809,99.0
Pakistan,2000,0,62.8,0.02,95.0,16.4,65.0,62.0,0.1,533.8624114,22.2,22.6,PAK,Asia,1,3.322343388,57.0
Pakistan,2001,0,63.0,0.01,95.0,16.9,68.0,65.0,0.1,51.6568157,22.0,22.4,PAK,Asia,1,3.574313162,59.0
Pakistan,2002,0,63.2,0.01,95.0,17.4,71.0,68.0,0.1,499.8633,21.8,22.2,PAK,Asia,1,3.826282936,60.0
Pakistan,2003,0,63.5,0.01,63.0,17.9,69.0,67.0,0.1,563.594342,21.6,22.0,PAK,Asia,1,4.07825271,62.0
Pakistan,2004,0,63.7,0.01,65.0,18.4,65.0,65.0,0.1,649.848233,21.4,21.8,PAK,Asia,1,4.330222484,63.0
Pakistan,2005,0,62.9,0.04,95.0,18.9,78.0,77.0,0.1,711.4699463,21.2,21.7,PAK,Asia,1,4.582192257,61.0
Pakistan,2006,0,64.2,0.03,78.0,19.5,77.0,78.0,0.1,873.772727,21.0,21.5,PAK,Asia,1,4.570000172,59.0
Pakistan,2007,0,64.4,0.03,75.0,2.1,75.0,75.0,0.1,95.4327931,2.8,21.3,PAK,Asia,1,4.550000191,57.0
Pakistan,2008,0,64.6,0.03,95.0,2.6,95.0,62.0,0.1,139.31288,2.7,21.1,PAK,Asia,1,4.53000021,56.0
Pakistan,2009,0,64.8,0.03,95.0,21.3,95.0,71.0,0.1,16.63999,2.5,2.9,PAK,Asia,1,4.519999981,56.0
Pakistan,2010,0,65.1,0.04,82.0,21.9,82.0,82.0,0.1,14.142268,2.2,2.7,PAK,Asia,1,4.650000095,57.0
Pakistan,2011,0,65.5,0.04,74.0,22.5,75.0,74.0,0.1,1226.215314,2.0,2.4,PAK,Asia,1,4.789999962,59.0
Pakistan,2012,0,65.7,0.04,72.0,23.2,72.0,72.0,0.1,1261.28967,19.8,2.2,PAK,Asia,1,4.880000114,63.0
Pakistan,2013,0,66.0,0.04,72.0,23.9,72.0,72.0,0.1,1272.44161,19.6,2.0,PAK,Asia,1,4.960000038,68.0
Pakistan,2014,0,66.2,0.01,72.0,24.7,72.0,72.0,0.1,1316.98966,19.4,19.8,PAK,Asia,1,5.159999847,71.0
Pakistan,2015,0,66.4,0.051,72.0,25.4,72.0,72.0,0.1,1431.244865,19.2,19.6,PAK,Asia,1,5.146666527,75.0
Panama,2000,0,75.7,5.58,95.0,45.9,99.0,98.0,0.2,46.29935,2.4,2.3,PAN,North America,3,7.880000114,97.0
Panama,2001,0,75.5,5.43,98.0,46.9,95.0,99.0,0.1,446.372833,2.3,2.3,PAN,North America,3,8.020000076,95.0
Panama,2002,0,75.7,5.52,98.0,47.8,99.0,99.0,0.2,4126.14671,2.3,2.2,PAN,North America,3,8.160000038,95.0
Panama,2003,0,75.5,5.52,98.0,48.6,95.0,98.0,0.1,4267.13578,2.2,2.2,PAN,North America,3,8.3,95.0
Panama,2004,0,75.8,5.69,95.0,49.5,92.0,95.0,0.2,4591.892776,2.2,2.1,PAN,North America,3,8.439999962,97.0
Panama,2005,0,75.8,5.53,92.0,5.3,88.0,92.0,0.1,4916.54886,2.1,2.1,PAN,North America,3,8.579999924,99.0
Panama,2006,0,76.2,5.72,88.0,51.1,98.0,88.0,0.1,5348.518399,2.1,2.0,PAN,North America,3,8.719999886,95.0
Panama,2007,0,76.4,6.16,85.0,51.9,84.0,85.0,0.2,668.8667,2.1,2.0,PAN,North America,3,8.859999847,95.0
Panama,2008,0,76.5,6.74,86.0,52.7,86.0,86.0,0.1,6973.9284,2.0,2.0,PAN,North America,3,8.999999809,96.0
Panama,2009,0,76.8,6.87,85.0,53.4,85.0,85.0,0.1,7429.628274,2.0,1.9,PAN,North America,3,9.139999771,96.0
Panama,2010,0,76.5,6.94,94.0,54.2,95.0,94.0,0.1,7937.259931,2.0,1.9,PAN,North America,3,9.279999733,97.0
Panama,2011,0,77.3,6.9,87.0,54.9,91.0,87.0,0.1,927.723171,2.0,1.9,PAN,North America,3,9.419999758,97.0
Panama,2012,0,77.2,6.95,85.0,55.6,87.0,85.0,0.1,1589.82713,1.9,1.9,PAN,North America,3,9.559999784,98.0
Panama,2013,0,77.5,6.89,95.0,56.3,81.0,94.0,0.1,11685.97983,1.9,1.9,PAN,North America,3,9.699999809,92.0
Panama,2014,0,77.6,6.74,95.0,57.1,94.0,94.0,0.1,12593.7374,1.9,1.8,PAN,North America,3,9.839999835,90.0
Panama,2015,0,77.8,6.55,73.0,57.8,72.0,73.0,0.1,13134.4367,1.9,1.8,PAN,North America,3,9.97999986,93.0
Peru,2000,0,71.4,4.59,93.0,45.4,93.0,98.0,0.5,1996.719689,1.4,1.4,PER,South America,6,8.363636537,97.0
Peru,2001,0,72.4,4.22,93.0,46.1,93.0,93.0,0.5,1981.243653,1.4,1.4,PER,South America,6,8.422727498,97.0
Peru,2002,0,72.6,4.03,93.0,46.7,95.0,95.0,0.4,259.192958,1.4,1.4,PER,South America,6,8.481818459,95.0
Peru,2003,0,72.1,4.5,65.0,47.4,95.0,94.0,0.4,218.25997,1.3,1.3,PER,South America,6,8.54090942,95.0
Peru,2004,0,72.2,4.27,92.0,48.1,81.0,86.0,0.4,2448.143899,1.3,1.3,PER,South America,6,8.600000381,85.0
Peru,2005,0,72.8,4.44,94.0,48.8,66.0,77.0,0.4,2754.7829,1.3,1.3,PER,South America,6,7.920000076,77.0
Peru,2006,0,74.2,4.22,94.0,49.5,94.0,94.0,0.4,3171.49856,1.2,1.2,PER,South America,6,7.929999828,93.0
Peru,2007,0,74.0,4.29,93.0,5.2,93.0,93.0,0.3,3611.2147,1.2,1.2,PER,South America,6,8.18999958,92.0
Peru,2008,0,73.9,4.85,93.0,5.8,93.0,93.0,0.3,428.87811,1.2,1.2,PER,South America,6,8.18999958,92.0
Peru,2009,0,73.8,4.69,93.0,51.5,92.0,93.0,0.3,4166.93387,1.2,1.2,PER,South America,6,8.220000267,91.0
Peru,2010,0,73.7,4.72,93.0,52.2,92.0,93.0,0.2,522.493191,1.1,1.1,PER,South America,6,8.869999886,94.0
Peru,2011,0,74.5,4.83,91.0,52.9,91.0,91.0,0.2,5771.565878,1.1,1.1,PER,South America,6,8.890000343,96.0
Peru,2012,0,74.9,5.14,95.0,53.6,94.0,95.0,0.1,6387.785281,1.1,1.1,PER,South America,6,9.079999924,94.0
Peru,2013,0,75.3,5.38,88.0,54.2,71.0,88.0,0.1,6583.116248,1.1,1.1,PER,South America,6,9.140000343,85.0
Peru,2014,0,75.3,0.01,88.0,54.9,78.0,88.0,0.1,6491.5245,1.1,1.1,PER,South America,6,9.149999619,89.0
Peru,2015,0,75.5,5.7,93.0,55.6,88.0,93.0,0.1,63.343259,1.1,1.1,PER,South America,6,9.090000153,92.0
Philippines,2000,0,66.8,4.73,95.0,17.8,74.0,78.0,0.1,138.91977,1.0,9.6,PHL,Asia,1,7.570000172,78.0
Philippines,2001,0,66.8,4.54,45.0,18.3,76.0,79.0,0.1,957.287441,1.0,9.7,PHL,Asia,1,7.837500215,81.0
Philippines,2002,0,66.8,4.42,42.0,18.7,77.0,79.0,0.1,1.68135,1.0,9.7,PHL,Asia,1,8.105000257,82.0
Philippines,2003,0,67.2,4.44,52.0,19.2,85.0,84.0,0.1,11.553196,1.0,9.7,PHL,Asia,1,8.3725003,87.0
Philippines,2004,0,67.3,4.45,48.0,19.6,85.0,88.0,0.1,179.3715,1.0,9.7,PHL,Asia,1,8.640000343,92.0
Philippines,2005,0,67.0,4.22,49.0,2.1,95.0,89.0,0.1,1194.697155,1.0,9.7,PHL,Asia,1,8.657500267,92.0
Philippines,2006,0,67.3,4.08,77.0,2.6,88.0,88.0,0.1,1391.772325,1.0,9.7,PHL,Asia,1,8.675000191,92.0
Philippines,2007,0,67.5,4.19,87.0,21.1,87.0,87.0,0.1,1672.685433,1.0,9.7,PHL,Asia,1,8.692500114,92.0
Philippines,2008,0,67.5,4.21,88.0,21.6,91.0,91.0,0.1,1919.466195,1.0,9.7,PHL,Asia,1,8.710000038,90.0
Philippines,2009,0,68.0,4.42,85.0,22.1,86.0,87.0,0.1,1825.341521,1.0,9.7,PHL,Asia,1,8.809999943,89.0
Philippines,2010,0,67.9,4.85,77.0,22.6,78.0,79.0,0.1,2129.499242,1.0,9.7,PHL,Asia,1,8.909999847,87.0
Philippines,2011,0,68.0,4.96,87.0,23.1,87.0,87.0,0.1,2352.518156,1.0,9.7,PHL,Asia,1,8.989999771,86.0
Philippines,2012,0,68.1,5.02,88.0,23.7,88.0,88.0,0.1,2581.818554,1.0,9.7,PHL,Asia,1,9.069999695,84.0
Philippines,2013,0,68.1,4.61,89.0,24.3,84.0,89.0,0.1,276.289146,1.0,9.7,PHL,Asia,1,9.149999619,83.0
Philippines,2014,0,68.4,4.52,67.0,24.8,77.0,67.0,0.1,2842.938353,1.0,9.7,PHL,Asia,1,8.90749979,81.0
Philippines,2015,0,68.5,4.57,95.0,25.4,79.0,95.0,0.1,2878.33837,1.0,9.7,PHL,Asia,1,8.664999962,80.0
Papua New Guinea,2000,0,58.9,0.73,57.0,37.5,51.0,59.0,1.1,631.9468526,1.6,1.5,PNG,Oceania,4,3.364777727,69.0
Papua New Guinea,2001,0,59.1,0.68,59.0,38.2,52.0,55.0,1.3,539.41528,1.5,1.5,PNG,Oceania,4,3.424641871,65.0
Papua New Guinea,2002,0,59.3,0.61,88.0,38.9,54.0,61.0,1.4,511.665773,1.5,1.5,PNG,Oceania,4,3.484506015,73.0
Papua New Guinea,2003,0,59.6,0.59,67.0,39.6,62.0,68.0,1.4,588.3582595,1.5,1.4,PNG,Oceania,4,3.544370158,77.0
Papua New Guinea,2004,0,59.9,0.58,88.0,4.4,59.0,62.0,1.5,637.3616215,1.5,1.4,PNG,Oceania,4,3.604234302,77.0
Papua New Guinea,2005,0,64.0,0.84,63.0,41.1,61.0,72.0,1.5,77.5773486,1.4,1.4,PNG,Oceania,4,3.664098445,82.0
Papua New Guinea,2006,0,68.0,0.64,71.0,41.9,67.0,72.0,1.5,854.346921,1.4,1.4,PNG,Oceania,4,3.746669678,82.0
Papua New Guinea,2007,0,61.1,0.71,61.0,42.7,72.0,71.0,1.4,956.668952,1.4,1.3,PNG,Oceania,4,3.829240911,72.0
Papua New Guinea,2008,0,61.4,0.81,59.0,43.4,76.0,63.0,1.3,1178.72469,1.4,1.3,PNG,Oceania,4,3.911812143,66.0
Papua New Guinea,2009,0,61.6,0.82,66.0,44.2,79.0,73.0,1.1,1166.66337,1.4,1.3,PNG,Oceania,4,3.994383376,65.0
Papua New Guinea,2010,0,61.8,0.79,56.0,44.9,72.0,67.0,1.1,1366.879112,1.4,1.3,PNG,Oceania,4,4.076954608,63.0
Papua New Guinea,2011,0,62.0,0.88,66.0,45.7,69.0,72.0,1.0,177.867119,1.3,1.3,PNG,Oceania,4,4.2070043,66.0
Papua New Guinea,2012,0,62.2,0.01,68.0,46.4,81.0,74.0,1.0,271.318741,1.3,1.3,PNG,Oceania,4,4.337053991,71.0
Papua New Guinea,2013,0,62.4,0.01,88.0,47.2,88.0,79.0,0.8,229.95364,1.3,1.3,PNG,Oceania,4,4.467103682,72.0
Papua New Guinea,2014,0,62.7,0.01,67.0,47.9,64.0,73.0,0.7,2182.716565,1.3,1.3,PNG,Oceania,4,4.597153373,65.0
Papua New Guinea,2015,0,62.9,1.1,67.0,48.6,74.0,73.0,0.6,2484.5963398603,1.3,1.3,PNG,Oceania,4,4.727203065,57.0
Poland,2000,1,73.7,8.4,99.0,53.1,98.0,98.0,0.1,4492.72764,2.5,2.8,POL,Europe,2,11.24283811,97.0
Poland,2001,1,74.2,7.74,95.0,53.6,98.0,98.0,0.1,4981.198619,2.5,2.7,POL,Europe,2,11.34641896,97.0
Poland,2002,1,74.5,8.02,98.0,54.0,98.0,99.0,0.1,5196.932921,2.5,2.6,POL,Europe,2,11.44999981,98.0
Poland,2003,1,74.7,9.06,97.0,54.5,98.0,99.0,0.1,5693.52416,2.4,2.6,POL,Europe,2,11.56999985,97.0
Poland,2004,1,74.9,9.19,98.0,55.0,99.0,99.0,0.1,6681.178818,2.4,2.5,POL,Europe,2,11.6899999,97.0
Poland,2005,1,75.0,9.5,98.0,55.5,99.0,99.0,0.1,821.251569,2.3,2.5,POL,Europe,2,11.80999994,98.0
Poland,2006,1,75.2,10.4,98.0,56.0,99.0,99.0,0.1,94.7726,2.3,2.4,POL,Europe,2,11.92999999,99.0
Poland,2007,1,75.3,10.9,98.0,56.6,99.0,99.0,0.1,1126.31852,2.2,2.4,POL,Europe,2,12.05000003,98.0
Poland,2008,1,75.5,11.4,98.0,57.2,96.0,99.0,0.1,141.44688,2.2,2.3,POL,Europe,2,12.17000008,98.0
Poland,2009,1,75.7,10.7,98.0,57.8,96.0,99.0,0.1,11527.59323,2.1,2.3,POL,Europe,2,12.34000015,98.0
Poland,2010,1,76.3,10.59,98.0,58.4,96.0,99.0,0.1,12599.52486,2.1,2.2,POL,Europe,2,12.31000042,98.0
Poland,2011,1,76.7,10.93,98.0,59.1,96.0,99.0,0.1,13893.18768,2.0,2.2,POL,Europe,2,12.55000019,98.0
Poland,2012,1,76.8,10.81,97.0,59.7,95.0,99.0,0.1,13145.1484,2.0,2.1,POL,Europe,2,12.77999973,98.0
Poland,2013,1,77.1,11.63,96.0,6.4,95.0,99.0,0.1,1378.54911,2.0,2.1,POL,Europe,2,12.77999973,98.0
Poland,2014,1,77.3,10.71,96.0,61.1,94.0,98.0,0.1,14341.675,1.9,2.1,POL,Europe,2,12.84000015,97.0
Poland,2015,1,77.5,10.48,96.0,61.7,92.0,98.0,0.1,12565.9876,1.9,2.0,POL,Europe,2,12.92000008,96.0
Portugal,2000,1,76.6,11.89,58.0,5.1,96.0,96.0,0.1,1152.39681,0.8,0.6,PRT,Europe,2,6.789999962,87.0
Portugal,2001,1,76.9,12.22,95.0,5.9,96.0,97.0,0.1,11729.14616,0.8,0.6,PRT,Europe,2,6.880000114,90.0
Portugal,2002,1,77.2,12.0,82.0,51.7,96.0,98.0,0.1,12882.28897,0.8,0.6,PRT,Europe,2,6.960000038,93.0
Portugal,2003,1,77.3,14.21,94.0,52.5,96.0,99.0,0.1,15772.7334,0.7,0.6,PRT,Europe,2,7.150000095,96.0
Portugal,2004,1,78.0,13.45,94.0,53.3,95.0,95.0,0.1,1845.5881,0.7,0.6,PRT,Europe,2,7.389999866,95.0
Portugal,2005,1,77.7,13.33,94.0,54.1,93.0,93.0,0.1,18784.9485,0.7,0.6,PRT,Europe,2,7.489999771,93.0
Portugal,2006,1,78.5,13.11,97.0,54.9,97.0,97.0,0.1,19821.44463,0.7,0.5,PRT,Europe,2,7.619999886,97.0
Portugal,2007,1,78.7,12.57,97.0,55.7,96.0,97.0,0.1,2278.5845,0.7,0.5,PRT,Europe,2,7.670000076,95.0
Portugal,2008,1,79.0,12.35,97.0,56.5,97.0,97.0,0.1,24815.6884,0.7,0.5,PRT,Europe,2,7.78000021,97.0
Portugal,2009,1,79.3,12.03,96.0,57.3,96.0,96.0,0.1,2363.97161,0.7,0.5,PRT,Europe,2,7.929999828,95.0
Portugal,2010,1,79.6,12.25,97.0,58.1,97.0,98.0,0.1,22538.6548,0.7,0.5,PRT,Europe,2,8.06000042,96.0
Portugal,2011,1,82.0,11.92,97.0,58.8,97.0,97.0,0.1,23196.18375,0.7,0.5,PRT,Europe,2,8.279999733,97.0
Portugal,2012,1,83.0,11.96,98.0,59.5,98.0,98.0,0.1,2577.4264,0.7,0.5,PRT,Europe,2,8.5,97.0
Portugal,2013,1,86.0,10.0,98.0,6.2,98.0,98.0,0.1,21618.73534,0.7,0.5,PRT,Europe,2,8.659999847,98.0
Portugal,2014,1,89.0,9.88,98.0,6.9,98.0,98.0,0.1,2277.53613,0.7,0.5,PRT,Europe,2,8.869999886,98.0
Portugal,2015,1,81.1,10.33,98.0,61.6,98.0,98.0,0.1,1922.681,0.7,0.5,PRT,Europe,2,8.989999771,98.0
Paraguay,2000,0,79.0,6.78,93.0,39.1,86.0,86.0,0.1,1545.626423,2.5,2.4,PRY,South America,6,6.793636409,92.0
Paraguay,2001,0,71.2,6.66,93.0,39.8,93.0,89.0,0.1,1417.26582,2.5,2.4,PRY,South America,6,6.899090984,90.0
Paraguay,2002,0,71.5,5.66,93.0,4.6,87.0,87.0,0.1,1148.229882,2.4,2.3,PRY,South America,6,7.004545559,86.0
Paraguay,2003,0,71.7,6.64,86.0,41.3,86.0,86.0,0.1,1174.779347,2.4,2.3,PRY,South America,6,7.110000134,91.0
Paraguay,2004,0,71.9,6.2,93.0,42.0,92.0,92.0,0.2,148.527976,2.3,2.2,PRY,South America,6,7.230000019,91.0
Paraguay,2005,0,72.1,6.38,92.0,42.8,96.0,96.0,0.2,157.145691,2.3,2.2,PRY,South America,6,7.349999905,91.0
Paraguay,2006,0,72.3,5.61,92.0,43.5,98.0,98.0,0.2,189.71539,2.2,2.2,PRY,South America,6,7.070000172,91.0
Paraguay,2007,0,72.5,5.61,86.0,44.2,95.0,95.0,0.1,2312.192926,2.2,2.1,PRY,South America,6,7.150000095,91.0
Paraguay,2008,0,72.7,6.14,87.0,44.9,85.0,89.0,0.1,359.992184,2.1,2.1,PRY,South America,6,7.389999866,91.0
Paraguay,2009,0,73.0,5.39,85.0,45.6,81.0,85.0,0.1,2599.596259,2.1,2.0,PRY,South America,6,7.03000021,91.0
Paraguay,2010,0,73.2,5.65,89.0,46.4,85.0,89.0,0.1,3225.591754,2.1,2.0,PRY,South America,6,7.28000021,93.0
Paraguay,2011,0,73.4,5.79,89.0,47.1,84.0,89.0,0.1,3988.11894,2.1,2.0,PRY,South America,6,7.53000021,91.0
Paraguay,2012,0,73.6,5.36,87.0,47.9,83.0,87.0,0.1,3855.537735,2.0,2.0,PRY,South America,6,7.78000021,88.0
Paraguay,2013,0,73.8,5.03,93.0,48.6,93.0,86.0,0.2,4479.95858,2.0,1.9,PRY,South America,6,8.289999962,88.0
Paraguay,2014,0,73.9,0.01,87.0,49.4,83.0,87.0,0.2,4712.822736,2.0,1.9,PRY,South America,6,8.25,84.0
Paraguay,2015,0,74.0,5.36,93.0,5.2,89.0,93.0,0.2,419.367724,2.0,1.9,PRY,South America,6,8.520000458,78.0
Qatar,2000,0,76.2,0.5,89.0,62.4,91.0,95.0,0.1,29986.2915,4.8,4.5,QAT,Asia,1,7.651637166,91.0
Qatar,2001,0,76.3,0.76,93.0,63.3,93.0,93.0,0.1,2843.63635,4.8,4.5,QAT,Asia,1,7.813727922,92.0
Qatar,2002,0,76.4,0.87,98.0,64.1,96.0,96.0,0.1,2999.65492,4.8,4.5,QAT,Asia,1,7.975818678,99.0
Qatar,2003,0,76.5,1.0,93.0,64.7,93.0,92.0,0.1,34176.98183,4.8,4.5,QAT,Asia,1,8.137909435,93.0
Qatar,2004,0,76.6,1.11,97.0,65.0,95.0,96.0,0.1,41818.35256,4.8,4.5,QAT,Asia,1,8.300000191,99.0
Qatar,2005,0,76.6,1.18,97.0,65.1,98.0,97.0,0.1,51488.49529,4.8,4.5,QAT,Asia,1,8.693333308,99.0
Qatar,2006,0,76.6,1.28,96.0,65.0,95.0,96.0,0.1,6256.55926,4.9,4.5,QAT,Asia,1,9.086666425,99.0
Qatar,2007,0,76.7,1.24,94.0,65.1,97.0,94.0,0.1,675.61258,4.9,4.5,QAT,Asia,1,9.479999542,92.0
Qatar,2008,0,76.8,1.37,97.0,65.2,98.0,97.0,0.1,82967.37228,5.0,4.5,QAT,Asia,1,9.590000153,96.0
Qatar,2009,0,77.0,1.11,99.0,65.6,98.0,99.0,0.1,61478.23813,5.0,4.6,QAT,Asia,1,9.159999847,99.0
Qatar,2010,0,77.3,1.16,97.0,66.0,98.0,97.0,0.1,736.22784,5.0,4.6,QAT,Asia,1,8.550000191,99.0
Qatar,2011,0,77.5,1.16,93.0,66.5,92.0,93.0,0.1,85948.746,5.1,4.6,QAT,Asia,1,8.649999619,98.0
Qatar,2012,0,77.8,1.13,93.0,67.0,93.0,92.0,0.1,88564.82298,5.1,4.7,QAT,Asia,1,9.119999886,97.0
Qatar,2013,0,77.9,1.2,97.0,67.7,99.0,97.0,0.1,8834.87958,5.1,4.7,QAT,Asia,1,9.800000191,97.0
Qatar,2014,0,78.1,1.15,89.0,68.4,99.0,89.0,0.1,86852.7119,5.2,4.8,QAT,Asia,1,9.720000267,99.0
Qatar,2015,0,78.2,1.1,99.0,69.3,99.0,99.0,0.1,66346.52267,5.2,4.9,QAT,Asia,1,9.695000172,99.0
Romania,2000,1,77.0,10.16,98.0,51.4,99.0,99.0,0.1,1668.162731,4.0,4.3,ROU,Europe,2,9.48200016,98.0
Romania,2001,1,78.0,9.78,98.0,51.9,99.0,99.0,0.1,1839.72945,3.8,4.2,ROU,Europe,2,9.581000233,98.0
Romania,2002,1,77.0,9.62,99.0,52.4,98.0,98.0,0.1,2124.873613,3.7,4.1,ROU,Europe,2,9.680000305,98.0
Romania,2003,1,71.1,8.78,98.0,52.9,97.0,97.0,0.1,2774.95586,3.5,4.0,ROU,Europe,2,9.862000275,97.0
Romania,2004,1,71.7,9.82,99.0,53.4,97.0,97.0,0.1,3552.92452,3.4,3.9,ROU,Europe,2,10.04400024,97.0
Romania,2005,1,71.9,7.68,98.0,53.9,97.0,97.0,0.1,4676.315183,3.3,3.8,ROU,Europe,2,10.22600021,97.0
Romania,2006,1,72.5,8.51,99.0,54.4,97.0,97.0,0.1,5828.745662,3.2,3.7,ROU,Europe,2,10.40800018,95.0
Romania,2007,1,72.9,10.6,99.0,55.0,96.0,96.0,0.1,8214.185378,3.2,3.6,ROU,Europe,2,10.59000015,97.0
Romania,2008,1,73.1,11.9,97.0,55.6,95.0,96.0,0.1,1136.47356,3.1,3.5,ROU,Europe,2,10.67000008,96.0
Romania,2009,1,73.1,10.4,95.0,56.3,95.0,95.0,0.1,822.18329,3.0,3.3,ROU,Europe,2,10.69999981,96.0
Romania,2010,1,73.4,9.0,98.0,56.9,94.0,94.0,0.1,8297.483621,3.0,3.2,ROU,Europe,2,10.72999954,95.0
Romania,2011,1,74.3,9.1,96.0,57.7,89.0,89.0,0.1,92.277825,2.9,3.1,ROU,Europe,2,10.85999966,93.0
Romania,2012,1,74.4,9.58,96.0,58.4,92.0,91.0,0.1,8558.39766,2.8,3.0,ROU,Europe,2,10.96000004,94.0
Romania,2013,1,74.6,9.59,96.0,59.2,88.0,92.0,0.1,9585.266593,2.7,2.9,ROU,Europe,2,11.02000046,92.0
Romania,2014,1,74.8,0.01,94.0,59.9,94.0,94.0,0.1,12.27733,2.6,2.8,ROU,Europe,2,10.85999966,89.0
Romania,2015,1,75.0,9.49,95.0,6.7,89.0,89.0,0.1,8958.788593,2.5,2.7,ROU,Europe,2,10.97999954,86.0
Russian Federation,2000,0,65.0,10.18,95.0,54.0,97.0,96.0,0.2,1771.58662,2.9,3.0,RUS,Europe,2,12.05865535,97.0
Russian Federation,2001,0,65.1,10.47,95.0,54.2,97.0,96.0,0.3,21.362386,2.8,3.0,RUS,Europe,2,12.11932783,97.0
Russian Federation,2002,0,64.8,10.87,81.0,54.5,97.0,97.0,0.3,2375.5944,2.7,2.9,RUS,Europe,2,12.18000031,98.0
Russian Federation,2003,0,64.6,11.32,94.0,54.7,97.0,96.0,0.4,2975.132778,2.6,2.8,RUS,Europe,2,12.20000029,98.0
Russian Federation,2004,0,64.9,11.5,96.0,55.0,98.0,97.0,0.3,412.372294,2.5,2.8,RUS,Europe,2,12.22000027,98.0
Russian Federation,2005,0,65.0,11.57,97.0,55.3,98.0,98.0,0.3,5323.473877,2.4,2.7,RUS,Europe,2,12.24000025,99.0
Russian Federation,2006,0,66.4,11.79,98.0,55.7,98.0,98.0,0.3,692.194398,2.4,2.7,RUS,Europe,2,12.26000023,99.0
Russian Federation,2007,0,67.3,12.19,98.0,56.1,98.0,98.0,0.3,911.25385,2.4,2.6,RUS,Europe,2,12.28000021,99.0
Russian Federation,2008,0,67.5,12.04,98.0,56.6,98.0,98.0,0.3,11635.2637,2.3,2.5,RUS,Europe,2,12.30000019,99.0
Russian Federation,2009,0,68.2,11.21,98.0,57.0,98.0,98.0,0.3,8562.89598,2.3,2.5,RUS,Europe,2,12.32000017,98.0
Russian Federation,2010,0,68.4,11.05,97.0,57.5,98.0,97.0,0.2,1674.98771,2.3,2.5,RUS,Europe,2,12.34000015,98.0
Russian Federation,2011,0,69.4,11.04,97.0,58.1,97.0,97.0,0.3,14212.687,2.3,2.4,RUS,Europe,2,12.34636376,98.0
Russian Federation,2012,0,69.6,10.99,97.0,58.7,98.0,97.0,0.3,15154.45687,2.3,2.4,RUS,Europe,2,12.35272737,98.0
Russian Federation,2013,0,70.0,10.58,97.0,59.3,98.0,97.0,0.2,15543.67653,2.3,2.3,RUS,Europe,2,12.35909098,98.0
Russian Federation,2014,0,73.0,10.12,97.0,59.9,97.0,97.0,0.1,14125.961,2.3,2.3,RUS,Europe,2,12.36545459,98.0
Russian Federation,2015,0,75.0,8.06,97.0,6.5,97.0,97.0,0.1,9329.298351,2.3,2.3,RUS,Europe,2,12.3718182,98.0
Rwanda,2000,0,48.3,7.13,87.0,13.2,82.0,83.0,8.5,216.172747,7.6,7.7,RWA,Africa,0,2.456343271,74.0
Rwanda,2001,0,48.6,5.72,87.0,13.7,76.0,77.0,8.1,21.569654,7.4,7.5,RWA,Africa,0,2.573208942,69.0
Rwanda,2002,0,57.0,7.82,88.0,14.1,85.0,88.0,8.0,196.59778,7.2,7.4,RWA,Africa,0,2.690074613,69.0
Rwanda,2003,0,52.0,6.66,96.0,14.5,96.0,96.0,8.1,212.6619491,7.0,7.3,RWA,Africa,0,2.806940284,90.0
Rwanda,2004,0,53.4,6.75,89.0,14.9,89.0,89.0,7.7,236.9114381,6.9,7.1,RWA,Africa,0,2.923805955,84.0
Rwanda,2005,0,55.3,7.01,95.0,15.4,95.0,95.0,7.1,287.931877,6.8,7.0,RWA,Africa,0,3.040671626,89.0
Rwanda,2006,0,57.6,6.88,99.0,15.9,99.0,99.0,6.2,342.3656294,6.8,6.8,RWA,Africa,0,3.185671626,95.0
Rwanda,2007,0,59.6,6.78,97.0,16.5,98.0,97.0,5.0,44.853339,6.8,6.7,RWA,Africa,0,3.330671625,94.0
Rwanda,2008,0,68.0,6.39,97.0,17.1,97.0,97.0,3.7,5.6687264,6.7,6.6,RWA,Africa,0,3.475671624,92.0
Rwanda,2009,0,61.0,7.11,97.0,17.7,93.0,97.0,2.8,539.1538211,6.6,6.4,RWA,Africa,0,3.620671623,95.0
Rwanda,2010,0,62.8,7.92,97.0,18.3,93.0,97.0,2.3,563.491487,6.5,6.3,RWA,Africa,0,3.765671623,95.0
Rwanda,2011,0,63.8,8.34,97.0,18.9,93.0,97.0,1.3,617.317648,6.3,6.2,RWA,Africa,0,3.767835802,95.0
Rwanda,2012,0,64.6,0.01,98.0,19.5,98.0,98.0,0.7,678.796973,6.1,6.1,RWA,Africa,0,3.769999981,97.0
Rwanda,2013,0,65.2,0.01,98.0,2.1,98.0,98.0,0.5,688.8768557,5.9,5.9,RWA,Africa,0,3.914999962,95.0
Rwanda,2014,0,65.7,0.01,98.0,2.8,98.0,98.0,0.4,76.5699517,5.8,5.8,RWA,Africa,0,4.059999943,97.0
Rwanda,2015,0,66.1,1.79,98.0,21.4,99.0,98.0,0.4,71.348397,5.7,5.7,RWA,Africa,0,4.095149994,96.0
Saudi Arabia,2000,0,72.6,0.05,93.0,56.2,95.0,95.0,0.1,9126.954277,7.3,7.4,SAU,Asia,1,6.670000076,94.0
Saudi Arabia,2001,0,72.8,0.05,95.0,56.9,97.0,97.0,0.1,8643.4944,7.3,7.3,SAU,Asia,1,6.882500052,94.0
Saudi Arabia,2002,0,72.9,0.05,97.0,57.7,95.0,95.0,0.1,8655.311531,7.3,7.3,SAU,Asia,1,7.095000029,97.0
Saudi Arabia,2003,0,73.0,0.05,95.0,58.5,95.0,95.0,0.1,9567.458285,7.2,7.3,SAU,Asia,1,7.307500005,96.0
Saudi Arabia,2004,0,73.1,0.06,96.0,59.4,96.0,96.0,0.1,11138.8746,7.2,7.3,SAU,Asia,1,7.519999981,97.0
Saudi Arabia,2005,0,73.1,0.05,97.0,6.2,96.0,96.0,0.1,13739.82945,7.2,7.3,SAU,Asia,1,7.757777744,97.0
Saudi Arabia,2006,0,73.2,0.08,96.0,6.9,96.0,96.0,0.1,15334.66994,7.2,7.3,SAU,Asia,1,7.995555507,95.0
Saudi Arabia,2007,0,73.2,0.1,96.0,61.6,96.0,96.0,0.1,16472.1665,7.2,7.3,SAU,Asia,1,8.23333327,96.0
Saudi Arabia,2008,0,73.3,0.09,98.0,62.4,98.0,98.0,0.1,237.83234,7.2,7.3,SAU,Asia,1,8.471111033,97.0
Saudi Arabia,2009,0,73.4,0.09,98.0,63.1,98.0,98.0,0.1,1694.2931,7.3,7.3,SAU,Asia,1,8.708888796,98.0
Saudi Arabia,2010,0,73.7,0.09,98.0,63.9,98.0,98.0,0.1,19259.58726,7.3,7.4,SAU,Asia,1,8.946666559,98.0
Saudi Arabia,2011,0,73.9,0.09,98.0,64.7,98.0,98.0,0.1,2377.74739,7.4,7.4,SAU,Asia,1,9.184444322,98.0
Saudi Arabia,2012,0,74.1,0.09,98.0,65.6,98.0,98.0,0.1,2533.9462,7.5,7.4,SAU,Asia,1,9.422222084,98.0
Saudi Arabia,2013,0,74.3,0.09,98.0,66.4,98.0,98.0,0.1,24934.38614,7.6,7.5,SAU,Asia,1,9.659999847,98.0
Saudi Arabia,2014,0,74.4,0.09,98.0,67.3,98.0,98.0,0.1,24575.434,7.7,7.5,SAU,Asia,1,9.799999952,98.0
Saudi Arabia,2015,0,74.5,0.09,98.0,68.2,97.0,98.0,0.1,2732.86172,7.8,7.6,SAU,Asia,1,9.940000057,98.0
Senegal,2000,0,57.5,0.29,87.0,17.5,49.0,52.0,0.5,473.45338,12.3,12.3,SEN,Africa,0,1.716155618,48.0
Senegal,2001,0,57.9,0.34,87.0,17.9,49.0,52.0,0.6,481.287397,12.1,12.1,SEN,Africa,0,1.648962223,48.0
Senegal,2002,0,58.4,0.36,87.0,18.3,82.0,83.0,0.7,513.26227,12.0,11.9,SEN,Africa,0,1.581768829,54.0
Senegal,2003,0,59.0,0.33,87.0,18.7,73.0,73.0,0.7,642.7663113,11.8,11.7,SEN,Africa,0,1.514575434,60.0
Senegal,2004,0,59.7,0.35,54.0,19.1,87.0,87.0,0.7,733.581811,11.6,11.5,SEN,Africa,0,1.44738204,57.0
Senegal,2005,0,65.0,0.33,84.0,19.5,84.0,84.0,0.7,773.8698713,11.4,11.3,SEN,Africa,0,1.380188645,74.0
Senegal,2006,0,61.3,0.34,89.0,19.9,89.0,89.0,0.7,89.838296,11.2,11.1,SEN,Africa,0,1.539999962,80.0
Senegal,2007,0,62.1,0.32,94.0,2.3,93.0,94.0,0.7,95.3978522,11.0,1.9,SEN,Africa,0,1.70999999,84.0
Senegal,2008,0,62.8,0.28,88.0,2.8,87.0,88.0,0.6,11.33678,1.8,1.7,SEN,Africa,0,1.880000019,77.0
Senegal,2009,0,63.5,0.3,86.0,21.2,83.0,86.0,0.5,12.566464,1.6,1.5,SEN,Africa,0,2.050000048,79.0
Senegal,2010,0,64.3,0.28,89.0,21.7,76.0,89.0,0.4,11.631377,1.4,1.3,SEN,Africa,0,2.220000076,81.0
Senegal,2011,0,64.9,0.32,92.0,22.2,89.0,92.0,0.4,18.25321,1.2,1.1,SEN,Africa,0,2.390000105,84.0
Senegal,2012,0,65.6,0.28,91.0,22.7,83.0,91.0,0.4,136.4518,1.0,9.9,SEN,Africa,0,2.585000038,83.0
Senegal,2013,0,66.0,0.26,92.0,23.2,89.0,92.0,0.3,148.912351,9.9,9.7,SEN,Africa,0,2.779999971,84.0
Senegal,2014,0,66.4,0.26,89.0,23.8,85.0,89.0,0.3,152.443873,9.7,9.5,SEN,Africa,0,2.65593493,80.0
Senegal,2015,0,66.7,0.26,89.0,24.3,85.0,89.0,0.3,98.7256145,9.5,9.3,SEN,Africa,0,2.531869888,80.0
Singapore,2000,1,78.3,2.03,97.0,28.5,98.0,98.0,0.1,23792.677,2.1,2.0,SGP,Asia,1,9.475000381,96.0
Singapore,2001,1,78.7,2.08,95.0,28.9,95.0,96.0,0.1,21577.7823,2.1,2.0,SGP,Asia,1,9.634000397,95.0
Singapore,2002,1,79.0,2.16,95.0,29.2,94.0,94.0,0.1,2216.83279,2.1,2.0,SGP,Asia,1,9.793000412,94.0
Singapore,2003,1,79.3,1.43,95.0,29.6,96.0,96.0,0.1,23573.6284,2.1,2.0,SGP,Asia,1,9.952000427,93.0
Singapore,2004,1,79.7,1.45,94.0,29.9,95.0,95.0,0.1,2745.27136,2.1,2.0,SGP,Asia,1,10.11100044,95.0
Singapore,2005,1,82.0,1.49,96.0,3.2,96.0,96.0,0.1,29869.85398,2.1,2.0,SGP,Asia,1,10.27000046,96.0
Singapore,2006,1,87.0,1.55,95.0,3.5,95.0,95.0,0.1,33579.85948,2.1,2.0,SGP,Asia,1,10.10999966,95.0
Singapore,2007,1,81.1,1.6,96.0,3.9,97.0,97.0,0.1,39223.58187,2.1,2.0,SGP,Asia,1,10.21000004,95.0
Singapore,2008,1,81.4,1.7,97.0,31.2,97.0,97.0,0.1,39721.4818,2.1,2.1,SGP,Asia,1,10.48999977,95.0
Singapore,2009,1,81.7,1.73,96.0,31.5,97.0,97.0,0.1,38577.55822,2.1,2.1,SGP,Asia,1,10.5,95.0
Singapore,2010,1,82.0,1.84,96.0,31.8,96.0,96.0,0.1,46569.67951,2.1,2.1,SGP,Asia,1,10.93999958,95.0
Singapore,2011,1,82.2,1.8,96.0,32.1,96.0,96.0,0.1,53166.67581,2.1,2.1,SGP,Asia,1,11.0,95.0
Singapore,2012,1,82.5,1.89,97.0,32.4,97.0,97.0,0.1,54431.16199,2.2,2.1,SGP,Asia,1,11.02000046,95.0
Singapore,2013,1,82.7,1.83,97.0,32.7,97.0,97.0,0.1,5629.18914,2.2,2.2,SGP,Asia,1,11.14999962,95.0
Singapore,2014,1,82.9,1.83,96.0,32.9,96.0,96.0,0.1,56336.7234,2.2,2.2,SGP,Asia,1,11.22000027,95.0
Singapore,2015,1,83.1,1.79,96.0,33.2,96.0,96.0,0.1,53629.73746,2.2,2.2,SGP,Asia,1,11.36999989,95.0
Solomon Islands,2000,0,65.8,0.71,81.0,37.9,88.0,86.0,0.1,154.518572,1.4,1.4,SLB,Oceania,4,5.092110034,91.0
Solomon Islands,2001,0,66.2,0.7,83.0,38.7,88.0,84.0,0.1,944.81684,1.4,1.4,SLB,Oceania,4,5.131036535,83.0
Solomon Islands,2002,0,66.5,1.08,75.0,39.6,78.0,78.0,0.1,784.9562874,1.4,1.4,SLB,Oceania,4,5.170260608,78.0
Solomon Islands,2003,0,66.8,1.18,79.0,4.4,84.0,84.0,0.1,744.7657423,1.3,1.3,SLB,Oceania,4,5.209784529,82.0
Solomon Islands,2004,0,67.1,1.18,81.0,41.3,89.0,86.0,0.1,818.442619,1.3,1.3,SLB,Oceania,4,5.249610589,87.0
Solomon Islands,2005,0,67.4,0.9,88.0,42.1,88.0,89.0,0.1,88.874858,1.3,1.3,SLB,Oceania,4,5.289741098,87.0
Solomon Islands,2006,0,67.6,0.99,99.0,43.0,99.0,99.0,0.1,948.6592511,1.3,1.3,SLB,Oceania,4,5.330178384,99.0
Solomon Islands,2007,0,67.6,0.85,88.0,43.8,93.0,86.0,0.1,146.931125,1.2,1.2,SLB,Oceania,4,5.370924792,90.0
Solomon Islands,2008,0,68.0,1.09,89.0,44.7,94.0,89.0,0.1,125.79167,1.2,1.2,SLB,Oceania,4,5.411982685,71.0
Solomon Islands,2009,0,68.1,1.21,92.0,45.5,98.0,92.0,0.1,1158.282672,1.2,1.2,SLB,Oceania,4,5.453354443,69.0
Solomon Islands,2010,0,68.3,1.1,88.0,46.4,94.0,86.0,0.1,1272.44825,1.2,1.2,SLB,Oceania,4,5.495042467,74.0
Solomon Islands,2011,0,68.5,0.99,99.0,47.2,99.0,99.0,0.1,1642.837974,1.2,1.2,SLB,Oceania,4,5.537049174,77.0
Solomon Islands,2012,0,68.7,0.01,99.0,48.1,99.0,99.0,0.1,1858.689868,1.2,1.2,SLB,Oceania,4,5.579377,87.0
Solomon Islands,2013,0,68.8,0.01,94.0,48.9,99.0,94.0,0.1,188.5159,1.1,1.2,SLB,Oceania,4,5.6220284,76.0
Solomon Islands,2014,0,68.8,0.01,88.0,49.7,94.0,88.0,0.1,29.652622,1.1,1.2,SLB,Oceania,4,5.6646798,76.0
Solomon Islands,2015,0,69.2,0.69,98.0,5.5,99.0,98.0,0.1,1922.41388,1.1,1.2,SLB,Oceania,4,5.7073312,75.0
Sierra Leone,2000,0,39.0,3.97,87.0,17.2,46.0,44.0,1.2,139.3147734,1.3,1.4,SLE,Africa,0,2.773425592,37.0
Sierra Leone,2001,0,41.0,4.21,87.0,17.5,38.0,38.0,1.5,227.779471,1.1,1.2,SLE,Africa,0,2.86506922,50.0
Sierra Leone,2002,0,48.0,4.06,87.0,17.9,54.0,53.0,1.7,249.939542,9.9,1.0,SLE,Africa,0,2.956712848,62.0
Sierra Leone,2003,0,41.5,4.07,87.0,18.4,66.0,73.0,1.9,263.7618312,9.7,9.8,SLE,Africa,0,3.048356477,73.0
Sierra Leone,2004,0,42.3,3.99,87.0,18.8,69.0,65.0,2.1,263.145817,9.5,9.5,SLE,Africa,0,3.140000105,76.0
Sierra Leone,2005,0,43.3,3.83,87.0,19.2,67.0,65.0,2.2,287.6891942,9.3,9.3,SLE,Africa,0,3.168450099,71.0
Sierra Leone,2006,0,44.3,3.8,87.0,19.7,65.0,64.0,2.2,322.313468,9.1,9.1,SLE,Africa,0,3.196900093,65.0
Sierra Leone,2007,0,45.3,3.86,63.0,2.2,63.0,64.0,2.2,358.8274716,8.9,8.9,SLE,Africa,0,3.225350087,60.0
Sierra Leone,2008,0,46.2,3.91,77.0,2.7,75.0,77.0,1.9,46.3759178,8.7,8.7,SLE,Africa,0,3.25380008,73.0
Sierra Leone,2009,0,47.1,3.97,84.0,21.2,81.0,84.0,1.7,394.5932439,8.5,8.4,SLE,Africa,0,3.282250074,80.0
Sierra Leone,2010,0,48.1,3.84,86.0,21.7,84.0,86.0,1.6,45.128418,8.3,8.2,SLE,Africa,0,3.310700068,82.0
Sierra Leone,2011,0,48.9,3.78,89.0,22.2,88.0,89.0,1.3,445.525,8.1,8.0,SLE,Africa,0,3.339150062,84.0
Sierra Leone,2012,0,49.7,0.01,91.0,22.7,91.0,91.0,0.9,561.8984239,7.9,7.8,SLE,Africa,0,3.367600056,86.0
Sierra Leone,2013,0,54.0,0.01,92.0,23.3,92.0,92.0,0.8,71.8186998,7.7,7.6,SLE,Africa,0,3.39605005,85.0
Sierra Leone,2014,0,48.1,0.01,83.0,23.8,83.0,83.0,0.6,78.4394757,7.5,7.4,SLE,Africa,0,3.424500044,80.0
Sierra Leone,2015,0,51.0,0.24,86.0,24.4,86.0,86.0,0.5,587.538233,7.4,7.3,SLE,Africa,0,3.452950037,78.0
El Salvador,2000,0,69.0,2.79,99.0,45.3,98.0,99.0,0.4,2238.4116,2.1,2.0,SLV,North America,3,4.975714309,97.0
El Salvador,2001,0,68.9,2.88,75.0,46.2,94.0,92.0,0.4,2338.772244,2.1,2.0,SLV,North America,3,5.101428594,95.0
El Salvador,2002,0,73.0,2.97,81.0,47.0,81.0,81.0,0.4,248.4125,2.0,1.9,SLV,North America,3,5.227142879,93.0
El Salvador,2003,0,69.9,3.1,94.0,47.8,93.0,94.0,0.3,2519.737387,2.0,1.9,SLV,North America,3,5.352857164,90.0
El Salvador,2004,0,70.0,2.9,95.0,48.6,94.0,94.0,0.3,2632.79942,1.9,1.8,SLV,North America,3,5.478571449,93.0
El Salvador,2005,0,71.0,2.77,89.0,49.4,89.0,89.0,0.2,2835.281237,1.9,1.8,SLV,North America,3,5.604285734,99.0
El Salvador,2006,0,75.0,2.77,96.0,5.1,96.0,96.0,0.2,362.951768,1.8,1.7,SLV,North America,3,5.730000019,98.0
El Salvador,2007,0,71.2,2.83,99.0,5.8,99.0,99.0,0.3,334.83817,1.8,1.7,SLV,North America,3,5.630000114,99.0
El Salvador,2008,0,71.7,2.68,98.0,51.4,98.0,98.0,0.3,357.347674,1.8,1.7,SLV,North America,3,6.03000021,95.0
El Salvador,2009,0,71.4,2.55,91.0,52.1,91.0,91.0,0.3,3366.482133,1.7,1.6,SLV,North America,3,6.130000114,91.0
El Salvador,2010,0,72.0,2.36,89.0,52.8,89.0,89.0,0.3,3474.392445,1.7,1.6,SLV,North America,3,6.340000153,92.0
El Salvador,2011,0,72.0,2.37,95.0,53.4,94.0,89.0,0.3,3736.58713,1.7,1.6,SLV,North America,3,6.210000038,89.0
El Salvador,2012,0,73.0,2.48,92.0,54.1,93.0,92.0,0.3,3827.786267,1.6,1.6,SLV,North America,3,6.369999886,93.0
El Salvador,2013,0,73.0,2.42,92.0,54.7,92.0,92.0,0.2,3895.664491,1.6,1.6,SLV,North America,3,6.429999828,94.0
El Salvador,2014,0,73.3,2.52,93.0,55.4,93.0,94.0,0.2,3988.771871,1.6,1.6,SLV,North America,3,6.526666482,96.0
El Salvador,2015,0,73.5,2.58,91.0,56.1,92.0,91.0,0.2,4127.11775,1.6,1.5,SLV,North America,3,6.623333136,97.0
Serbia,2000,0,72.6,7.38,95.0,51.2,98.0,95.0,0.1,87.1365252,2.8,2.9,SRB,Europe,2,7.44011095,89.0
Serbia,2001,0,73.1,7.53,95.0,51.7,93.0,93.0,0.1,1634.87561,2.8,2.8,SRB,Europe,2,7.570055379,90.0
Serbia,2002,0,72.9,6.95,95.0,52.2,95.0,95.0,0.1,2149.9944,2.7,2.8,SRB,Europe,2,7.699999809,92.0
Serbia,2003,0,73.0,7.25,95.0,52.8,89.0,89.0,0.1,2832.49652,2.7,2.7,SRB,Europe,2,8.123333136,87.0
Serbia,2004,0,73.0,7.42,89.0,53.3,96.0,88.0,0.1,3331.228766,2.6,2.6,SRB,Europe,2,8.546666463,89.0
Serbia,2005,0,73.0,9.6,65.0,53.9,98.0,98.0,0.1,3528.1318,2.5,2.6,SRB,Europe,2,8.96999979,96.0
Serbia,2006,0,73.6,8.58,93.0,54.5,97.0,92.0,0.1,4129.758741,2.5,2.5,SRB,Europe,2,9.393333117,88.0
Serbia,2007,0,73.8,9.3,99.0,55.1,93.0,94.0,0.1,5458.121718,2.4,2.4,SRB,Europe,2,9.816666444,95.0
Serbia,2008,0,74.0,9.54,93.0,55.8,95.0,95.0,0.1,671.773913,2.3,2.4,SRB,Europe,2,10.23999977,92.0
Serbia,2009,0,74.1,9.85,93.0,56.4,97.0,95.0,0.1,5821.35397,2.3,2.3,SRB,Europe,2,10.30000019,95.0
Serbia,2010,0,74.4,9.65,89.0,57.0,91.0,91.0,0.1,5411.87744,2.2,2.3,SRB,Europe,2,10.36999989,95.0
Serbia,2011,0,74.6,9.56,94.0,57.7,94.0,94.0,0.1,6423.291783,2.2,2.2,SRB,Europe,2,10.56999969,93.0
Serbia,2012,0,74.9,9.38,97.0,58.3,93.0,91.0,0.1,5659.3824,2.1,2.1,SRB,Europe,2,10.56500006,87.0
Serbia,2013,0,75.3,9.16,91.0,58.9,97.0,95.0,0.1,6353.826383,2.1,2.1,SRB,Europe,2,10.56000042,92.0
Serbia,2014,0,75.4,9.09,92.0,59.4,93.0,93.0,0.1,62.173221,2.1,2.1,SRB,Europe,2,10.72000027,86.0
Serbia,2015,0,75.6,7.96,94.0,6.0,95.0,95.0,0.1,5237.255334,2.0,2.0,SRB,Europe,2,11.02000046,87.0
Sao Tome and Principe,2000,0,62.6,5.07,87.0,2.7,87.0,82.0,1.5,529.089383412262,8.0,8.1,STP,Africa,0,4.634581778,69.0
Sao Tome and Principe,2001,0,62.8,5.02,87.0,21.1,82.0,92.0,1.5,51.216381,7.8,7.8,STP,Africa,0,4.691814794,75.0
Sao Tome and Principe,2002,0,63.1,5.8,87.0,21.7,92.0,92.0,1.4,555.8185378,7.6,7.6,STP,Africa,0,4.749754587,85.0
Sao Tome and Principe,2003,0,63.4,6.54,87.0,22.2,94.0,94.0,1.6,649.342153,7.4,7.4,STP,Africa,0,4.808409887,87.0
Sao Tome and Principe,2004,0,63.8,5.78,87.0,22.8,99.0,96.0,1.6,693.345683,7.2,7.2,STP,Africa,0,4.867789527,91.0
Sao Tome and Principe,2005,0,64.3,5.27,96.0,23.4,97.0,97.0,1.6,81.86157,7.0,7.0,STP,Africa,0,4.927902454,88.0
Sao Tome and Principe,2006,0,64.7,5.46,75.0,24.0,97.0,97.0,1.2,843.89447,6.9,6.8,STP,Africa,0,4.988757723,85.0
Sao Tome and Principe,2007,0,65.1,4.14,87.0,24.7,98.0,97.0,1.2,894.927988,6.7,6.6,STP,Africa,0,5.050364501,86.0
Sao Tome and Principe,2008,0,65.4,4.36,99.0,25.4,99.0,99.0,0.9,1126.46212,6.5,6.4,STP,Africa,0,5.112732068,93.0
Sao Tome and Principe,2009,0,65.8,4.13,98.0,26.2,99.0,98.0,0.9,199.57146,6.3,6.2,STP,Africa,0,5.175869821,90.0
Sao Tome and Principe,2010,0,66.2,5.58,98.0,26.9,98.0,98.0,0.5,1129.754961,6.1,6.0,STP,Africa,0,5.239787269,92.0
Sao Tome and Principe,2011,0,66.6,5.69,96.0,27.7,96.0,96.0,0.5,134.326189,6.0,5.9,STP,Africa,0,5.304494041,91.0
Sao Tome and Principe,2012,0,66.9,0.01,96.0,28.5,96.0,96.0,0.5,138.949959,5.9,5.7,STP,Africa,0,5.369999886,92.0
Sao Tome and Principe,2013,0,67.1,0.01,97.0,29.3,97.0,97.0,0.2,1619.532678,5.7,5.5,STP,Africa,0,5.43797275,91.0
Sao Tome and Principe,2014,0,67.3,0.01,95.0,3.1,95.0,95.0,0.2,1821.878734,5.6,5.4,STP,Africa,0,5.505945614,92.0
Sao Tome and Principe,2015,0,67.5,4.79,96.0,3.9,96.0,96.0,0.2,1624.63963,5.5,5.3,STP,Africa,0,5.573918479,93.0
Suriname,2004,0,68.3,4.55,93.0,5.4,84.0,85.0,0.9,36.48773,3.5,3.5,SUR,South America,6,7.739999771,86.0
Suriname,2005,0,68.9,4.47,83.0,51.1,84.0,83.0,0.6,3595.8855,3.5,3.4,SUR,South America,6,7.780431952,91.0
Suriname,2006,0,69.3,4.52,84.0,51.8,84.0,84.0,0.6,527.92,3.5,3.4,SUR,South America,6,7.820864132,83.0
Suriname,2007,0,69.5,4.72,84.0,52.6,84.0,84.0,0.8,5761.39536,3.5,3.4,SUR,South America,6,7.861296313,85.0
Suriname,2008,0,69.8,4.94,84.0,53.3,85.0,85.0,1.2,6858.163158,3.5,3.4,SUR,South America,6,7.901728494,86.0
Suriname,2009,0,70.0,5.13,87.0,54.1,85.0,87.0,0.6,7443.85178,3.5,3.4,SUR,South America,6,7.942160675,88.0
Suriname,2010,0,73.0,5.26,86.0,54.8,96.0,96.0,0.5,833.31332,3.5,3.4,SUR,South America,6,7.982592855,87.0
Suriname,2011,0,76.0,5.64,86.0,55.5,86.0,86.0,0.1,8318.97692,3.5,3.4,SUR,South America,6,8.023025036,79.0
Suriname,2012,0,71.3,5.73,84.0,56.3,84.0,84.0,0.9,9272.413453,3.5,3.4,SUR,South America,6,8.063457217,64.0
Suriname,2013,0,71.2,6.02,86.0,57.0,86.0,86.0,0.4,9484.56898,3.5,3.5,SUR,South America,6,8.103889397,81.0
Suriname,2014,0,71.4,6.32,85.0,57.7,85.0,85.0,0.4,9564.46383,3.5,3.5,SUR,South America,6,8.144321578,70.0
Suriname,2015,0,71.6,4.62,89.0,58.3,89.0,89.0,0.4,8818.982566,3.5,3.5,SUR,South America,6,8.184753759,76.0
Slovakia,2000,1,73.0,11.06,98.0,5.7,98.0,99.0,0.1,5421.6448441887,1.6,1.7,SVK,Europe,2,9.950000191,98.0
Slovakia,2001,1,73.3,10.73,99.0,51.1,99.0,99.0,0.1,5712.47802761654,1.5,1.6,SVK,Europe,2,10.26000023,99.0
Slovakia,2002,1,73.7,10.78,99.0,51.6,98.0,99.0,0.1,6554.62808369461,1.5,1.6,SVK,Europe,2,10.48400021,99.0
Slovakia,2003,1,73.8,9.85,99.0,52.1,98.0,99.0,0.1,8675.39633696465,1.5,1.6,SVK,Europe,2,10.70800018,99.0
Slovakia,2004,1,74.1,10.03,99.0,52.6,99.0,99.0,0.1,10650.1290097126,1.4,1.5,SVK,Europe,2,10.93200016,99.0
Slovakia,2005,1,74.0,10.81,99.0,53.1,99.0,99.0,0.1,11641.5410321763,1.4,1.5,SVK,Europe,2,11.15600014,98.0
Slovakia,2006,1,74.3,10.28,99.0,53.7,99.0,99.0,0.1,13167.8954730379,1.4,1.5,SVK,Europe,2,11.38000011,98.0
Slovakia,2007,1,74.4,10.58,99.0,54.2,99.0,99.0,0.1,16110.4817265237,1.3,1.4,SVK,Europe,2,11.60400009,99.0
Slovakia,2008,1,74.7,11.37,99.0,54.8,99.0,99.0,0.1,18744.3192278346,1.3,1.4,SVK,Europe,2,11.82800007,99.0
Slovakia,2009,1,75.0,10.63,99.0,55.3,99.0,99.0,0.1,16586.7527805228,1.3,1.4,SVK,Europe,2,12.05200005,99.0
Slovakia,2010,1,75.1,10.13,99.0,55.9,99.0,99.0,0.1,16899.448680529,1.3,1.3,SVK,Europe,2,12.27600002,98.0
Slovakia,2011,1,75.6,10.24,99.0,56.5,99.0,99.0,0.1,18469.4354316836,1.2,1.3,SVK,Europe,2,12.5,98.0
Slovakia,2012,1,75.8,10.12,99.0,57.2,99.0,99.0,0.1,17516.9691054078,1.2,1.3,SVK,Europe,2,12.38000011,99.0
Slovakia,2013,1,76.1,9.89,98.0,57.8,98.0,98.0,0.1,18312.7805149823,1.2,1.3,SVK,Europe,2,12.43999958,98.0
Slovakia,2014,1,76.4,10.6,97.0,58.4,97.0,97.0,0.1,18770.9289896545,1.2,1.2,SVK,Europe,2,12.43999958,97.0
Slovakia,2015,1,76.7,10.27,96.0,59.1,96.0,96.0,0.1,16442.0760860018,1.2,1.2,SVK,Europe,2,12.64000034,95.0
Slovenia,2000,1,76.0,11.9,95.0,51.2,93.0,91.0,0.1,1227.73677,2.2,2.3,SVN,Europe,2,10.50076925,95.0
Slovenia,2001,1,76.2,10.8,95.0,51.8,93.0,92.0,0.1,1479.29634,2.2,2.2,SVN,Europe,2,10.83307692,94.0
Slovenia,2002,1,76.6,9.29,95.0,52.3,93.0,93.0,0.1,11814.9994,2.1,2.2,SVN,Europe,2,11.16538459,93.0
Slovenia,2003,1,76.5,11.58,95.0,52.9,95.0,95.0,0.1,1488.47154,2.0,2.1,SVN,Europe,2,11.49769225,94.0
Slovenia,2004,1,77.2,10.0,95.0,53.5,94.0,94.0,0.1,1726.9151,2.0,2.0,SVN,Europe,2,11.82999992,94.0
Slovenia,2005,1,77.5,11.14,95.0,54.1,95.0,95.0,0.1,18169.1891,1.9,2.0,SVN,Europe,2,11.68000031,94.0
Slovenia,2006,1,78.1,12.26,95.0,54.7,97.0,97.0,0.1,19726.1265,1.8,1.9,SVN,Europe,2,11.81000042,96.0
Slovenia,2007,1,78.3,11.02,95.0,55.2,97.0,97.0,0.1,23841.31792,1.8,1.8,SVN,Europe,2,11.75,96.0
Slovenia,2008,1,78.9,10.94,95.0,55.8,97.0,97.0,0.1,2751.8127,1.7,1.7,SVN,Europe,2,11.90999985,96.0
Slovenia,2009,1,79.1,10.52,95.0,56.4,96.0,96.0,0.1,24633.79785,1.7,1.7,SVN,Europe,2,12.02999973,95.0
Slovenia,2010,1,79.5,10.32,95.0,57.0,96.0,96.0,0.1,23437.4722,1.6,1.6,SVN,Europe,2,12.06000042,95.0
Slovenia,2011,1,79.8,10.61,95.0,57.6,96.0,96.0,0.1,24985.24827,1.6,1.6,SVN,Europe,2,12.21000004,96.0
Slovenia,2012,1,82.0,10.95,95.0,58.2,96.0,96.0,0.1,22486.47167,1.5,1.5,SVN,Europe,2,12.27999973,95.0
Slovenia,2013,1,85.0,9.53,95.0,58.9,95.0,95.0,0.1,2315.31799,1.4,1.4,SVN,Europe,2,12.38000011,94.0
Slovenia,2014,1,87.0,10.46,95.0,59.5,95.0,95.0,0.1,242.67286,1.4,1.4,SVN,Europe,2,12.43000031,94.0
Slovenia,2015,1,88.0,11.5,95.0,6.1,95.0,95.0,0.1,2729.86383,1.4,1.3,SVN,Europe,2,12.56999969,94.0
Sweden,2000,1,79.6,6.2,95.0,52.8,99.0,99.0,0.1,29283.55,1.4,1.3,SWE,Europe,2,11.44666672,91.0
Sweden,2001,1,79.8,6.6,95.0,53.4,99.0,99.0,0.1,26969.24457,1.3,1.3,SWE,Europe,2,11.63000011,94.0
Sweden,2002,1,79.9,6.9,95.0,53.9,99.0,99.0,0.1,29571.7446,1.3,1.3,SWE,Europe,2,11.81333351,95.0
Sweden,2003,1,82.0,6.9,95.0,54.4,99.0,99.0,0.1,36961.42537,1.3,1.3,SWE,Europe,2,11.99666691,95.0
Sweden,2004,1,83.0,6.6,95.0,54.9,99.0,99.0,0.1,42442.2245,1.3,1.3,SWE,Europe,2,12.18000031,96.0
Sweden,2005,1,85.0,6.5,95.0,55.3,98.0,98.0,0.1,4385.35315,1.3,1.3,SWE,Europe,2,12.26000023,96.0
Sweden,2006,1,88.0,6.5,95.0,55.7,98.0,98.0,0.1,46256.4716,1.3,1.3,SWE,Europe,2,12.32999992,97.0
Sweden,2007,1,89.0,6.9,95.0,56.1,98.0,98.0,0.1,53324.37937,1.3,1.3,SWE,Europe,2,12.39999962,96.0
Sweden,2008,1,81.1,6.9,95.0,56.5,98.0,98.0,0.1,55746.84238,1.3,1.3,SWE,Europe,2,12.06999969,96.0
Sweden,2009,1,81.4,7.3,95.0,56.9,98.0,98.0,0.1,4627.592,1.3,1.3,SWE,Europe,2,12.14000034,97.0
Sweden,2010,1,81.5,7.2,95.0,57.3,98.0,98.0,0.1,5276.25591,1.3,1.3,SWE,Europe,2,12.21000004,97.0
Sweden,2011,1,81.7,7.4,95.0,57.7,98.0,98.0,0.1,59593.28711,1.4,1.3,SWE,Europe,2,12.27999973,97.0
Sweden,2012,1,81.7,7.4,95.0,58.1,98.0,98.0,0.1,57134.777,1.4,1.3,SWE,Europe,2,12.34000015,97.0
Sweden,2013,1,81.9,7.3,67.0,58.5,98.0,98.0,0.1,6283.24522,1.4,1.3,SWE,Europe,2,12.22999954,97.0
Sweden,2014,1,82.3,7.3,67.0,59.0,98.0,98.0,0.1,5918.19898,1.5,1.3,SWE,Europe,2,12.28999996,97.0
Sweden,2015,1,82.4,7.13,67.0,59.5,98.0,98.0,0.1,5585.25847,1.5,1.4,SWE,Europe,2,12.35000038,98.0
Seychelles,2000,0,71.8,8.24,98.0,27.1,98.0,98.0,0.1,7578.85153,6.3,6.7,SYC,Africa,0,10.27393787,97.0
Seychelles,2001,0,72.0,6.72,96.0,27.6,96.0,96.0,0.1,7663.1378,6.2,6.6,SYC,Africa,0,10.32185713,95.0
Seychelles,2002,0,72.1,11.15,99.0,28.1,99.0,99.0,0.1,8331.261997,6.1,6.6,SYC,Africa,0,10.36999989,98.0
Seychelles,2003,0,72.1,7.41,99.0,28.7,99.0,99.0,0.1,8524.961236,6.1,6.5,SYC,Africa,0,10.41882048,99.0
Seychelles,2004,0,72.1,7.91,99.0,29.2,99.0,99.0,0.1,1176.65871,6.0,6.4,SYC,Africa,0,10.46764108,99.0
Seychelles,2005,0,72.2,7.82,99.0,3.1,99.0,99.0,0.1,1192.5174,6.0,6.4,SYC,Africa,0,10.51646167,99.0
Seychelles,2006,0,72.2,8.12,99.0,3.7,99.0,99.0,0.1,1214.39987,5.9,6.3,SYC,Africa,0,10.56528227,99.0
Seychelles,2007,0,72.2,8.12,99.0,31.2,99.0,99.0,0.1,12154.82994,5.9,6.3,SYC,Africa,0,10.61410286,99.0
Seychelles,2008,0,72.2,6.33,99.0,31.8,99.0,99.0,0.1,11122.8627,5.9,6.3,SYC,Africa,0,10.66292346,99.0
Seychelles,2009,0,72.3,4.94,99.0,32.4,99.0,99.0,0.1,976.9566,5.8,6.2,SYC,Africa,0,10.71174405,97.0
Seychelles,2010,0,72.4,6.51,99.0,33.5,99.0,99.0,0.1,184.68447,5.8,6.2,SYC,Africa,0,10.76056465,99.0
Seychelles,2011,0,72.6,9.72,99.0,34.2,99.0,99.0,0.1,12189.9516,5.7,6.1,SYC,Africa,0,10.80938524,99.0
Seychelles,2012,0,72.7,0.01,99.0,34.8,98.0,98.0,0.1,12845.17363,5.7,6.1,SYC,Africa,0,10.85820584,98.0
Seychelles,2013,0,72.9,0.01,99.0,35.5,98.0,98.0,0.1,15687.34795,5.7,6.1,SYC,Africa,0,10.90702643,97.0
Seychelles,2014,0,73.0,0.01,99.0,36.2,99.0,99.0,0.1,1557.77892,5.7,6.0,SYC,Africa,0,10.95584703,99.0
Seychelles,2015,0,73.2,12.59,98.0,37.4,97.0,97.0,0.1,1539.464,5.7,6.0,SYC,Africa,0,11.00466762,98.0
Syrian Arab Republic,2000,0,72.6,1.41,79.0,43.9,86.0,84.0,0.1,1177.629268,6.8,6.6,SYR,Asia,1,4.364101549,84.0
Syrian Arab Republic,2001,0,72.7,1.29,95.0,44.6,83.0,82.0,0.1,1258.421953,6.7,6.5,SYR,Asia,1,4.547050784,80.0
Syrian Arab Republic,2002,0,72.8,1.25,95.0,45.3,86.0,84.0,0.1,1263.13455,6.6,6.5,SYR,Asia,1,4.730000019,84.0
Syrian Arab Republic,2003,0,73.0,1.29,81.0,46.0,85.0,83.0,0.1,1253.39143,6.6,6.4,SYR,Asia,1,5.106000042,83.0
Syrian Arab Republic,2004,0,73.2,0.93,82.0,46.8,84.0,81.0,0.1,148.852738,6.5,6.3,SYR,Asia,1,5.482000065,82.0
Syrian Arab Republic,2005,0,73.5,0.92,83.0,47.6,83.0,95.0,0.1,1577.457182,6.5,6.3,SYR,Asia,1,5.858000088,81.0
Syrian Arab Republic,2006,0,73.7,0.97,83.0,48.5,83.0,95.0,0.1,1762.24617,6.4,6.3,SYR,Asia,1,6.234000111,81.0
Syrian Arab Republic,2007,0,73.8,0.83,83.0,49.4,83.0,95.0,0.1,258.3529,6.4,6.2,SYR,Asia,1,6.610000134,81.0
Syrian Arab Republic,2008,0,73.8,0.8,83.0,5.4,83.0,79.0,0.1,2429.12477087189,6.4,6.2,SYR,Asia,1,6.190000057,81.0
Syrian Arab Republic,2009,0,73.8,0.81,84.0,51.3,83.0,95.0,0.1,2462.20193643202,6.4,6.2,SYR,Asia,1,6.489999771,82.0
Syrian Arab Republic,2010,0,73.7,0.78,84.0,52.3,83.0,95.0,0.1,2730.61477118949,6.4,6.1,SYR,Asia,1,6.433757398,82.0
Syrian Arab Republic,2011,0,71.7,0.76,95.0,53.2,95.0,72.0,0.1,2952.14349372257,6.3,6.1,SYR,Asia,1,6.378002421,80.0
Syrian Arab Republic,2012,0,62.8,0.01,43.0,54.2,47.0,45.0,0.1,1897.66115018696,6.3,6.1,SYR,Asia,1,6.322730617,72.0
Syrian Arab Republic,2013,0,63.6,0.01,95.0,55.2,95.0,41.0,0.1,985.892669227054,6.3,6.1,SYR,Asia,1,6.267937799,69.0
Syrian Arab Republic,2014,0,64.4,0.01,47.0,56.2,52.0,43.0,0.1,1060.59105886854,6.3,6.1,SYR,Asia,1,6.213619816,65.0
Syrian Arab Republic,2015,0,64.5,0.24,41.0,57.1,95.0,41.0,0.1,847.731631942565,6.3,6.1,SYR,Asia,1,6.159301833,64.0
Chad,2000,0,47.6,0.25,87.0,13.9,82.0,36.0,4.6,166.231785,11.5,11.4,TCD,Africa,0,1.280210316,28.0
Chad,2001,0,48.0,0.3,87.0,14.1,26.0,26.0,4.8,197.3156442,11.3,11.2,TCD,Africa,0,1.330157742,26.0
Chad,2002,0,48.1,0.36,87.0,14.4,31.0,25.0,5.0,22.854821,11.1,11.0,TCD,Africa,0,1.380105167,25.0
Chad,2003,0,48.4,0.42,87.0,14.8,36.0,23.0,5.1,292.5914364,1.9,1.8,TCD,Africa,0,1.430052593,23.0
Chad,2004,0,48.5,0.34,87.0,15.1,31.0,21.0,5.2,454.6765879,1.7,1.6,TCD,Africa,0,1.480000019,16.0
Chad,2005,0,48.6,0.42,87.0,15.4,37.0,25.0,5.2,66.2421396,1.5,1.4,TCD,Africa,0,1.536000013,27.0
Chad,2006,0,48.5,0.41,87.0,15.7,49.0,83.0,5.1,712.1847694,1.3,1.2,TCD,Africa,0,1.592000008,39.0
Chad,2007,0,49.4,0.42,87.0,16.1,38.0,28.0,4.9,81.683884,1.0,1.0,TCD,Africa,0,1.648000002,31.0
Chad,2008,0,49.6,0.45,17.0,16.4,82.0,19.0,4.7,929.772391,9.8,9.7,TCD,Africa,0,1.703999996,27.0
Chad,2009,0,57.0,0.47,24.0,16.7,32.0,24.0,4.4,84.455939,9.6,9.5,TCD,Africa,0,1.75999999,36.0
Chad,2010,0,51.2,0.5,39.0,17.1,43.0,39.0,4.1,896.5697341,9.4,9.3,TCD,Africa,0,1.807276988,46.0
Chad,2011,0,51.6,0.56,33.0,17.5,82.0,33.0,3.9,989.2363633,9.2,9.1,TCD,Africa,0,1.854553986,54.0
Chad,2012,0,51.8,0.62,87.0,17.9,51.0,83.0,3.6,973.472574,9.0,8.9,TCD,Africa,0,1.901830983,63.0
Chad,2013,0,52.2,0.64,39.0,18.2,46.0,39.0,3.1,986.13177,8.8,8.7,TCD,Africa,0,1.949107981,57.0
Chad,2014,0,52.6,0.01,37.0,18.7,44.0,37.0,2.9,125.998515,8.7,8.5,TCD,Africa,0,1.996384978,45.0
Chad,2015,0,53.1,0.67,46.0,19.1,52.0,46.0,2.8,777.248751,8.5,8.4,TCD,Africa,0,2.043661976,46.0
Togo,2000,0,54.6,1.1,87.0,16.6,63.0,64.0,5.1,26.3932935,9.4,9.3,TGO,Africa,0,3.084269062,58.0
Togo,2001,0,54.6,0.95,87.0,17.1,51.0,83.0,5.3,26.6394652,9.2,9.1,TGO,Africa,0,3.123016161,40.0
Togo,2002,0,54.7,1.0,87.0,17.5,58.0,59.0,5.3,28.832123,9.0,8.9,TGO,Africa,0,3.16176326,48.0
Togo,2003,0,54.7,1.02,87.0,17.9,72.0,72.0,5.2,31.437144,8.8,8.7,TGO,Africa,0,3.200510359,68.0
Togo,2004,0,54.9,1.01,87.0,18.4,71.0,71.0,5.1,349.9937253,8.6,8.5,TGO,Africa,0,3.239257457,70.0
Togo,2005,0,55.0,1.14,87.0,18.9,82.0,82.0,5.0,372.1721837,8.4,8.3,TGO,Africa,0,3.278004556,70.0
Togo,2006,0,55.7,1.37,87.0,19.3,85.0,84.0,5.0,377.33629,8.1,8.0,TGO,Africa,0,3.293503396,78.0
Togo,2007,0,55.9,1.37,87.0,19.8,72.0,82.0,5.1,42.764743,7.9,7.8,TGO,Africa,0,3.309002235,71.0
Togo,2008,0,56.2,1.33,24.0,2.4,82.0,81.0,4.8,513.391914,7.7,7.6,TGO,Africa,0,3.324501075,63.0
Togo,2009,0,56.7,1.24,78.0,2.9,78.0,78.0,4.3,499.6468713,7.5,7.4,TGO,Africa,0,3.339999914,66.0
Togo,2010,0,57.4,1.21,83.0,21.4,83.0,83.0,3.8,487.9238913,7.3,7.2,TGO,Africa,0,3.49000001,68.0
Togo,2011,0,58.3,1.44,85.0,22.0,85.0,85.0,2.6,562.3393592,7.1,7.0,TGO,Africa,0,3.640000105,72.0
Togo,2012,0,58.9,0.01,84.0,22.6,84.0,84.0,1.7,563.6894247,7.0,6.8,TGO,Africa,0,3.843096773,72.0
Togo,2013,0,59.4,0.01,84.0,23.1,84.0,84.0,1.5,579.43485,6.8,6.6,TGO,Africa,0,4.046193441,72.0
Togo,2014,0,59.7,0.01,87.0,23.7,85.0,87.0,1.0,62.1318489,6.6,6.4,TGO,Africa,0,4.249290109,77.0
Togo,2015,0,59.9,1.26,88.0,24.3,88.0,88.0,1.0,551.138346,6.5,6.2,TGO,Africa,0,4.452386777,75.0
Thailand,2000,0,71.1,5.88,95.0,18.7,97.0,97.0,0.8,27.564826,9.4,9.7,THA,Asia,1,5.66437669,94.0
Thailand,2001,0,71.2,5.92,95.0,19.4,97.0,96.0,0.8,1893.145377,9.3,9.6,THA,Asia,1,6.04828247,94.0
Thailand,2002,0,71.4,5.93,95.0,2.2,97.0,96.0,0.7,296.54617,9.2,9.5,THA,Asia,1,6.43218825,94.0
Thailand,2003,0,71.7,6.14,96.0,2.9,98.0,98.0,0.6,2358.93629,9.1,9.3,THA,Asia,1,6.816094029,96.0
Thailand,2004,0,71.6,6.17,96.0,21.7,98.0,98.0,0.5,2659.83918,9.0,9.2,THA,Asia,1,7.199999809,96.0
Thailand,2005,0,72.5,6.26,96.0,22.6,98.0,98.0,0.5,2893.651356,8.9,9.1,THA,Asia,1,7.0849998,96.0
Thailand,2006,0,73.0,6.18,96.0,23.6,98.0,98.0,0.5,3368.952576,8.7,8.9,THA,Asia,1,6.96999979,96.0
Thailand,2007,0,73.3,6.2,96.0,24.6,98.0,98.0,0.4,3972.26475,8.6,8.8,THA,Asia,1,7.129999876,96.0
Thailand,2008,0,73.5,5.92,98.0,25.7,99.0,99.0,0.3,4378.68746,8.5,8.6,THA,Asia,1,7.289999962,98.0
Thailand,2009,0,73.7,5.88,98.0,26.8,99.0,99.0,0.3,4212.5492,8.3,8.5,THA,Asia,1,7.450000048,98.0
Thailand,2010,0,73.9,5.95,98.0,27.9,99.0,99.0,0.2,575.32176,8.2,8.3,THA,Asia,1,7.610000134,98.0
Thailand,2011,0,74.1,6.07,98.0,29.0,99.0,99.0,0.2,5491.159981,8.1,8.2,THA,Asia,1,7.710000038,98.0
Thailand,2012,0,74.3,6.56,98.0,3.1,99.0,99.0,0.1,5859.915622,8.0,8.1,THA,Asia,1,7.809999943,98.0
Thailand,2013,0,74.5,6.5,99.0,31.3,99.0,99.0,0.1,6171.262444,7.9,7.9,THA,Asia,1,7.909999847,99.0
Thailand,2014,0,74.6,6.41,99.0,32.4,99.0,99.0,0.1,5941.8471,7.8,7.8,THA,Asia,1,8.046666463,99.0
Thailand,2015,0,74.9,6.9,99.0,33.6,99.0,99.0,0.1,5814.863134,7.7,7.7,THA,Asia,1,8.183333079,99.0
Tajikistan,2000,0,63.7,0.37,95.0,31.3,86.0,83.0,0.3,138.436633,4.2,4.1,TJK,Asia,1,10.80000019,88.0
Tajikistan,2001,0,64.0,0.86,95.0,31.6,84.0,85.0,0.3,17.8159721,4.1,4.1,TJK,Asia,1,10.83647077,88.0
Tajikistan,2002,0,64.3,0.6,95.0,32.1,84.0,85.0,0.3,189.3878519,4.0,4.0,TJK,Asia,1,10.87294135,89.0
Tajikistan,2003,0,65.2,0.36,58.0,32.5,82.0,85.0,0.3,236.314438,4.0,4.0,TJK,Asia,1,10.90941194,91.0
Tajikistan,2004,0,65.9,0.38,81.0,33.0,82.0,86.0,0.3,39.281834,3.9,3.9,TJK,Asia,1,10.94588252,92.0
Tajikistan,2005,0,65.5,0.37,81.0,33.5,79.0,84.0,0.3,337.359236,3.8,3.9,TJK,Asia,1,10.9823531,85.0
Tajikistan,2006,0,65.9,0.38,88.0,34.1,76.0,83.0,0.3,44.2872665,3.8,3.9,TJK,Asia,1,11.01882368,82.0
Tajikistan,2007,0,66.1,0.35,84.0,34.7,85.0,86.0,0.3,52.35956,3.8,3.8,TJK,Asia,1,11.05529426,85.0
Tajikistan,2008,0,66.4,0.32,86.0,35.3,87.0,86.0,0.3,76.914128,3.8,3.8,TJK,Asia,1,11.09176484,86.0
Tajikistan,2009,0,66.7,0.3,93.0,35.9,93.0,93.0,0.2,666.3458569,3.7,3.8,TJK,Asia,1,11.12823542,89.0
Tajikistan,2010,0,67.3,0.32,93.0,36.6,95.0,93.0,0.2,738.3475227,3.7,3.8,TJK,Asia,1,11.16470601,94.0
Tajikistan,2011,0,68.1,0.32,96.0,37.4,97.0,96.0,0.2,834.5412953,3.7,3.7,TJK,Asia,1,11.20117659,98.0
Tajikistan,2012,0,68.8,0.01,94.0,38.2,96.0,94.0,0.2,954.725253,3.6,3.7,TJK,Asia,1,11.23764717,97.0
Tajikistan,2013,0,69.3,0.01,96.0,39.0,97.0,96.0,0.2,14.214412,3.6,3.7,TJK,Asia,1,11.27411775,97.0
Tajikistan,2014,0,69.6,0.01,97.0,39.9,94.0,97.0,0.2,114.45919,3.6,3.7,TJK,Asia,1,11.31058833,98.0
Tajikistan,2015,0,69.7,0.94,96.0,4.7,96.0,96.0,0.2,918.6771543,3.6,3.7,TJK,Asia,1,11.34705891,97.0
Turkmenistan,2000,0,63.8,2.9,95.0,37.5,98.0,97.0,0.1,643.17518,3.6,3.6,TKM,Asia,1,10.91863227,96.0
Turkmenistan,2001,0,64.0,2.35,95.0,38.1,94.0,95.0,0.1,774.4763388,3.6,3.5,TKM,Asia,1,10.91235876,98.0
Turkmenistan,2002,0,63.3,2.33,96.0,38.7,99.0,98.0,0.1,967.917468,3.5,3.5,TKM,Asia,1,10.90608525,88.0
Turkmenistan,2003,0,63.4,2.88,97.0,39.4,66.0,83.0,0.1,1283.885977,3.5,3.4,TKM,Asia,1,10.89981174,97.0
Turkmenistan,2004,0,63.5,2.86,96.0,4.0,98.0,97.0,0.1,1453.917166,3.4,3.4,TKM,Asia,1,10.89353824,97.0
Turkmenistan,2005,0,63.3,2.85,99.0,4.7,99.0,99.0,0.1,174.51475,3.4,3.4,TKM,Asia,1,10.88726473,99.0
Turkmenistan,2006,0,63.7,2.71,98.0,41.3,98.0,98.0,0.1,2136.66815,3.3,3.3,TKM,Asia,1,10.88099122,99.0
Turkmenistan,2007,0,64.1,2.58,98.0,42.0,98.0,98.0,0.1,26.371428,3.3,3.3,TKM,Asia,1,10.87471771,99.0
Turkmenistan,2008,0,64.5,2.4,96.0,42.7,96.0,96.0,0.1,394.467675,3.2,3.3,TKM,Asia,1,10.8684442,99.0
Turkmenistan,2009,0,65.6,2.35,97.0,43.4,97.0,96.0,0.1,436.459223,3.2,3.3,TKM,Asia,1,10.8621707,99.0
Turkmenistan,2010,0,65.8,2.48,96.0,44.2,96.0,96.0,0.1,4439.23,3.2,3.3,TKM,Asia,1,10.85589719,99.0
Turkmenistan,2011,0,65.6,2.55,97.0,45.0,97.0,97.0,0.1,5649.978486,3.2,3.3,TKM,Asia,1,10.84962368,99.0
Turkmenistan,2012,0,65.6,2.75,98.0,45.9,98.0,97.0,0.1,6675.262954,3.2,3.3,TKM,Asia,1,10.84335017,99.0
Turkmenistan,2013,0,65.4,2.93,98.0,46.7,98.0,98.0,0.1,734.42525,3.2,3.3,TKM,Asia,1,10.83707666,99.0
Turkmenistan,2014,0,66.0,2.9,97.0,47.7,98.0,98.0,0.1,7962.365824,3.3,3.3,TKM,Asia,1,10.83080316,99.0
Turkmenistan,2015,0,66.3,3.05,99.0,48.6,99.0,99.0,0.1,6432.668768,3.3,3.3,TKM,Asia,1,10.82452965,99.0
Timor-Leste,2000,0,58.7,0.5,78.15238095238095,11.9,84.22727272727273,84.83636363636364,0.1,422.28633,12.2,12.2,TLS,Others,5,3.773451021,92.0
Timor-Leste,2001,0,59.4,0.5,78.15238095238095,12.3,84.22727272727273,84.83636363636364,0.1,56.4249869,12.1,12.2,TLS,Others,5,3.907511123,92.0
Timor-Leste,2002,0,62.0,0.48,89.0,12.6,38.0,54.0,0.1,48.61552,12.1,12.1,TLS,Others,5,4.046334004,56.0
Timor-Leste,2003,0,61.0,0.44,89.0,12.9,55.0,55.0,0.1,471.4565823,12.1,12.1,TLS,Others,5,4.190088871,55.0
Timor-Leste,2004,0,62.3,0.38,89.0,13.2,57.0,57.0,0.1,467.5438297,12.0,12.0,TLS,Others,5,4.338950944,55.0
Timor-Leste,2005,0,63.7,0.36,89.0,13.5,55.0,55.0,0.1,478.331859,12.0,11.9,TLS,Others,5,4.493101668,48.0
Timor-Leste,2006,0,64.9,0.04,89.0,13.9,62.0,63.0,0.1,441.53226,11.9,11.9,TLS,Others,5,4.652728934,61.0
Timor-Leste,2007,0,65.8,0.05,89.0,14.2,89.5,91.0,0.1,524.8959363,11.8,11.8,TLS,Others,5,4.818027308,63.0
Timor-Leste,2008,0,66.2,0.06,79.0,14.7,79.0,79.0,0.1,643.71911,11.7,11.7,TLS,Others,5,4.989198268,73.0
Timor-Leste,2009,0,66.6,0.09,72.0,15.1,78.0,72.0,0.1,757.3114436,11.6,11.6,TLS,Others,5,5.16645045,70.0
Timor-Leste,2010,0,66.9,0.1,72.0,15.5,72.0,72.0,0.1,849.8626972,11.5,11.5,TLS,Others,5,5.349999905,66.0
Timor-Leste,2011,0,67.2,0.5,67.0,15.8,66.0,67.0,0.1,114.56179,11.3,11.4,TLS,Others,5,5.335039934,62.0
Timor-Leste,2012,0,67.4,0.01,83.0,16.2,83.0,83.0,0.1,1117.77724,11.2,11.3,TLS,Others,5,5.320079962,73.0
Timor-Leste,2013,0,67.7,0.01,82.0,16.6,82.0,82.0,0.1,117.765674,11.1,11.2,TLS,Others,5,5.305119991,70.0
Timor-Leste,2014,0,68.0,0.01,77.0,17.0,76.0,77.0,0.1,1153.51578,1.9,11.1,TLS,Others,5,5.29016002,74.0
Timor-Leste,2015,0,68.3,0.59,76.0,17.4,75.0,76.0,0.1,1161.76935,1.9,11.1,TLS,Others,5,5.275200049,70.0
Tonga,2000,0,71.6,1.24,93.0,65.5,91.0,91.0,0.1,263.27236,0.1,0.1,TON,Oceania,4,10.04599972,95.0
Tonga,2001,0,71.8,1.35,91.0,66.2,91.0,89.0,0.1,1837.977391,0.1,0.1,TON,Oceania,4,10.04999971,93.0
Tonga,2002,0,71.9,1.51,88.0,67.0,85.0,84.0,0.1,1842.44421,0.1,0.1,TON,Oceania,4,10.05399971,90.0
Tonga,2003,0,72.0,1.79,85.0,67.8,91.0,86.0,0.1,229.714718,0.1,0.1,TON,Oceania,4,10.05799971,99.0
Tonga,2004,0,72.2,1.8,88.0,68.6,91.0,86.0,0.1,2284.37858,0.1,0.1,TON,Oceania,4,10.0619997,99.0
Tonga,2005,0,72.3,1.57,88.0,69.4,88.0,89.0,0.1,2594.74999,0.1,0.1,TON,Oceania,4,10.0659997,99.0
Tonga,2006,0,72.4,1.79,89.0,7.1,89.0,88.0,0.1,2892.522663,0.1,0.1,TON,Oceania,4,10.06999969,99.0
Tonga,2007,0,72.5,2.05,87.0,7.8,88.0,87.0,0.1,2932.315883,0.1,0.1,TON,Oceania,4,10.23999977,99.0
Tonga,2008,0,72.6,1.1,84.0,71.5,88.0,86.0,0.1,3392.64743,0.1,0.1,TON,Oceania,4,10.40999985,99.0
Tonga,2009,0,72.5,1.08,84.0,72.1,86.0,84.0,0.1,37.846563,0.1,0.1,TON,Oceania,4,10.57999992,99.0
Tonga,2010,0,72.8,1.24,82.0,72.7,84.0,82.0,0.1,3547.59975,0.1,0.1,TON,Oceania,4,10.75,99.0
Tonga,2011,0,72.9,0.96,82.0,73.3,84.0,82.0,0.1,445.18866,0.1,0.1,TON,Oceania,4,10.92000008,99.0
Tonga,2012,0,73.0,0.01,77.0,73.8,79.0,77.0,0.1,451.542462,0.1,0.1,TON,Oceania,4,10.91142511,95.0
Tonga,2013,0,73.2,0.01,82.0,74.3,84.0,82.0,0.1,4266.557174,0.1,0.1,TON,Oceania,4,10.90285015,99.0
Tonga,2014,0,73.3,0.01,88.0,74.8,82.0,86.0,0.1,4192.349758,0.1,0.1,TON,Oceania,4,10.89427519,99.0
Tonga,2015,0,73.5,0.3,88.0,75.2,88.0,78.0,0.1,493.775387,0.1,0.1,TON,Oceania,4,10.88570023,99.0
Trinidad and Tobago,2000,0,69.1,4.68,95.0,33.6,94.0,94.0,0.9,643.947262,6.7,7.2,TTO,North America,3,8.94444455,90.0
Trinidad and Tobago,2001,0,69.1,4.55,95.0,34.4,91.0,91.0,1.2,6935.721451,6.6,7.1,TTO,North America,3,9.113889005,91.0
Trinidad and Tobago,2002,0,69.2,5.12,95.0,35.2,96.0,96.0,2.0,749.626612,6.5,7.0,TTO,North America,3,9.28333346,87.0
Trinidad and Tobago,2003,0,69.3,5.53,76.0,36.0,91.0,91.0,0.5,884.518666,6.4,6.9,TTO,North America,3,9.452777916,88.0
Trinidad and Tobago,2004,0,69.4,5.82,94.0,36.8,94.0,94.0,1.0,129.51914,6.3,6.8,TTO,North America,3,9.622222371,95.0
Trinidad and Tobago,2005,0,69.5,6.12,95.0,37.6,95.0,95.0,0.5,12323.1275,6.3,6.7,TTO,North America,3,9.791666826,93.0
Trinidad and Tobago,2006,0,69.6,6.35,89.0,38.4,89.0,92.0,0.6,1495.96337,6.2,6.6,TTO,North America,3,9.961111281,89.0
Trinidad and Tobago,2007,0,69.7,6.37,95.0,39.3,94.0,88.0,0.7,1653.1844,6.1,6.5,TTO,North America,3,10.13055574,91.0
Trinidad and Tobago,2008,0,69.9,6.41,95.0,4.2,91.0,94.0,0.3,21188.11857,6.1,6.4,TTO,North America,3,10.30000019,91.0
Trinidad and Tobago,2009,0,71.0,6.37,95.0,41.1,94.0,94.0,0.2,1458.8796,6.0,6.4,TTO,North America,3,10.30000019,94.0
Trinidad and Tobago,2010,0,74.0,6.5,95.0,42.0,91.0,94.0,0.4,16683.94578,5.9,6.3,TTO,North America,3,10.47000027,92.0
Trinidad and Tobago,2011,0,76.0,6.5,95.0,43.0,91.0,94.0,0.4,1953.9767,5.9,6.2,TTO,North America,3,10.64000034,92.0
Trinidad and Tobago,2012,0,78.0,6.7,92.0,44.0,91.0,92.0,0.4,19152.531,5.9,6.1,TTO,North America,3,10.65388671,85.0
Trinidad and Tobago,2013,0,71.0,6.71,92.0,45.0,94.0,92.0,0.3,1967.83283,5.8,6.0,TTO,North America,3,10.66777307,91.0
Trinidad and Tobago,2014,0,71.1,6.94,92.0,46.0,94.0,92.0,0.3,19325.24283,5.8,6.0,TTO,North America,3,10.68165944,96.0
Trinidad and Tobago,2015,0,71.2,4.77,95.0,47.1,88.0,96.0,0.3,17321.83373,5.7,5.9,TTO,North America,3,10.6955458,89.0
Tunisia,2000,0,72.9,1.21,94.0,48.1,97.0,97.0,0.1,2213.91488,6.6,6.5,TUN,Africa,0,4.948623515,95.0
Tunisia,2001,0,73.2,1.19,94.0,48.9,98.0,98.0,0.1,2254.933126,6.5,6.4,TUN,Africa,0,5.120310453,92.0
Tunisia,2002,0,73.5,1.17,93.0,49.7,96.0,96.0,0.1,2346.5937,6.5,6.4,TUN,Africa,0,5.291997391,94.0
Tunisia,2003,0,73.7,1.34,92.0,5.6,95.0,95.0,0.1,2761.969249,6.4,6.3,TUN,Africa,0,5.463684329,90.0
Tunisia,2004,0,74.0,1.36,96.0,51.4,97.0,97.0,0.1,3112.83529,6.4,6.3,TUN,Africa,0,5.635371268,95.0
Tunisia,2005,0,74.2,1.37,97.0,52.2,98.0,98.0,0.1,3194.562243,6.4,6.3,TUN,Africa,0,5.807058206,96.0
Tunisia,2006,0,74.4,1.46,99.0,53.1,99.0,99.0,0.1,3371.71231,6.3,6.3,TUN,Africa,0,5.974705452,98.0
Tunisia,2007,0,74.6,1.24,98.0,53.9,98.0,98.0,0.1,3778.184171,6.3,6.3,TUN,Africa,0,6.142352697,98.0
Tunisia,2008,0,74.7,1.37,99.0,54.7,99.0,99.0,0.1,431.9326,6.3,6.3,TUN,Africa,0,6.309999943,98.0
Tunisia,2009,0,74.7,1.4,99.0,55.6,99.0,99.0,0.1,4129.977335,6.3,6.3,TUN,Africa,0,6.480000019,98.0
Tunisia,2010,0,74.8,1.28,98.0,56.5,98.0,98.0,0.1,414.15177,6.3,6.3,TUN,Africa,0,6.650000095,97.0
Tunisia,2011,0,74.8,1.29,98.0,57.4,98.0,98.0,0.1,4256.91279,6.4,6.3,TUN,Africa,0,6.820000172,96.0
Tunisia,2012,0,74.9,1.3,97.0,58.3,97.0,97.0,0.1,4137.55421,6.4,6.3,TUN,Africa,0,6.739999771,96.0
Tunisia,2013,0,74.9,1.29,98.0,59.3,98.0,98.0,0.1,4199.47253,6.4,6.3,TUN,Africa,0,6.854999781,94.0
Tunisia,2014,0,75.1,1.39,98.0,6.2,98.0,98.0,0.1,4271.68172,6.5,6.4,TUN,Africa,0,6.96999979,98.0
Tunisia,2015,0,75.3,1.59,98.0,61.2,98.0,98.0,0.1,3828.91589,6.5,6.4,TUN,Africa,0,7.0849998,98.0
Tuvalu,2013,0,71.63093525179856,0.01,88.0,79.3,88.0,86.0,0.1,3542.13589,0.2,0.1,TUV,Oceania,4,9.819783006,96.0
United Republic of Tanzania,2000,0,49.2,3.89,87.0,16.0,64.0,79.0,12.8,401.698150634766,8.3,8.3,TZA,Africa,0,4.22966011,78.0
United Republic of Tanzania,2001,0,49.6,4.09,87.0,16.4,65.0,87.0,12.5,396.638732910156,8.2,8.1,TZA,Africa,0,4.26483015,86.0
United Republic of Tanzania,2002,0,52.0,3.37,89.0,16.8,91.0,89.0,12.1,402.649047851563,8.0,8.0,TZA,Africa,0,4.300000191,89.0
United Republic of Tanzania,2003,0,58.0,2.34,95.0,17.2,97.0,95.0,11.5,422.18359375,7.9,7.9,TZA,Africa,0,4.415000153,97.0
United Republic of Tanzania,2004,0,51.5,3.81,95.0,17.7,95.0,95.0,10.8,450.385284423828,7.8,7.8,TZA,Africa,0,4.530000114,94.0
United Republic of Tanzania,2005,0,52.2,3.94,87.0,18.1,91.0,83.0,10.0,483.334869384766,7.7,7.6,TZA,Africa,0,4.645000076,91.0
United Republic of Tanzania,2006,0,53.1,4.07,87.0,18.6,91.0,83.0,9.4,475.746734619141,7.6,7.5,TZA,Africa,0,4.760000038,93.0
United Republic of Tanzania,2007,0,54.5,4.4,83.0,19.1,88.0,83.0,8.5,543.198303222656,7.5,7.4,TZA,Africa,0,4.875,90.0
United Republic of Tanzania,2008,0,56.2,3.44,86.0,19.6,89.0,86.0,7.4,675.977233886719,7.3,7.3,TZA,Africa,0,4.989999962,88.0
United Republic of Tanzania,2009,0,56.9,3.97,85.0,2.2,88.0,85.0,6.4,693.823547363281,7.2,7.2,TZA,Africa,0,5.104999924,91.0
United Republic of Tanzania,2010,0,57.5,4.19,91.0,2.7,94.0,91.0,4.6,736.530151367188,7.1,7.1,TZA,Africa,0,5.219999886,92.0
United Republic of Tanzania,2011,0,58.3,4.04,87.0,21.3,88.0,83.0,3.1,775.392761230469,7.0,6.9,TZA,Africa,0,5.334999847,93.0
United Republic of Tanzania,2012,0,58.6,3.98,87.0,21.9,82.0,92.0,2.4,861.969909667969,6.9,6.8,TZA,Africa,0,5.449999809,97.0
United Republic of Tanzania,2013,0,59.7,4.2,91.0,22.5,91.0,91.0,2.1,963.05712890625,6.8,6.7,TZA,Africa,0,5.464523156,99.0
United Republic of Tanzania,2014,0,67.0,0.01,97.0,23.2,97.0,97.0,1.4,1022.74841308594,6.8,6.6,TZA,Africa,0,5.479046504,97.0
United Republic of Tanzania,2015,0,61.8,6.31,98.0,23.8,96.0,98.0,1.4,939.127319335938,6.7,6.5,TZA,Africa,0,5.493569851,95.0
Uganda,2000,0,46.6,10.47,87.0,13.0,55.0,52.0,11.6,257.63369,7.0,7.0,UGA,Africa,0,3.945454467,57.0
Uganda,2001,0,47.7,10.57,87.0,13.3,56.0,55.0,10.8,234.984775,6.9,6.9,UGA,Africa,0,4.022727186,59.0
Uganda,2002,0,48.8,10.42,29.0,13.6,57.0,57.0,10.0,24.2423229,6.8,6.8,UGA,Africa,0,4.099999905,62.0
Uganda,2003,0,51.0,10.16,44.0,13.9,57.0,59.0,9.4,237.9995917,6.7,6.7,UGA,Africa,0,4.274999936,64.0
Uganda,2004,0,51.3,9.89,62.0,14.2,58.0,62.0,8.9,288.236949,6.6,6.6,UGA,Africa,0,4.449999968,66.0
Uganda,2005,0,53.2,10.09,64.0,14.5,59.0,64.0,8.7,315.788227,6.5,6.5,UGA,Africa,0,4.625,68.0
Uganda,2006,0,54.9,9.81,64.0,14.8,62.0,64.0,8.6,336.4593923,6.4,6.4,UGA,Africa,0,4.800000032,75.0
Uganda,2007,0,55.5,9.65,87.0,15.2,82.0,73.0,8.4,41.858631,6.3,6.3,UGA,Africa,0,4.975000064,75.0
Uganda,2008,0,56.3,9.79,71.0,15.6,69.0,71.0,8.2,449.6928183,6.2,6.2,UGA,Africa,0,5.150000095,70.0
Uganda,2009,0,57.5,9.63,79.0,15.9,78.0,79.0,8.1,647.17732,6.1,6.1,UGA,Africa,0,5.1450001,77.0
Uganda,2010,0,58.4,10.03,87.0,16.3,79.0,83.0,8.0,594.9972557,6.0,6.0,UGA,Africa,0,5.140000105,73.0
Uganda,2011,0,59.3,10.22,82.0,16.7,82.0,82.0,6.8,584.3962137,5.9,5.9,UGA,Africa,0,5.13500011,75.0
Uganda,2012,0,60.0,0.01,78.0,17.2,82.0,78.0,4.6,647.74741,5.8,5.8,UGA,Africa,0,5.130000114,80.0
Uganda,2013,0,67.0,0.01,78.0,17.6,82.0,78.0,4.0,662.492293,5.7,5.7,UGA,Africa,0,5.319962621,83.0
Uganda,2014,0,61.5,0.01,78.0,18.1,82.0,78.0,3.2,719.172669,5.7,5.6,UGA,Africa,0,5.509925127,85.0
Uganda,2015,0,62.3,8.11,78.0,18.5,82.0,78.0,3.1,693.8963829,5.6,5.6,UGA,Africa,0,5.699887633,79.0
Ukraine,2000,0,67.5,4.49,95.0,54.8,99.0,99.0,0.7,635.789635,3.0,3.1,UKR,Europe,2,10.84253856,99.0
Ukraine,2001,0,67.7,4.31,95.0,55.1,99.0,99.0,0.8,78.738243,2.9,3.0,UKR,Europe,2,10.93999958,99.0
Ukraine,2002,0,67.6,4.89,95.0,55.4,99.0,99.0,0.9,879.475486,2.9,3.0,UKR,Europe,2,11.0374606,99.0
Ukraine,2003,0,67.6,5.92,77.0,55.7,99.0,97.0,0.9,148.522488,2.8,2.9,UKR,Europe,2,11.13492162,99.0
Ukraine,2004,0,67.4,6.79,98.0,56.1,99.0,99.0,1.0,1367.352433,2.7,2.8,UKR,Europe,2,11.23238264,99.0
Ukraine,2005,0,67.0,7.31,97.0,56.4,95.0,96.0,0.9,1828.717626,2.7,2.8,UKR,Europe,2,11.32984366,96.0
Ukraine,2006,0,67.7,7.99,96.0,56.8,99.0,98.0,0.8,233.18831,2.6,2.7,UKR,Europe,2,11.36639155,98.0
Ukraine,2007,0,67.5,8.86,92.0,57.2,98.0,98.0,0.7,368.68998,2.5,2.7,UKR,Europe,2,11.40293943,97.0
Ukraine,2008,0,67.7,9.46,84.0,57.6,91.0,96.0,0.4,3891.37823,2.5,2.6,UKR,Europe,2,11.43948731,94.0
Ukraine,2009,0,69.2,8.71,66.0,58.0,74.0,71.0,0.3,2545.48341,2.5,2.6,UKR,Europe,2,11.47603519,75.0
Ukraine,2010,0,69.8,8.39,48.0,58.5,57.0,52.0,0.2,2965.142365,2.4,2.5,UKR,Europe,2,11.51258308,56.0
Ukraine,2011,0,75.0,8.48,21.0,59.0,54.0,96.0,0.2,3569.75727,2.4,2.5,UKR,Europe,2,11.44354819,67.0
Ukraine,2012,0,77.0,8.44,46.0,59.6,72.0,76.0,0.2,3855.42128,2.4,2.4,UKR,Europe,2,11.3745133,79.0
Ukraine,2013,0,71.0,8.44,46.0,6.1,72.0,76.0,0.2,429.71554,2.3,2.4,UKR,Europe,2,11.30547841,79.0
Ukraine,2014,0,78.0,8.06,22.0,6.7,45.0,23.0,0.2,314.658296,2.3,2.4,UKR,Europe,2,11.23644352,56.0
Ukraine,2015,0,71.3,6.08,22.0,61.3,51.0,23.0,0.2,2124.662666,2.3,2.4,UKR,Europe,2,11.16740863,56.0
Uruguay,2000,0,75.1,6.65,92.0,55.0,92.0,93.0,0.1,6871.897677,1.8,1.7,URY,South America,6,8.315714087,89.0
Uruguay,2001,0,75.2,6.48,94.0,55.7,94.0,94.0,0.1,6281.37747,1.8,1.7,URY,South America,6,8.527142661,94.0
Uruguay,2002,0,75.4,5.86,95.0,56.3,93.0,95.0,0.1,488.768855,1.7,1.7,URY,South America,6,8.738571235,95.0
Uruguay,2003,0,75.4,5.11,91.0,57.0,91.0,91.0,0.1,3622.52284,1.7,1.6,URY,South America,6,8.949999809,95.0
Uruguay,2004,0,75.4,5.66,94.0,57.7,95.0,94.0,0.1,4117.38853,1.7,1.6,URY,South America,6,8.633333206,95.0
Uruguay,2005,0,75.7,6.35,96.0,58.3,96.0,96.0,0.1,522.951116,1.6,1.6,URY,South America,6,8.316666603,95.0
Uruguay,2006,0,76.2,6.58,95.0,58.9,95.0,95.0,0.1,5877.87678,1.6,1.6,URY,South America,6,8.0,94.0
Uruguay,2007,0,75.4,6.67,94.0,59.5,94.0,94.0,0.1,79.69746,1.6,1.5,URY,South America,6,8.184999943,96.0
Uruguay,2008,0,76.4,6.76,94.0,6.1,94.0,94.0,0.1,962.312164,1.6,1.5,URY,South America,6,8.369999886,95.0
Uruguay,2009,0,76.6,6.67,95.0,6.7,95.0,95.0,0.1,9415.17386,1.5,1.5,URY,South America,6,8.369999886,94.0
Uruguay,2010,0,76.3,6.21,95.0,61.2,95.0,95.0,0.1,11938.212,1.5,1.5,URY,South America,6,8.329999924,95.0
Uruguay,2011,0,77.0,5.97,95.0,61.8,95.0,95.0,0.1,14166.4998,1.5,1.5,URY,South America,6,8.399999619,95.0
Uruguay,2012,0,76.5,5.77,95.0,62.3,95.0,95.0,0.1,1592.6819,1.5,1.5,URY,South America,6,8.479999542,96.0
Uruguay,2013,0,76.8,5.82,94.0,62.9,94.0,94.0,0.1,16881.2568,1.5,1.4,URY,South America,6,8.520000458,96.0
Uruguay,2014,0,76.8,6.03,95.0,63.4,95.0,95.0,0.1,16737.89827,1.5,1.4,URY,South America,6,8.609999657,96.0
Uruguay,2015,0,77.0,6.22,95.0,64.0,95.0,95.0,0.1,15524.84247,1.5,1.4,URY,South America,6,8.670000076,96.0
United States of America,2000,1,76.8,8.21,95.0,6.1,94.0,94.0,0.1,36329.9560727102,0.8,0.7,USA,North America,3,12.95999985,91.0
United States of America,2001,1,76.9,8.25,89.0,6.9,89.0,94.0,0.1,37133.623113437,0.8,0.6,USA,North America,3,12.92499981,91.0
United States of America,2002,1,77.0,8.33,95.0,61.7,94.0,94.0,0.1,37997.7596573051,0.8,0.6,USA,North America,3,12.88999977,91.0
United States of America,2003,1,77.2,8.4,92.0,62.4,91.0,96.0,0.1,39490.2749557007,0.7,0.6,USA,North America,3,12.85499973,93.0
United States of America,2004,1,77.5,8.48,92.0,63.1,92.0,96.0,0.1,41724.6316287624,0.7,0.6,USA,North America,3,12.81999969,93.0
United States of America,2005,1,77.5,8.52,93.0,63.8,92.0,96.0,0.1,44123.4070679055,0.7,0.6,USA,North America,3,12.82999992,92.0
United States of America,2006,1,77.8,8.63,93.0,64.4,93.0,96.0,0.1,46302.0008800056,0.7,0.6,USA,North America,3,12.90999985,92.0
United States of America,2007,1,78.1,8.74,93.0,65.1,93.0,96.0,0.1,48050.2237771135,0.7,0.6,USA,North America,3,12.94999981,92.0
United States of America,2008,1,78.2,8.74,94.0,65.7,94.0,96.0,0.1,48570.0459804586,0.7,0.6,USA,North America,3,12.98999977,92.0
United States of America,2009,1,78.5,8.71,92.0,66.3,93.0,95.0,0.1,47194.9433547336,0.7,0.6,USA,North America,3,13.01000023,90.0
United States of America,2010,1,78.7,8.55,92.0,66.9,93.0,95.0,0.1,48642.6100179312,0.7,0.6,USA,North America,3,13.05000019,92.0
United States of America,2011,1,78.7,8.67,91.0,67.5,94.0,96.0,0.1,50024.868799398,0.7,0.6,USA,North America,3,13.10000038,92.0
United States of America,2012,1,78.8,8.82,95.0,68.0,93.0,94.0,0.1,51708.4011556577,0.7,0.6,USA,North America,3,13.14000034,91.0
United States of America,2013,1,78.9,8.82,91.0,68.6,93.0,94.0,0.1,53179.0127634561,0.7,0.6,USA,North America,3,13.19999981,92.0
United States of America,2014,1,79.1,8.82,92.0,69.1,93.0,95.0,0.1,54973.4207515712,0.8,0.6,USA,North America,3,13.22000027,92.0
United States of America,2015,1,79.3,8.79,92.0,69.6,93.0,95.0,0.1,56572.9188996063,0.8,0.6,USA,North America,3,13.25,92.0
Uzbekistan,2000,0,67.1,1.6,95.0,34.8,99.0,99.0,0.1,558.221144,3.4,3.4,UZB,Asia,1,10.06157244,99.0
Uzbekistan,2001,0,67.4,1.53,95.0,35.3,99.0,99.0,0.2,456.734892,3.4,3.3,UZB,Asia,1,10.14974056,99.0
Uzbekistan,2002,0,67.1,1.47,62.0,35.9,99.0,99.0,0.2,383.3494997,3.3,3.3,UZB,Asia,1,10.23868127,97.0
Uzbekistan,2003,0,67.2,1.54,99.0,36.4,99.0,98.0,0.3,396.129969,3.3,3.3,UZB,Asia,1,10.32840137,99.0
Uzbekistan,2004,0,67.8,1.59,99.0,37.0,99.0,99.0,0.3,465.1198869,3.2,3.2,UZB,Asia,1,10.41890767,98.0
Uzbekistan,2005,0,67.3,1.78,99.0,37.5,99.0,99.0,0.3,546.776852,3.2,3.2,UZB,Asia,1,10.51020706,99.0
Uzbekistan,2006,0,67.6,1.96,98.0,38.1,94.0,96.0,0.4,654.2838373,3.2,3.2,UZB,Asia,1,10.60230649,98.0
Uzbekistan,2007,0,67.8,2.15,99.0,38.7,98.0,96.0,0.3,83.476942,3.1,3.1,UZB,Asia,1,10.69521298,98.0
Uzbekistan,2008,0,67.9,2.36,91.0,39.3,98.0,98.0,0.3,182.28625,3.1,3.1,UZB,Asia,1,10.7889336,98.0
Uzbekistan,2009,0,68.0,2.56,98.0,4.0,99.0,98.0,0.2,1213.265328,3.1,3.1,UZB,Asia,1,10.88347547,95.0
Uzbekistan,2010,0,68.3,2.73,99.0,4.7,99.0,99.0,0.2,1377.8214,3.0,3.1,UZB,Asia,1,10.9788458,98.0
Uzbekistan,2011,0,68.5,2.83,99.0,41.4,99.0,99.0,0.1,1564.966945,3.0,3.1,UZB,Asia,1,11.07505185,99.0
Uzbekistan,2012,0,68.8,0.01,99.0,42.2,99.0,99.0,0.1,174.468298,3.0,3.1,UZB,Asia,1,11.17210094,99.0
Uzbekistan,2013,0,69.1,0.01,99.0,43.0,99.0,99.0,0.1,197.551233,3.0,3.1,UZB,Asia,1,11.27000046,97.0
Uzbekistan,2014,0,69.2,0.01,99.0,43.9,99.0,99.0,0.1,25.448414,3.0,3.1,UZB,Asia,1,11.34000015,99.0
Uzbekistan,2015,0,69.4,2.59,99.0,44.7,99.0,99.0,0.1,2137.576852,3.0,3.1,UZB,Asia,1,11.35999966,99.0
Saint Vincent and the Grenadines,2000,0,79.0,4.8,95.0,4.1,99.0,98.0,0.7,3768.95536604022,4.0,3.9,VCT,North America,3,9.396341268,96.0
Saint Vincent and the Grenadines,2001,0,79.0,4.73,95.0,41.0,99.0,99.0,0.7,4071.08601098962,3.9,3.9,VCT,North America,3,9.475387082,98.0
Saint Vincent and the Grenadines,2002,0,79.0,4.94,95.0,42.0,99.0,99.0,0.4,4303.27976789727,3.9,3.8,VCT,North America,3,9.555097862,99.0
Saint Vincent and the Grenadines,2003,0,71.0,5.1,95.0,42.9,99.0,99.0,0.4,4499.61454193342,3.8,3.8,VCT,North America,3,9.6354792,94.0
Saint Vincent and the Grenadines,2004,0,71.2,5.42,99.0,43.8,99.0,99.0,0.4,4873.48947742443,3.8,3.7,VCT,North America,3,9.716536739,99.0
Saint Vincent and the Grenadines,2005,0,71.4,6.04,99.0,44.7,93.0,99.0,0.2,5157.39373878102,3.7,3.7,VCT,North America,3,9.798276166,97.0
Saint Vincent and the Grenadines,2006,0,71.7,5.93,99.0,45.7,99.0,99.0,0.3,5744.8278621257,3.7,3.6,VCT,North America,3,9.880703218,99.0
Saint Vincent and the Grenadines,2007,0,71.9,5.89,99.0,46.6,99.0,99.0,0.3,6398.19123532172,3.6,3.6,VCT,North America,3,9.96382368,99.0
Saint Vincent and the Grenadines,2008,0,72.1,6.92,99.0,47.5,99.0,99.0,0.3,6598.90531450859,3.6,3.6,VCT,North America,3,10.04764339,99.0
Saint Vincent and the Grenadines,2009,0,72.3,6.85,99.0,48.4,99.0,99.0,0.2,6463.78777336717,3.6,3.5,VCT,North America,3,10.13216822,99.0
Saint Vincent and the Grenadines,2010,0,72.5,7.0,99.0,49.3,99.0,99.0,0.1,6551.96835992405,3.5,3.5,VCT,North America,3,10.2174041,99.0
Saint Vincent and the Grenadines,2011,0,72.7,7.02,96.0,5.3,96.0,96.0,0.1,6527.68996854448,3.5,3.5,VCT,North America,3,10.30335703,97.0
Saint Vincent and the Grenadines,2012,0,72.8,6.93,96.0,51.2,96.0,96.0,0.1,6713.80768643865,3.5,3.5,VCT,North America,3,10.39003302,94.0
Saint Vincent and the Grenadines,2013,0,72.7,7.07,97.0,52.2,97.0,97.0,0.1,7072.46737188939,3.5,3.4,VCT,North America,3,10.47743817,99.0
Saint Vincent and the Grenadines,2014,0,73.1,7.01,98.0,53.1,97.0,98.0,0.1,7168.82875342911,3.5,3.4,VCT,North America,3,10.56557861,99.0
Saint Vincent and the Grenadines,2015,0,73.2,7.25,98.0,54.1,97.0,98.0,0.1,7353.73556054184,3.5,3.4,VCT,North America,3,10.65371905,99.0
Venezuela (Bolivarian Republic of),2000,0,72.5,8.01,89.0,53.4,86.0,77.0,0.1,4776.2816763938,1.8,1.7,VEN,Others,5,7.821817918,84.0
Venezuela (Bolivarian Republic of),2001,0,72.5,8.05,53.0,54.1,87.0,91.0,0.1,4920.39313600453,1.8,1.7,VEN,Others,5,8.069999695,98.0
Venezuela (Bolivarian Republic of),2002,0,73.1,6.89,89.0,54.7,81.0,65.0,0.1,3652.09896501865,1.7,1.7,VEN,Others,5,7.957999802,83.0
Venezuela (Bolivarian Republic of),2003,0,72.4,6.3,72.0,55.3,86.0,68.0,0.1,3229.50557082079,1.7,1.6,VEN,Others,5,7.845999908,83.0
Venezuela (Bolivarian Republic of),2004,0,73.3,7.55,82.0,55.9,83.0,86.0,0.1,4269.08970872392,1.7,1.6,VEN,Others,5,7.734000015,80.0
Venezuela (Bolivarian Republic of),2005,0,73.6,7.92,89.0,56.5,89.5,87.0,0.1,5432.4854184654,1.7,1.6,VEN,Others,5,7.622000122,76.0
Venezuela (Bolivarian Republic of),2006,0,73.6,8.27,71.0,57.1,73.0,71.0,0.1,6739.38065342218,1.6,1.6,VEN,Others,5,7.510000229,82.0
Venezuela (Bolivarian Republic of),2007,0,73.4,8.7,62.0,57.6,67.0,62.0,0.1,8331.62096991844,1.6,1.5,VEN,Others,5,7.989999771,87.0
Venezuela (Bolivarian Republic of),2008,0,73.2,8.18,53.0,58.2,76.0,91.0,0.1,11262.4514256759,1.6,1.5,VEN,Others,5,8.140000343,93.0
Venezuela (Bolivarian Republic of),2009,0,73.6,7.59,84.0,58.8,75.0,84.0,0.1,11596.6021921731,1.6,1.5,VEN,Others,5,8.25,87.0
Venezuela (Bolivarian Republic of),2010,0,73.7,7.22,78.0,59.3,74.0,78.0,0.1,13646.3046622664,1.6,1.5,VEN,Others,5,8.684999943,79.0
Venezuela (Bolivarian Republic of),2011,0,73.8,6.74,78.0,59.9,78.0,78.0,0.1,10843.9229703167,1.6,1.5,VEN,Others,5,9.119999886,86.0
Venezuela (Bolivarian Republic of),2012,0,73.7,6.7,81.0,6.4,73.0,81.0,0.1,12607.2361246243,1.6,1.5,VEN,Others,5,9.25,87.0
Venezuela (Bolivarian Republic of),2013,0,73.8,6.71,82.0,61.0,82.0,82.0,0.1,8656.35669723668,1.6,1.5,VEN,Others,5,9.380000114,85.0
Venezuela (Bolivarian Republic of),2014,0,73.9,6.47,78.0,61.5,79.0,78.0,0.1,7096.22047105512,1.6,1.5,VEN,Others,5,9.510000229,89.0
Venezuela (Bolivarian Republic of),2015,0,74.1,6.14,87.0,62.1,87.0,87.0,0.1,4103.1384987005,1.6,1.5,VEN,Others,5,9.640000343,92.0
Viet Nam,2000,0,73.4,1.6,95.0,9.2,96.0,96.0,0.1,404.029784055118,15.8,16.4,VNM,Asia,1,5.63835538,97.0
Viet Nam,2001,0,73.6,1.84,95.0,9.6,96.0,96.0,0.1,419.205677580901,15.7,16.4,VNM,Asia,1,5.850573922,98.0
Viet Nam,2002,0,73.8,2.03,95.0,1.0,92.0,75.0,0.2,445.132861817313,15.6,16.3,VNM,Asia,1,6.062792464,96.0
Viet Nam,2003,0,74.0,2.19,78.0,1.4,96.0,99.0,0.2,497.117089249256,15.6,16.2,VNM,Asia,1,6.275011006,93.0
Viet Nam,2004,0,74.2,2.86,94.0,1.9,96.0,96.0,0.2,565.452284586212,15.4,16.1,VNM,Asia,1,6.487229548,97.0
Viet Nam,2005,0,74.4,2.7,94.0,11.3,94.0,95.0,0.2,710.746759994861,15.3,16.0,VNM,Asia,1,6.69944809,95.0
Viet Nam,2006,0,74.6,2.56,93.0,11.8,94.0,94.0,0.2,807.756645117054,15.1,15.9,VNM,Asia,1,6.909586058,93.0
Viet Nam,2007,0,74.7,3.01,67.0,12.3,92.0,92.0,0.2,925.640338348717,14.9,15.8,VNM,Asia,1,7.119724026,83.0
Viet Nam,2008,0,74.9,3.58,87.0,12.9,93.0,93.0,0.2,1163.83195772873,14.7,15.7,VNM,Asia,1,7.329861994,92.0
Viet Nam,2009,0,75.0,3.86,94.0,13.4,97.0,96.0,0.1,1226.16976051536,14.6,15.5,VNM,Asia,1,7.539999962,97.0
Viet Nam,2010,0,75.2,3.93,88.0,14.0,94.0,93.0,0.1,1683.16182443979,14.5,15.4,VNM,Asia,1,7.629999924,98.0
Viet Nam,2011,0,75.4,3.94,95.0,14.7,96.0,95.0,0.1,1950.92504174913,14.4,15.2,VNM,Asia,1,7.719999886,96.0
Viet Nam,2012,0,75.6,4.12,97.0,15.3,97.0,97.0,0.1,2185.11767654291,14.4,15.0,VNM,Asia,1,7.809999847,96.0
Viet Nam,2013,0,75.7,4.0,59.0,16.0,93.0,59.0,0.1,2359.51736472828,14.3,14.9,VNM,Asia,1,7.899999809,98.0
Viet Nam,2014,0,75.9,4.09,95.0,16.7,96.0,95.0,0.1,2546.38464459903,14.3,14.7,VNM,Asia,1,7.989999771,97.0
Viet Nam,2015,0,76.0,3.03,97.0,17.5,97.0,97.0,0.1,2577.56885340113,14.2,14.5,VNM,Asia,1,8.079999733,97.0
Vanuatu,2005,0,69.9,0.88,61.0,44.9,67.0,68.0,0.1,1886.433359,1.6,1.5,VUT,Oceania,4,5.575515217,54.0
Vanuatu,2006,0,71.0,1.0,59.0,45.7,67.0,68.0,0.1,247.97823,1.6,1.5,VUT,Oceania,4,5.667716087,53.0
Vanuatu,2007,0,73.0,1.01,88.0,46.6,67.0,67.0,0.1,2393.367265,1.6,1.5,VUT,Oceania,4,5.76144166,56.0
Vanuatu,2008,0,75.0,1.18,61.0,47.4,66.0,67.0,0.1,2697.961375,1.5,1.5,VUT,Oceania,4,5.856717149,62.0
Vanuatu,2009,0,78.0,0.83,62.0,48.2,66.0,66.0,0.1,2643.441423,1.5,1.5,VUT,Oceania,4,5.953568184,65.0
Vanuatu,2010,0,71.0,0.91,62.0,49.1,66.0,65.0,0.1,2965.82434,1.5,1.4,VUT,Oceania,4,6.052020819,71.0
Vanuatu,2011,0,71.2,0.85,63.0,49.9,65.0,65.0,0.1,3275.91684,1.5,1.4,VUT,Oceania,4,6.152101541,75.0
Vanuatu,2012,0,71.4,0.01,64.0,5.8,65.0,64.0,0.1,3158.58688,1.5,1.4,VUT,Oceania,4,6.253837273,80.0
Vanuatu,2013,0,71.6,0.01,64.0,51.7,65.0,64.0,0.1,3167.34356,1.5,1.4,VUT,Oceania,4,6.357255382,84.0
Vanuatu,2014,0,71.7,0.01,64.0,52.5,65.0,64.0,0.1,3148.36513,1.5,1.4,VUT,Oceania,4,6.460673491,90.0
Vanuatu,2015,0,72.0,1.25,64.0,53.3,65.0,64.0,0.1,285.83414,1.5,1.4,VUT,Oceania,4,6.5640916,76.0
Samoa,2000,0,72.0,3.0,89.0,65.6,94.0,95.0,0.1,154.68923,0.2,0.2,WSM,Oceania,4,10.84554745,93.0
Samoa,2001,0,75.0,3.43,89.0,66.5,83.0,85.0,0.1,1555.47451,0.2,0.2,WSM,Oceania,4,10.92000008,92.0
Samoa,2002,0,76.0,3.3,86.0,67.4,85.0,86.0,0.1,1631.41727,0.2,0.2,WSM,Oceania,4,10.9960001,99.0
Samoa,2003,0,79.0,4.17,83.0,68.2,82.0,83.0,0.1,197.29417,0.2,0.2,WSM,Oceania,4,11.07200012,62.0
Samoa,2004,0,71.4,3.62,54.0,68.9,26.0,55.0,0.1,2351.33814,0.2,0.2,WSM,Oceania,4,11.14800014,25.0
Samoa,2005,0,71.6,3.63,41.0,69.7,55.0,49.0,0.1,2571.262348,0.2,0.2,WSM,Oceania,4,11.22400017,57.0
Samoa,2006,0,72.0,3.52,35.0,7.3,37.0,39.0,0.1,287.963899,0.2,0.2,WSM,Oceania,4,11.30000019,54.0
Samoa,2007,0,72.2,3.85,46.0,7.9,49.0,53.0,0.1,322.543121,0.2,0.2,WSM,Oceania,4,11.37600021,63.0
Samoa,2008,0,72.5,3.97,88.0,71.4,54.0,26.0,0.1,359.82223,0.2,0.2,WSM,Oceania,4,11.45200024,44.0
Samoa,2009,0,76.0,2.88,44.0,72.0,45.0,49.0,0.1,335.112838,0.2,0.2,WSM,Oceania,4,11.52800026,45.0
Samoa,2010,0,72.6,3.01,57.0,72.5,57.0,62.0,0.1,3453.487434,0.2,0.2,WSM,Oceania,4,11.60400028,56.0
Samoa,2011,0,73.0,2.15,88.0,72.9,88.0,65.0,0.1,3942.9827,0.2,0.1,WSM,Oceania,4,11.68000031,59.0
Samoa,2012,0,73.2,0.01,64.0,73.4,62.0,64.0,0.1,4234.554443,0.2,0.1,WSM,Oceania,4,11.64522529,76.0
Samoa,2013,0,73.6,0.01,88.0,73.8,62.0,67.0,0.1,4219.65123,0.2,0.1,WSM,Oceania,4,11.61045027,92.0
Samoa,2014,0,73.8,0.01,56.0,74.3,58.0,63.0,0.1,4178.973369,0.2,0.1,WSM,Oceania,4,11.57567525,85.0
Samoa,2015,0,74.0,2.3,59.0,74.7,61.0,66.0,0.1,4149.363444,0.2,0.1,WSM,Oceania,4,11.54090023,75.0
Yemen,2000,0,68.0,0.07,95.0,31.2,74.0,74.0,0.1,493.235182634814,14.1,14.1,YEM,Asia,1,1.337054027,70.0
Yemen,2001,0,61.1,0.08,95.0,31.7,73.0,73.0,0.1,487.141257946318,14.0,14.0,YEM,Asia,1,1.48412997,72.0
Yemen,2002,0,61.5,0.07,31.0,32.2,64.0,65.0,0.1,513.241486570603,14.0,14.0,YEM,Asia,1,1.631205913,62.0
Yemen,2003,0,61.9,0.04,38.0,32.7,61.0,61.0,0.1,548.905883049973,14.0,13.9,YEM,Asia,1,1.778281856,64.0
Yemen,2004,0,62.2,0.06,43.0,33.3,72.0,72.0,0.1,627.632023395762,13.9,13.9,YEM,Asia,1,1.925357798,74.0
Yemen,2005,0,62.6,0.04,95.0,33.9,95.0,79.0,0.1,734.159908450927,13.9,13.8,YEM,Asia,1,2.072433741,73.0
Yemen,2006,0,63.0,0.04,78.0,34.5,78.0,78.0,0.1,809.713127624703,13.9,13.8,YEM,Asia,1,2.237337071,65.0
Yemen,2007,0,63.4,0.05,79.0,35.1,79.0,79.0,0.1,890.305768114988,13.8,13.8,YEM,Asia,1,2.402240401,71.0
Yemen,2008,0,63.8,0.04,78.0,35.7,78.0,78.0,0.1,1071.63583282105,13.8,13.7,YEM,Asia,1,2.567143731,69.0
Yemen,2009,0,64.1,0.03,76.0,36.4,76.0,76.0,0.1,969.243509864478,13.8,13.7,YEM,Asia,1,2.732047061,65.0
Yemen,2010,0,64.4,0.06,76.0,37.2,77.0,76.0,0.1,1155.20305261418,13.7,13.7,YEM,Asia,1,2.896950391,68.0
Yemen,2011,0,64.6,0.04,69.0,37.9,69.0,69.0,0.1,1186.47500581215,13.7,13.6,YEM,Asia,1,3.119792729,66.0
Yemen,2012,0,64.7,0.04,67.0,38.7,68.0,67.0,0.1,1245.05068272078,13.7,13.6,YEM,Asia,1,3.342635067,63.0
Yemen,2013,0,65.4,0.04,73.0,39.6,67.0,73.0,0.1,1378.75002954928,13.7,13.5,YEM,Asia,1,3.565477405,68.0
Yemen,2014,0,65.4,0.01,73.0,4.4,67.0,73.0,0.1,1430.16420964026,13.7,13.5,YEM,Asia,1,3.788319742,64.0
Yemen,2015,0,65.7,0.0,69.0,41.3,63.0,69.0,0.1,1362.1738120601,13.6,13.4,YEM,Asia,1,4.01116208,61.0
South Africa,2000,0,57.3,7.3,73.0,4.1,71.0,73.0,21.3,337.2253,16.3,19.1,ZAF,Africa,0,7.463539778,72.0
South Africa,2001,0,56.0,7.38,72.0,4.9,71.0,71.0,24.0,2681.781,15.4,18.1,ZAF,Africa,0,7.670000076,69.0
South Africa,2002,0,54.9,7.04,87.0,41.6,82.0,83.0,26.6,2518.398261,14.5,17.1,ZAF,Africa,0,8.520000458,65.0
South Africa,2003,0,54.0,6.93,87.0,42.2,82.0,69.0,28.9,3775.68275,13.5,16.1,ZAF,Africa,0,8.760000229,62.0
South Africa,2004,0,53.7,6.96,76.0,42.9,73.0,74.0,29.7,4863.51688,12.6,15.0,ZAF,Africa,0,8.819999695,63.0
South Africa,2005,0,53.8,8.69,79.0,43.6,75.0,79.0,29.5,5414.634326,11.6,13.9,ZAF,Africa,0,8.899999619,64.0
South Africa,2006,0,54.0,8.5,83.0,44.3,79.0,82.0,28.1,5631.73485,1.6,12.8,ZAF,Africa,0,8.949999809,69.0
South Africa,2007,0,54.5,8.48,83.0,45.0,79.0,82.0,26.4,6125.39984,9.7,11.7,ZAF,Africa,0,9.079999924,68.0
South Africa,2008,0,55.3,8.19,76.0,45.7,77.0,79.0,23.5,5786.59972,8.9,1.7,ZAF,Africa,0,9.220000267,73.0
South Africa,2009,0,56.5,7.6,74.0,46.4,75.0,76.0,19.0,5888.6284,8.1,9.8,ZAF,Africa,0,9.600000381,77.0
South Africa,2010,0,58.0,7.28,71.0,47.2,72.0,72.0,11.0,7362.76139,7.3,8.9,ZAF,Africa,0,9.670000076,72.0
South Africa,2011,0,58.9,7.38,76.0,47.9,69.0,69.0,8.5,849.954224,6.6,8.0,ZAF,Africa,0,9.68999958,77.0
South Africa,2012,0,59.2,7.38,68.0,48.7,65.0,65.0,7.6,7548.163698,6.0,7.3,ZAF,Africa,0,9.930000305,79.0
South Africa,2013,0,69.0,7.34,87.0,49.5,73.0,73.0,4.5,6876.953821,5.4,6.5,ZAF,Africa,0,10.03999996,78.0
South Africa,2014,0,62.0,7.38,87.0,5.3,77.0,77.0,3.7,6479.625659,4.9,5.9,ZAF,Africa,0,10.14999962,84.0
South Africa,2015,0,62.9,7.15,75.0,51.1,75.0,75.0,3.6,5769.77258,4.4,5.3,ZAF,Africa,0,10.22999954,86.0
Zambia,2000,0,43.8,2.62,87.0,16.8,85.0,85.0,18.7,341.955625,7.5,7.5,ZMB,Africa,0,5.390482085,85.0
Zambia,2001,0,44.6,2.61,87.0,17.1,86.0,85.0,18.6,378.2736238,7.4,7.4,ZMB,Africa,0,5.481530292,84.0
Zambia,2002,0,45.5,2.44,87.0,17.3,85.0,84.0,18.4,377.135244,7.4,7.3,ZMB,Africa,0,5.572578498,84.0
Zambia,2003,0,46.4,2.33,87.0,17.6,85.0,83.0,18.2,429.1583434,7.3,7.2,ZMB,Africa,0,5.663626705,84.0
Zambia,2004,0,47.9,2.46,87.0,18.0,84.0,83.0,17.6,53.2772217,7.2,7.1,ZMB,Africa,0,5.754674911,85.0
Zambia,2005,0,49.3,2.33,82.0,18.4,84.0,82.0,17.0,691.3178164,7.1,7.0,ZMB,Africa,0,5.845723118,85.0
Zambia,2006,0,58.0,2.25,81.0,18.8,83.0,81.0,15.9,13.154199,7.0,6.9,ZMB,Africa,0,5.936771325,85.0
Zambia,2007,0,52.6,2.08,87.0,19.2,77.0,83.0,13.6,114.587985,6.9,6.8,ZMB,Africa,0,6.027819531,93.0
Zambia,2008,0,55.7,2.12,87.0,19.7,82.0,87.0,11.9,1369.68249,6.8,6.7,ZMB,Africa,0,6.118867738,87.0
Zambia,2009,0,57.4,2.3,94.0,2.2,93.0,94.0,9.1,1139.11233,6.7,6.6,ZMB,Africa,0,6.209915945,90.0
Zambia,2010,0,58.0,2.47,87.0,2.7,82.0,83.0,6.8,1463.213573,6.7,6.5,ZMB,Africa,0,6.300964151,96.0
Zambia,2011,0,58.2,2.57,81.0,21.2,83.0,81.0,6.3,1644.619672,6.6,6.4,ZMB,Africa,0,6.392012358,83.0
Zambia,2012,0,59.2,2.59,87.0,21.7,82.0,78.0,5.6,1734.93612,6.5,6.3,ZMB,Africa,0,6.483060564,82.0
Zambia,2013,0,63.0,2.41,79.0,22.3,74.0,79.0,4.8,185.793359,6.4,6.2,ZMB,Africa,0,6.574108771,80.0
Zambia,2014,0,61.1,0.01,86.0,22.8,78.0,86.0,4.3,1738.8822,6.3,6.2,ZMB,Africa,0,6.665156978,85.0
Zambia,2015,0,61.8,3.01,87.0,23.4,82.0,83.0,4.1,1313.889646,6.3,6.1,ZMB,Africa,0,6.756205184,90.0
Zimbabwe,2000,0,46.0,1.68,79.0,25.5,78.0,78.0,43.5,547.3588785,11.0,11.2,ZWE,Africa,0,6.543999958,75.0
Zimbabwe,2001,0,45.3,1.72,76.0,25.9,76.0,75.0,42.1,548.587312,1.6,1.7,ZWE,Africa,0,6.696999931,73.0
Zimbabwe,2002,0,44.8,4.43,73.0,26.3,73.0,71.0,39.8,57.34834,1.2,1.3,ZWE,Africa,0,6.849999905,70.0
Zimbabwe,2003,0,44.5,4.06,87.0,26.7,82.0,68.0,36.7,453.3511552,9.8,9.9,ZWE,Africa,0,6.951999903,68.0
Zimbabwe,2004,0,44.3,4.36,68.0,27.1,67.0,65.0,33.6,454.366654,9.4,9.4,ZWE,Africa,0,7.053999901,66.0
Zimbabwe,2005,0,44.6,4.14,65.0,27.5,69.0,68.0,30.3,444.76575,9.0,9.0,ZWE,Africa,0,7.155999899,67.0
Zimbabwe,2006,0,45.4,4.57,68.0,27.9,71.0,83.0,26.8,414.796232,8.6,8.6,ZWE,Africa,0,7.257999897,68.0
Zimbabwe,2007,0,46.6,3.88,72.0,28.2,73.0,73.0,23.7,396.9982166,8.2,8.2,ZWE,Africa,0,7.359999895,69.0
Zimbabwe,2008,0,48.2,3.56,75.0,28.6,75.0,75.0,20.5,325.678573,7.8,7.8,ZWE,Africa,0,7.461999893,70.0
Zimbabwe,2009,0,50.0,4.64,73.0,29.0,69.0,73.0,18.1,65.824121,7.5,7.4,ZWE,Africa,0,7.563999891,76.0
Zimbabwe,2010,0,52.4,5.21,87.0,29.4,89.0,89.0,15.7,713.63562,7.1,7.0,ZWE,Africa,0,7.665999889,90.0
Zimbabwe,2011,0,54.9,6.0,94.0,29.9,93.0,93.0,13.3,839.927936,6.8,6.7,ZWE,Africa,0,7.767999887,92.0
Zimbabwe,2012,0,56.6,6.09,97.0,3.3,95.0,95.0,8.8,955.648466,6.5,6.4,ZWE,Africa,0,7.869999886,97.0
Zimbabwe,2013,0,58.0,6.39,95.0,3.8,95.0,95.0,6.8,111.227396,6.2,6.0,ZWE,Africa,0,7.989999771,93.0
Zimbabwe,2014,0,59.2,6.5,91.0,31.3,92.0,91.0,6.3,127.47462,5.9,5.7,ZWE,Africa,0,8.109999657,92.0
Zimbabwe,2015,0,67.0,5.17,87.0,31.8,88.0,87.0,6.2,118.69383,5.6,5.5,ZWE,Africa,0,8.38904953,86.0
